date,commit,cpu,class,parameters,method,ratio
2026-08-19,2575ca720e04f12ed02151cbec70e0afe07550f6,AMD EPYC 7763,BatchEmbeddingBenchmarks,CorpusSize=1,UnitLoop,1.0
2026-08-19,2575ca720e04f12ed02151cbec70e0afe07550f6,AMD EPYC 7763,BatchEmbeddingBenchmarks,CorpusSize=1,EmbedBatch,1.03
2026-08-19,2575ca720e04f12ed02151cbec70e0afe07550f6,AMD EPYC 7763,BatchEmbeddingBenchmarks,CorpusSize=1,EmbedBatchBucketed,1.03
2026-08-19,2575ca720e04f12ed02151cbec70e0afe07550f6,AMD EPYC 7763,BatchEmbeddingBenchmarks,CorpusSize=8,UnitLoop,1.0
2026-08-19,2575ca720e04f12ed02151cbec70e0afe07550f6,AMD EPYC 7763,BatchEmbeddingBenchmarks,CorpusSize=8,EmbedBatch,0.67
2026-08-19,2575ca720e04f12ed02151cbec70e0afe07550f6,AMD EPYC 7763,BatchEmbeddingBenchmarks,CorpusSize=8,EmbedBatchBucketed,0.69
2026-08-19,2575ca720e04f12ed02151cbec70e0afe07550f6,AMD EPYC 7763,BatchEmbeddingBenchmarks,CorpusSize=32,UnitLoop,1.0
2026-08-19,2575ca720e04f12ed02151cbec70e0afe07550f6,AMD EPYC 7763,BatchEmbeddingBenchmarks,CorpusSize=32,EmbedBatch,0.64
2026-08-19,2575ca720e04f12ed02151cbec70e0afe07550f6,AMD EPYC 7763,BatchEmbeddingBenchmarks,CorpusSize=32,EmbedBatchBucketed,0.61
2026-08-19,2575ca720e04f12ed02151cbec70e0afe07550f6,AMD EPYC 7763,BatchEmbeddingBenchmarks,CorpusSize=128,UnitLoop,1.0
2026-08-19,2575ca720e04f12ed02151cbec70e0afe07550f6,AMD EPYC 7763,BatchEmbeddingBenchmarks,CorpusSize=128,EmbedBatch,0.64
2026-08-19,2575ca720e04f12ed02151cbec70e0afe07550f6,AMD EPYC 7763,BatchEmbeddingBenchmarks,CorpusSize=128,EmbedBatchBucketed,0.61
2026-08-19,2575ca720e04f12ed02151cbec70e0afe07550f6,AMD EPYC 7763,BpeBenchmarks,,Unigram,1.0
2026-08-19,2575ca720e04f12ed02151cbec70e0afe07550f6,AMD EPYC 7763,BpeBenchmarks,,Bpe,0.93
2026-08-19,2575ca720e04f12ed02151cbec70e0afe07550f6,AMD EPYC 7763,FuzzBenchmarks,,Ratio,1.0
2026-08-19,2575ca720e04f12ed02151cbec70e0afe07550f6,AMD EPYC 7763,FuzzBenchmarks,,PartialRatio,373.89
2026-08-19,2575ca720e04f12ed02151cbec70e0afe07550f6,AMD EPYC 7763,FuzzBenchmarks,,TokenSortRatio,8.31
2026-08-19,2575ca720e04f12ed02151cbec70e0afe07550f6,AMD EPYC 7763,FuzzBenchmarks,,TokenSetRatio,26.91
2026-08-19,2575ca720e04f12ed02151cbec70e0afe07550f6,AMD EPYC 7763,FuzzBenchmarks,,WRatio,36.25
2026-08-19,2575ca720e04f12ed02151cbec70e0afe07550f6,AMD EPYC 7763,IndelBenchmarks,Length=8,Distance_Utf16,1.0
2026-08-19,2575ca720e04f12ed02151cbec70e0afe07550f6,AMD EPYC 7763,IndelBenchmarks,Length=8,Distance_CodePoint,4.97
2026-08-19,2575ca720e04f12ed02151cbec70e0afe07550f6,AMD EPYC 7763,IndelBenchmarks,Length=8,NormalizedSimilarity_Utf16,1.05
2026-08-19,2575ca720e04f12ed02151cbec70e0afe07550f6,AMD EPYC 7763,IndelBenchmarks,Length=8,SubsequenceLength_Utf16,1.02
2026-08-19,2575ca720e04f12ed02151cbec70e0afe07550f6,AMD EPYC 7763,IndelBenchmarks,Length=12,Distance_Utf16,1.0
2026-08-19,2575ca720e04f12ed02151cbec70e0afe07550f6,AMD EPYC 7763,IndelBenchmarks,Length=12,Distance_CodePoint,5.17
2026-08-19,2575ca720e04f12ed02151cbec70e0afe07550f6,AMD EPYC 7763,IndelBenchmarks,Length=12,NormalizedSimilarity_Utf16,1.0
2026-08-19,2575ca720e04f12ed02151cbec70e0afe07550f6,AMD EPYC 7763,IndelBenchmarks,Length=12,SubsequenceLength_Utf16,0.98
2026-08-19,2575ca720e04f12ed02151cbec70e0afe07550f6,AMD EPYC 7763,IndelBenchmarks,Length=16,Distance_Utf16,1.0
2026-08-19,2575ca720e04f12ed02151cbec70e0afe07550f6,AMD EPYC 7763,IndelBenchmarks,Length=16,Distance_CodePoint,5.4
2026-08-19,2575ca720e04f12ed02151cbec70e0afe07550f6,AMD EPYC 7763,IndelBenchmarks,Length=16,NormalizedSimilarity_Utf16,1.04
2026-08-19,2575ca720e04f12ed02151cbec70e0afe07550f6,AMD EPYC 7763,IndelBenchmarks,Length=16,SubsequenceLength_Utf16,1.02
2026-08-19,2575ca720e04f12ed02151cbec70e0afe07550f6,AMD EPYC 7763,IndelBenchmarks,Length=20,Distance_Utf16,1.0
2026-08-19,2575ca720e04f12ed02151cbec70e0afe07550f6,AMD EPYC 7763,IndelBenchmarks,Length=20,Distance_CodePoint,2.2
2026-08-19,2575ca720e04f12ed02151cbec70e0afe07550f6,AMD EPYC 7763,IndelBenchmarks,Length=20,NormalizedSimilarity_Utf16,1.0
2026-08-19,2575ca720e04f12ed02151cbec70e0afe07550f6,AMD EPYC 7763,IndelBenchmarks,Length=20,SubsequenceLength_Utf16,1.07
2026-08-19,2575ca720e04f12ed02151cbec70e0afe07550f6,AMD EPYC 7763,IndelBenchmarks,Length=24,Distance_Utf16,1.0
2026-08-19,2575ca720e04f12ed02151cbec70e0afe07550f6,AMD EPYC 7763,IndelBenchmarks,Length=24,Distance_CodePoint,7.1
2026-08-19,2575ca720e04f12ed02151cbec70e0afe07550f6,AMD EPYC 7763,IndelBenchmarks,Length=24,NormalizedSimilarity_Utf16,1.08
2026-08-19,2575ca720e04f12ed02151cbec70e0afe07550f6,AMD EPYC 7763,IndelBenchmarks,Length=24,SubsequenceLength_Utf16,1.0
2026-08-19,2575ca720e04f12ed02151cbec70e0afe07550f6,AMD EPYC 7763,IndelBenchmarks,Length=32,Distance_Utf16,1.0
2026-08-19,2575ca720e04f12ed02151cbec70e0afe07550f6,AMD EPYC 7763,IndelBenchmarks,Length=32,Distance_CodePoint,9.2
2026-08-19,2575ca720e04f12ed02151cbec70e0afe07550f6,AMD EPYC 7763,IndelBenchmarks,Length=32,NormalizedSimilarity_Utf16,0.98
2026-08-19,2575ca720e04f12ed02151cbec70e0afe07550f6,AMD EPYC 7763,IndelBenchmarks,Length=32,SubsequenceLength_Utf16,0.99
2026-08-19,2575ca720e04f12ed02151cbec70e0afe07550f6,AMD EPYC 7763,IndelBenchmarks,Length=128,Distance_Utf16,1.0
2026-08-19,2575ca720e04f12ed02151cbec70e0afe07550f6,AMD EPYC 7763,IndelBenchmarks,Length=128,Distance_CodePoint,16.11
2026-08-19,2575ca720e04f12ed02151cbec70e0afe07550f6,AMD EPYC 7763,IndelBenchmarks,Length=128,NormalizedSimilarity_Utf16,1.06
2026-08-19,2575ca720e04f12ed02151cbec70e0afe07550f6,AMD EPYC 7763,IndelBenchmarks,Length=128,SubsequenceLength_Utf16,1.04
2026-08-19,2575ca720e04f12ed02151cbec70e0afe07550f6,AMD EPYC 7763,IndelBenchmarks,Length=512,Distance_Utf16,1.0
2026-08-19,2575ca720e04f12ed02151cbec70e0afe07550f6,AMD EPYC 7763,IndelBenchmarks,Length=512,Distance_CodePoint,28.58
2026-08-19,2575ca720e04f12ed02151cbec70e0afe07550f6,AMD EPYC 7763,IndelBenchmarks,Length=512,NormalizedSimilarity_Utf16,1.0
2026-08-19,2575ca720e04f12ed02151cbec70e0afe07550f6,AMD EPYC 7763,IndelBenchmarks,Length=512,SubsequenceLength_Utf16,0.97
2026-08-19,2575ca720e04f12ed02151cbec70e0afe07550f6,AMD EPYC 7763,LcsGateBenchmarks,Band=8,Dp,1.0
2026-08-19,2575ca720e04f12ed02151cbec70e0afe07550f6,AMD EPYC 7763,LcsGateBenchmarks,Band=8,Kernel,0.99
2026-08-19,2575ca720e04f12ed02151cbec70e0afe07550f6,AMD EPYC 7763,LcsGateBenchmarks,Band=12,Dp,1.0
2026-08-19,2575ca720e04f12ed02151cbec70e0afe07550f6,AMD EPYC 7763,LcsGateBenchmarks,Band=12,Kernel,1.04
2026-08-19,2575ca720e04f12ed02151cbec70e0afe07550f6,AMD EPYC 7763,LcsGateBenchmarks,Band=14,Dp,1.0
2026-08-19,2575ca720e04f12ed02151cbec70e0afe07550f6,AMD EPYC 7763,LcsGateBenchmarks,Band=14,Kernel,1.0
2026-08-19,2575ca720e04f12ed02151cbec70e0afe07550f6,AMD EPYC 7763,LcsGateBenchmarks,Band=16,Dp,1.0
2026-08-19,2575ca720e04f12ed02151cbec70e0afe07550f6,AMD EPYC 7763,LcsGateBenchmarks,Band=16,Kernel,0.33
2026-08-19,2575ca720e04f12ed02151cbec70e0afe07550f6,AMD EPYC 7763,LcsGateBenchmarks,Band=18,Dp,1.0
2026-08-19,2575ca720e04f12ed02151cbec70e0afe07550f6,AMD EPYC 7763,LcsGateBenchmarks,Band=18,Kernel,0.27
2026-08-19,2575ca720e04f12ed02151cbec70e0afe07550f6,AMD EPYC 7763,LcsGateBenchmarks,Band=20,Dp,1.0
2026-08-19,2575ca720e04f12ed02151cbec70e0afe07550f6,AMD EPYC 7763,LcsGateBenchmarks,Band=20,Kernel,0.16
2026-08-19,2575ca720e04f12ed02151cbec70e0afe07550f6,AMD EPYC 7763,LcsGateBenchmarks,Band=24,Dp,1.0
2026-08-19,2575ca720e04f12ed02151cbec70e0afe07550f6,AMD EPYC 7763,LcsGateBenchmarks,Band=24,Kernel,0.13
2026-08-19,2575ca720e04f12ed02151cbec70e0afe07550f6,AMD EPYC 7763,LcsGateBenchmarks,Band=32,Dp,1.0
2026-08-19,2575ca720e04f12ed02151cbec70e0afe07550f6,AMD EPYC 7763,LcsGateBenchmarks,Band=32,Kernel,0.08
2026-08-19,2575ca720e04f12ed02151cbec70e0afe07550f6,AMD EPYC 7763,LcsGateBenchmarks,Band=48,Dp,1.0
2026-08-19,2575ca720e04f12ed02151cbec70e0afe07550f6,AMD EPYC 7763,LcsGateBenchmarks,Band=48,Kernel,0.05
2026-08-19,2575ca720e04f12ed02151cbec70e0afe07550f6,AMD EPYC 7763,LcsGateBenchmarks,Band=64,Dp,1.0
2026-08-19,2575ca720e04f12ed02151cbec70e0afe07550f6,AMD EPYC 7763,LcsGateBenchmarks,Band=64,Kernel,0.04
2026-08-19,2575ca720e04f12ed02151cbec70e0afe07550f6,AMD EPYC 7763,LcsGateBenchmarks,Band=96,Dp,1.01
2026-08-19,2575ca720e04f12ed02151cbec70e0afe07550f6,AMD EPYC 7763,LcsGateBenchmarks,Band=96,Kernel,0.09
2026-08-19,2575ca720e04f12ed02151cbec70e0afe07550f6,AMD EPYC 7763,LevenshteinBenchmarks,Length=8,Distance_Utf16,1.0
2026-08-19,2575ca720e04f12ed02151cbec70e0afe07550f6,AMD EPYC 7763,LevenshteinBenchmarks,Length=8,Distance_CodePoint,4.5
2026-08-19,2575ca720e04f12ed02151cbec70e0afe07550f6,AMD EPYC 7763,LevenshteinBenchmarks,Length=8,NormalizedSimilarity_Utf16,0.95
2026-08-19,2575ca720e04f12ed02151cbec70e0afe07550f6,AMD EPYC 7763,LevenshteinBenchmarks,Length=64,Distance_Utf16,1.0
2026-08-19,2575ca720e04f12ed02151cbec70e0afe07550f6,AMD EPYC 7763,LevenshteinBenchmarks,Length=64,Distance_CodePoint,2.3
2026-08-19,2575ca720e04f12ed02151cbec70e0afe07550f6,AMD EPYC 7763,LevenshteinBenchmarks,Length=64,NormalizedSimilarity_Utf16,1.01
2026-08-19,2575ca720e04f12ed02151cbec70e0afe07550f6,AMD EPYC 7763,LevenshteinBenchmarks,Length=512,Distance_Utf16,1.0
2026-08-19,2575ca720e04f12ed02151cbec70e0afe07550f6,AMD EPYC 7763,LevenshteinBenchmarks,Length=512,Distance_CodePoint,1.17
2026-08-19,2575ca720e04f12ed02151cbec70e0afe07550f6,AMD EPYC 7763,LevenshteinBenchmarks,Length=512,NormalizedSimilarity_Utf16,0.97
2026-08-19,2575ca720e04f12ed02151cbec70e0afe07550f6,AMD EPYC 7763,LevenshteinCodePointBenchmarks,"Length=16, Distinct=32",Distance_CodePoint,1.0
2026-08-19,2575ca720e04f12ed02151cbec70e0afe07550f6,AMD EPYC 7763,LevenshteinCodePointBenchmarks,"Length=16, Distinct=32",Distance_Utf16,4.03
2026-08-19,2575ca720e04f12ed02151cbec70e0afe07550f6,AMD EPYC 7763,LevenshteinCodePointBenchmarks,"Length=16, Distinct=512",Distance_CodePoint,1.0
2026-08-19,2575ca720e04f12ed02151cbec70e0afe07550f6,AMD EPYC 7763,LevenshteinCodePointBenchmarks,"Length=16, Distinct=512",Distance_Utf16,4.05
2026-08-19,2575ca720e04f12ed02151cbec70e0afe07550f6,AMD EPYC 7763,LevenshteinCodePointBenchmarks,"Length=24, Distinct=32",Distance_CodePoint,1.0
2026-08-19,2575ca720e04f12ed02151cbec70e0afe07550f6,AMD EPYC 7763,LevenshteinCodePointBenchmarks,"Length=24, Distinct=32",Distance_Utf16,7.48
2026-08-19,2575ca720e04f12ed02151cbec70e0afe07550f6,AMD EPYC 7763,LevenshteinCodePointBenchmarks,"Length=24, Distinct=512",Distance_CodePoint,1.0
2026-08-19,2575ca720e04f12ed02151cbec70e0afe07550f6,AMD EPYC 7763,LevenshteinCodePointBenchmarks,"Length=24, Distinct=512",Distance_Utf16,7.97
2026-08-19,2575ca720e04f12ed02151cbec70e0afe07550f6,AMD EPYC 7763,LevenshteinCodePointBenchmarks,"Length=32, Distinct=32",Distance_CodePoint,1.0
2026-08-19,2575ca720e04f12ed02151cbec70e0afe07550f6,AMD EPYC 7763,LevenshteinCodePointBenchmarks,"Length=32, Distinct=32",Distance_Utf16,12.1
2026-08-19,2575ca720e04f12ed02151cbec70e0afe07550f6,AMD EPYC 7763,LevenshteinCodePointBenchmarks,"Length=32, Distinct=512",Distance_CodePoint,1.0
2026-08-19,2575ca720e04f12ed02151cbec70e0afe07550f6,AMD EPYC 7763,LevenshteinCodePointBenchmarks,"Length=32, Distinct=512",Distance_Utf16,11.96
2026-08-19,2575ca720e04f12ed02151cbec70e0afe07550f6,AMD EPYC 7763,LevenshteinCodePointBenchmarks,"Length=40, Distinct=32",Distance_CodePoint,1.0
2026-08-19,2575ca720e04f12ed02151cbec70e0afe07550f6,AMD EPYC 7763,LevenshteinCodePointBenchmarks,"Length=40, Distinct=32",Distance_Utf16,15.65
2026-08-19,2575ca720e04f12ed02151cbec70e0afe07550f6,AMD EPYC 7763,LevenshteinCodePointBenchmarks,"Length=40, Distinct=512",Distance_CodePoint,1.0
2026-08-19,2575ca720e04f12ed02151cbec70e0afe07550f6,AMD EPYC 7763,LevenshteinCodePointBenchmarks,"Length=40, Distinct=512",Distance_Utf16,16.63
2026-08-19,2575ca720e04f12ed02151cbec70e0afe07550f6,AMD EPYC 7763,LevenshteinCodePointBenchmarks,"Length=128, Distinct=32",Distance_CodePoint,1.0
2026-08-19,2575ca720e04f12ed02151cbec70e0afe07550f6,AMD EPYC 7763,LevenshteinCodePointBenchmarks,"Length=128, Distinct=32",Distance_Utf16,60.23
2026-08-19,2575ca720e04f12ed02151cbec70e0afe07550f6,AMD EPYC 7763,LevenshteinCodePointBenchmarks,"Length=128, Distinct=512",Distance_CodePoint,1.0
2026-08-19,2575ca720e04f12ed02151cbec70e0afe07550f6,AMD EPYC 7763,LevenshteinCodePointBenchmarks,"Length=128, Distinct=512",Distance_Utf16,45.73
2026-08-19,2575ca720e04f12ed02151cbec70e0afe07550f6,AMD EPYC 7763,LevenshteinCodePointBenchmarks,"Length=512, Distinct=32",Distance_CodePoint,1.0
2026-08-19,2575ca720e04f12ed02151cbec70e0afe07550f6,AMD EPYC 7763,LevenshteinCodePointBenchmarks,"Length=512, Distinct=32",Distance_Utf16,130.37
2026-08-19,2575ca720e04f12ed02151cbec70e0afe07550f6,AMD EPYC 7763,LevenshteinCodePointBenchmarks,"Length=512, Distinct=512",Distance_CodePoint,1.0
2026-08-19,2575ca720e04f12ed02151cbec70e0afe07550f6,AMD EPYC 7763,LevenshteinCodePointBenchmarks,"Length=512, Distinct=512",Distance_Utf16,4.05
2026-08-19,2575ca720e04f12ed02151cbec70e0afe07550f6,AMD EPYC 7763,StopWordBenchmarks,Documents=200,Count,1.0
2026-08-19,2575ca720e04f12ed02151cbec70e0afe07550f6,AMD EPYC 7763,StopWordBenchmarks,Documents=200,CountWithStopWords,0.83
2026-08-19,2575ca720e04f12ed02151cbec70e0afe07550f6,AMD EPYC 7763,StopWordBenchmarks,Documents=200,Hashing,1.0
2026-08-19,2575ca720e04f12ed02151cbec70e0afe07550f6,AMD EPYC 7763,StopWordBenchmarks,Documents=200,HashingWithStopWords,0.88
2026-08-19,2575ca720e04f12ed02151cbec70e0afe07550f6,AMD EPYC 7763,StopWordBenchmarks,Documents=1000,Count,1.0
2026-08-19,2575ca720e04f12ed02151cbec70e0afe07550f6,AMD EPYC 7763,StopWordBenchmarks,Documents=1000,CountWithStopWords,0.78
2026-08-19,2575ca720e04f12ed02151cbec70e0afe07550f6,AMD EPYC 7763,StopWordBenchmarks,Documents=1000,Hashing,0.94
2026-08-19,2575ca720e04f12ed02151cbec70e0afe07550f6,AMD EPYC 7763,StopWordBenchmarks,Documents=1000,HashingWithStopWords,0.81
2026-08-19,2575ca720e04f12ed02151cbec70e0afe07550f6,AMD EPYC 7763,VectorMathBenchmarks,Dim=384,Dot,1.0
2026-08-19,2575ca720e04f12ed02151cbec70e0afe07550f6,AMD EPYC 7763,VectorMathBenchmarks,Dim=384,L2Norm,0.95
2026-08-19,2575ca720e04f12ed02151cbec70e0afe07550f6,AMD EPYC 7763,VectorMathBenchmarks,Dim=768,Dot,1.0
2026-08-19,2575ca720e04f12ed02151cbec70e0afe07550f6,AMD EPYC 7763,VectorMathBenchmarks,Dim=768,L2Norm,0.99
2026-08-19,2575ca720e04f12ed02151cbec70e0afe07550f6,AMD EPYC 7763,VectorMathBenchmarks,Dim=1024,Dot,1.0
2026-08-19,2575ca720e04f12ed02151cbec70e0afe07550f6,AMD EPYC 7763,VectorMathBenchmarks,Dim=1024,L2Norm,0.99
2026-08-19,2575ca720e04f12ed02151cbec70e0afe07550f6,AMD EPYC 7763,VectorizerBenchmarks,Documents=200,Count,1.0
2026-08-19,2575ca720e04f12ed02151cbec70e0afe07550f6,AMD EPYC 7763,VectorizerBenchmarks,Documents=200,Tfidf,1.01
2026-08-19,2575ca720e04f12ed02151cbec70e0afe07550f6,AMD EPYC 7763,VectorizerBenchmarks,Documents=200,CountBigrams,1.27
2026-08-19,2575ca720e04f12ed02151cbec70e0afe07550f6,AMD EPYC 7763,VectorizerBenchmarks,Documents=200,Hashing,0.97
2026-08-19,2575ca720e04f12ed02151cbec70e0afe07550f6,AMD EPYC 7763,VectorizerBenchmarks,Documents=1000,Count,1.0
2026-08-19,2575ca720e04f12ed02151cbec70e0afe07550f6,AMD EPYC 7763,VectorizerBenchmarks,Documents=1000,Tfidf,1.01
2026-08-19,2575ca720e04f12ed02151cbec70e0afe07550f6,AMD EPYC 7763,VectorizerBenchmarks,Documents=1000,CountBigrams,1.63
2026-08-19,2575ca720e04f12ed02151cbec70e0afe07550f6,AMD EPYC 7763,VectorizerBenchmarks,Documents=1000,Hashing,0.97
2026-08-19,dfa2b7885eed72b2bcb9c82bca1ef016cf4cc53d,Intel Xeon 6973P-C,BatchEmbeddingBenchmarks,CorpusSize=1,UnitLoop,1.0
2026-08-19,dfa2b7885eed72b2bcb9c82bca1ef016cf4cc53d,Intel Xeon 6973P-C,BatchEmbeddingBenchmarks,CorpusSize=1,EmbedBatch,0.97
2026-08-19,dfa2b7885eed72b2bcb9c82bca1ef016cf4cc53d,Intel Xeon 6973P-C,BatchEmbeddingBenchmarks,CorpusSize=1,EmbedBatchBucketed,0.99
2026-08-19,dfa2b7885eed72b2bcb9c82bca1ef016cf4cc53d,Intel Xeon 6973P-C,BatchEmbeddingBenchmarks,CorpusSize=8,UnitLoop,1.0
2026-08-19,dfa2b7885eed72b2bcb9c82bca1ef016cf4cc53d,Intel Xeon 6973P-C,BatchEmbeddingBenchmarks,CorpusSize=8,EmbedBatch,0.63
2026-08-19,dfa2b7885eed72b2bcb9c82bca1ef016cf4cc53d,Intel Xeon 6973P-C,BatchEmbeddingBenchmarks,CorpusSize=8,EmbedBatchBucketed,0.62
2026-08-19,dfa2b7885eed72b2bcb9c82bca1ef016cf4cc53d,Intel Xeon 6973P-C,BatchEmbeddingBenchmarks,CorpusSize=32,UnitLoop,1.0
2026-08-19,dfa2b7885eed72b2bcb9c82bca1ef016cf4cc53d,Intel Xeon 6973P-C,BatchEmbeddingBenchmarks,CorpusSize=32,EmbedBatch,0.6
2026-08-19,dfa2b7885eed72b2bcb9c82bca1ef016cf4cc53d,Intel Xeon 6973P-C,BatchEmbeddingBenchmarks,CorpusSize=32,EmbedBatchBucketed,0.59
2026-08-19,dfa2b7885eed72b2bcb9c82bca1ef016cf4cc53d,Intel Xeon 6973P-C,BatchEmbeddingBenchmarks,CorpusSize=128,UnitLoop,1.0
2026-08-19,dfa2b7885eed72b2bcb9c82bca1ef016cf4cc53d,Intel Xeon 6973P-C,BatchEmbeddingBenchmarks,CorpusSize=128,EmbedBatch,0.62
2026-08-19,dfa2b7885eed72b2bcb9c82bca1ef016cf4cc53d,Intel Xeon 6973P-C,BatchEmbeddingBenchmarks,CorpusSize=128,EmbedBatchBucketed,0.59
2026-08-19,dfa2b7885eed72b2bcb9c82bca1ef016cf4cc53d,Intel Xeon 6973P-C,BpeBenchmarks,,Unigram,1.0
2026-08-19,dfa2b7885eed72b2bcb9c82bca1ef016cf4cc53d,Intel Xeon 6973P-C,BpeBenchmarks,,Bpe,0.95
2026-08-19,dfa2b7885eed72b2bcb9c82bca1ef016cf4cc53d,Intel Xeon 6973P-C,FuzzBenchmarks,,Ratio,1.0
2026-08-19,dfa2b7885eed72b2bcb9c82bca1ef016cf4cc53d,Intel Xeon 6973P-C,FuzzBenchmarks,,PartialRatio,326.0
2026-08-19,dfa2b7885eed72b2bcb9c82bca1ef016cf4cc53d,Intel Xeon 6973P-C,FuzzBenchmarks,,TokenSortRatio,8.49
2026-08-19,dfa2b7885eed72b2bcb9c82bca1ef016cf4cc53d,Intel Xeon 6973P-C,FuzzBenchmarks,,TokenSetRatio,30.91
2026-08-19,dfa2b7885eed72b2bcb9c82bca1ef016cf4cc53d,Intel Xeon 6973P-C,FuzzBenchmarks,,WRatio,38.25
2026-08-19,dfa2b7885eed72b2bcb9c82bca1ef016cf4cc53d,Intel Xeon 6973P-C,IndelBenchmarks,Length=8,Distance_Utf16,1.0
2026-08-19,dfa2b7885eed72b2bcb9c82bca1ef016cf4cc53d,Intel Xeon 6973P-C,IndelBenchmarks,Length=8,Distance_CodePoint,5.68
2026-08-19,dfa2b7885eed72b2bcb9c82bca1ef016cf4cc53d,Intel Xeon 6973P-C,IndelBenchmarks,Length=8,NormalizedSimilarity_Utf16,1.05
2026-08-19,dfa2b7885eed72b2bcb9c82bca1ef016cf4cc53d,Intel Xeon 6973P-C,IndelBenchmarks,Length=8,SubsequenceLength_Utf16,1.03
2026-08-19,dfa2b7885eed72b2bcb9c82bca1ef016cf4cc53d,Intel Xeon 6973P-C,IndelBenchmarks,Length=12,Distance_Utf16,1.0
2026-08-19,dfa2b7885eed72b2bcb9c82bca1ef016cf4cc53d,Intel Xeon 6973P-C,IndelBenchmarks,Length=12,Distance_CodePoint,6.18
2026-08-19,dfa2b7885eed72b2bcb9c82bca1ef016cf4cc53d,Intel Xeon 6973P-C,IndelBenchmarks,Length=12,NormalizedSimilarity_Utf16,1.02
2026-08-19,dfa2b7885eed72b2bcb9c82bca1ef016cf4cc53d,Intel Xeon 6973P-C,IndelBenchmarks,Length=12,SubsequenceLength_Utf16,0.97
2026-08-19,dfa2b7885eed72b2bcb9c82bca1ef016cf4cc53d,Intel Xeon 6973P-C,IndelBenchmarks,Length=16,Distance_Utf16,1.0
2026-08-19,dfa2b7885eed72b2bcb9c82bca1ef016cf4cc53d,Intel Xeon 6973P-C,IndelBenchmarks,Length=16,Distance_CodePoint,5.69
2026-08-19,dfa2b7885eed72b2bcb9c82bca1ef016cf4cc53d,Intel Xeon 6973P-C,IndelBenchmarks,Length=16,NormalizedSimilarity_Utf16,1.11
2026-08-19,dfa2b7885eed72b2bcb9c82bca1ef016cf4cc53d,Intel Xeon 6973P-C,IndelBenchmarks,Length=16,SubsequenceLength_Utf16,1.14
2026-08-19,dfa2b7885eed72b2bcb9c82bca1ef016cf4cc53d,Intel Xeon 6973P-C,IndelBenchmarks,Length=20,Distance_Utf16,1.0
2026-08-19,dfa2b7885eed72b2bcb9c82bca1ef016cf4cc53d,Intel Xeon 6973P-C,IndelBenchmarks,Length=20,Distance_CodePoint,2.01
2026-08-19,dfa2b7885eed72b2bcb9c82bca1ef016cf4cc53d,Intel Xeon 6973P-C,IndelBenchmarks,Length=20,NormalizedSimilarity_Utf16,1.01
2026-08-19,dfa2b7885eed72b2bcb9c82bca1ef016cf4cc53d,Intel Xeon 6973P-C,IndelBenchmarks,Length=20,SubsequenceLength_Utf16,0.99
2026-08-19,dfa2b7885eed72b2bcb9c82bca1ef016cf4cc53d,Intel Xeon 6973P-C,IndelBenchmarks,Length=24,Distance_Utf16,1.0
2026-08-19,dfa2b7885eed72b2bcb9c82bca1ef016cf4cc53d,Intel Xeon 6973P-C,IndelBenchmarks,Length=24,Distance_CodePoint,9.7
2026-08-19,dfa2b7885eed72b2bcb9c82bca1ef016cf4cc53d,Intel Xeon 6973P-C,IndelBenchmarks,Length=24,NormalizedSimilarity_Utf16,1.16
2026-08-19,dfa2b7885eed72b2bcb9c82bca1ef016cf4cc53d,Intel Xeon 6973P-C,IndelBenchmarks,Length=24,SubsequenceLength_Utf16,0.99
2026-08-19,dfa2b7885eed72b2bcb9c82bca1ef016cf4cc53d,Intel Xeon 6973P-C,IndelBenchmarks,Length=32,Distance_Utf16,1.0
2026-08-19,dfa2b7885eed72b2bcb9c82bca1ef016cf4cc53d,Intel Xeon 6973P-C,IndelBenchmarks,Length=32,Distance_CodePoint,9.37
2026-08-19,dfa2b7885eed72b2bcb9c82bca1ef016cf4cc53d,Intel Xeon 6973P-C,IndelBenchmarks,Length=32,NormalizedSimilarity_Utf16,1.04
2026-08-19,dfa2b7885eed72b2bcb9c82bca1ef016cf4cc53d,Intel Xeon 6973P-C,IndelBenchmarks,Length=32,SubsequenceLength_Utf16,1.04
2026-08-19,dfa2b7885eed72b2bcb9c82bca1ef016cf4cc53d,Intel Xeon 6973P-C,IndelBenchmarks,Length=128,Distance_Utf16,1.0
2026-08-19,dfa2b7885eed72b2bcb9c82bca1ef016cf4cc53d,Intel Xeon 6973P-C,IndelBenchmarks,Length=128,Distance_CodePoint,20.34
2026-08-19,dfa2b7885eed72b2bcb9c82bca1ef016cf4cc53d,Intel Xeon 6973P-C,IndelBenchmarks,Length=128,NormalizedSimilarity_Utf16,1.05
2026-08-19,dfa2b7885eed72b2bcb9c82bca1ef016cf4cc53d,Intel Xeon 6973P-C,IndelBenchmarks,Length=128,SubsequenceLength_Utf16,1.1
2026-08-19,dfa2b7885eed72b2bcb9c82bca1ef016cf4cc53d,Intel Xeon 6973P-C,IndelBenchmarks,Length=512,Distance_Utf16,1.0
2026-08-19,dfa2b7885eed72b2bcb9c82bca1ef016cf4cc53d,Intel Xeon 6973P-C,IndelBenchmarks,Length=512,Distance_CodePoint,36.9
2026-08-19,dfa2b7885eed72b2bcb9c82bca1ef016cf4cc53d,Intel Xeon 6973P-C,IndelBenchmarks,Length=512,NormalizedSimilarity_Utf16,0.99
2026-08-19,dfa2b7885eed72b2bcb9c82bca1ef016cf4cc53d,Intel Xeon 6973P-C,IndelBenchmarks,Length=512,SubsequenceLength_Utf16,0.96
2026-08-19,dfa2b7885eed72b2bcb9c82bca1ef016cf4cc53d,Intel Xeon 6973P-C,LcsGateBenchmarks,Band=8,Dp,1.0
2026-08-19,dfa2b7885eed72b2bcb9c82bca1ef016cf4cc53d,Intel Xeon 6973P-C,LcsGateBenchmarks,Band=8,Kernel,1.13
2026-08-19,dfa2b7885eed72b2bcb9c82bca1ef016cf4cc53d,Intel Xeon 6973P-C,LcsGateBenchmarks,Band=12,Dp,1.0
2026-08-19,dfa2b7885eed72b2bcb9c82bca1ef016cf4cc53d,Intel Xeon 6973P-C,LcsGateBenchmarks,Band=12,Kernel,1.0
2026-08-19,dfa2b7885eed72b2bcb9c82bca1ef016cf4cc53d,Intel Xeon 6973P-C,LcsGateBenchmarks,Band=14,Dp,1.0
2026-08-19,dfa2b7885eed72b2bcb9c82bca1ef016cf4cc53d,Intel Xeon 6973P-C,LcsGateBenchmarks,Band=14,Kernel,0.98
2026-08-19,dfa2b7885eed72b2bcb9c82bca1ef016cf4cc53d,Intel Xeon 6973P-C,LcsGateBenchmarks,Band=16,Dp,1.0
2026-08-19,dfa2b7885eed72b2bcb9c82bca1ef016cf4cc53d,Intel Xeon 6973P-C,LcsGateBenchmarks,Band=16,Kernel,0.28
2026-08-19,dfa2b7885eed72b2bcb9c82bca1ef016cf4cc53d,Intel Xeon 6973P-C,LcsGateBenchmarks,Band=18,Dp,1.0
2026-08-19,dfa2b7885eed72b2bcb9c82bca1ef016cf4cc53d,Intel Xeon 6973P-C,LcsGateBenchmarks,Band=18,Kernel,0.29
2026-08-19,dfa2b7885eed72b2bcb9c82bca1ef016cf4cc53d,Intel Xeon 6973P-C,LcsGateBenchmarks,Band=20,Dp,1.0
2026-08-19,dfa2b7885eed72b2bcb9c82bca1ef016cf4cc53d,Intel Xeon 6973P-C,LcsGateBenchmarks,Band=20,Kernel,0.18
2026-08-19,dfa2b7885eed72b2bcb9c82bca1ef016cf4cc53d,Intel Xeon 6973P-C,LcsGateBenchmarks,Band=24,Dp,1.0
2026-08-19,dfa2b7885eed72b2bcb9c82bca1ef016cf4cc53d,Intel Xeon 6973P-C,LcsGateBenchmarks,Band=24,Kernel,0.16
2026-08-19,dfa2b7885eed72b2bcb9c82bca1ef016cf4cc53d,Intel Xeon 6973P-C,LcsGateBenchmarks,Band=32,Dp,1.0
2026-08-19,dfa2b7885eed72b2bcb9c82bca1ef016cf4cc53d,Intel Xeon 6973P-C,LcsGateBenchmarks,Band=32,Kernel,0.11
2026-08-19,dfa2b7885eed72b2bcb9c82bca1ef016cf4cc53d,Intel Xeon 6973P-C,LcsGateBenchmarks,Band=48,Dp,1.0
2026-08-19,dfa2b7885eed72b2bcb9c82bca1ef016cf4cc53d,Intel Xeon 6973P-C,LcsGateBenchmarks,Band=48,Kernel,0.06
2026-08-19,dfa2b7885eed72b2bcb9c82bca1ef016cf4cc53d,Intel Xeon 6973P-C,LcsGateBenchmarks,Band=64,Dp,1.0
2026-08-19,dfa2b7885eed72b2bcb9c82bca1ef016cf4cc53d,Intel Xeon 6973P-C,LcsGateBenchmarks,Band=64,Kernel,0.04
2026-08-19,dfa2b7885eed72b2bcb9c82bca1ef016cf4cc53d,Intel Xeon 6973P-C,LcsGateBenchmarks,Band=96,Dp,1.0
2026-08-19,dfa2b7885eed72b2bcb9c82bca1ef016cf4cc53d,Intel Xeon 6973P-C,LcsGateBenchmarks,Band=96,Kernel,0.08
2026-08-19,dfa2b7885eed72b2bcb9c82bca1ef016cf4cc53d,Intel Xeon 6973P-C,LevenshteinBenchmarks,Length=8,Distance_Utf16,1.0
2026-08-19,dfa2b7885eed72b2bcb9c82bca1ef016cf4cc53d,Intel Xeon 6973P-C,LevenshteinBenchmarks,Length=8,Distance_CodePoint,6.05
2026-08-19,dfa2b7885eed72b2bcb9c82bca1ef016cf4cc53d,Intel Xeon 6973P-C,LevenshteinBenchmarks,Length=8,NormalizedSimilarity_Utf16,1.14
2026-08-19,dfa2b7885eed72b2bcb9c82bca1ef016cf4cc53d,Intel Xeon 6973P-C,LevenshteinBenchmarks,Length=64,Distance_Utf16,1.0
2026-08-19,dfa2b7885eed72b2bcb9c82bca1ef016cf4cc53d,Intel Xeon 6973P-C,LevenshteinBenchmarks,Length=64,Distance_CodePoint,2.45
2026-08-19,dfa2b7885eed72b2bcb9c82bca1ef016cf4cc53d,Intel Xeon 6973P-C,LevenshteinBenchmarks,Length=64,NormalizedSimilarity_Utf16,1.01
2026-08-19,dfa2b7885eed72b2bcb9c82bca1ef016cf4cc53d,Intel Xeon 6973P-C,LevenshteinBenchmarks,Length=512,Distance_Utf16,1.0
2026-08-19,dfa2b7885eed72b2bcb9c82bca1ef016cf4cc53d,Intel Xeon 6973P-C,LevenshteinBenchmarks,Length=512,Distance_CodePoint,1.22
2026-08-19,dfa2b7885eed72b2bcb9c82bca1ef016cf4cc53d,Intel Xeon 6973P-C,LevenshteinBenchmarks,Length=512,NormalizedSimilarity_Utf16,1.0
2026-08-19,dfa2b7885eed72b2bcb9c82bca1ef016cf4cc53d,Intel Xeon 6973P-C,LevenshteinCodePointBenchmarks,"Length=16, Distinct=32",Distance_CodePoint,1.0
2026-08-19,dfa2b7885eed72b2bcb9c82bca1ef016cf4cc53d,Intel Xeon 6973P-C,LevenshteinCodePointBenchmarks,"Length=16, Distinct=32",Distance_Utf16,4.04
2026-08-19,dfa2b7885eed72b2bcb9c82bca1ef016cf4cc53d,Intel Xeon 6973P-C,LevenshteinCodePointBenchmarks,"Length=16, Distinct=512",Distance_CodePoint,1.0
2026-08-19,dfa2b7885eed72b2bcb9c82bca1ef016cf4cc53d,Intel Xeon 6973P-C,LevenshteinCodePointBenchmarks,"Length=16, Distinct=512",Distance_Utf16,3.87
2026-08-19,dfa2b7885eed72b2bcb9c82bca1ef016cf4cc53d,Intel Xeon 6973P-C,LevenshteinCodePointBenchmarks,"Length=24, Distinct=32",Distance_CodePoint,1.0
2026-08-19,dfa2b7885eed72b2bcb9c82bca1ef016cf4cc53d,Intel Xeon 6973P-C,LevenshteinCodePointBenchmarks,"Length=24, Distinct=32",Distance_Utf16,6.28
2026-08-19,dfa2b7885eed72b2bcb9c82bca1ef016cf4cc53d,Intel Xeon 6973P-C,LevenshteinCodePointBenchmarks,"Length=24, Distinct=512",Distance_CodePoint,1.0
2026-08-19,dfa2b7885eed72b2bcb9c82bca1ef016cf4cc53d,Intel Xeon 6973P-C,LevenshteinCodePointBenchmarks,"Length=24, Distinct=512",Distance_Utf16,6.89
2026-08-19,dfa2b7885eed72b2bcb9c82bca1ef016cf4cc53d,Intel Xeon 6973P-C,LevenshteinCodePointBenchmarks,"Length=32, Distinct=32",Distance_CodePoint,1.0
2026-08-19,dfa2b7885eed72b2bcb9c82bca1ef016cf4cc53d,Intel Xeon 6973P-C,LevenshteinCodePointBenchmarks,"Length=32, Distinct=32",Distance_Utf16,10.98
2026-08-19,dfa2b7885eed72b2bcb9c82bca1ef016cf4cc53d,Intel Xeon 6973P-C,LevenshteinCodePointBenchmarks,"Length=32, Distinct=512",Distance_CodePoint,1.0
2026-08-19,dfa2b7885eed72b2bcb9c82bca1ef016cf4cc53d,Intel Xeon 6973P-C,LevenshteinCodePointBenchmarks,"Length=32, Distinct=512",Distance_Utf16,10.96
2026-08-19,dfa2b7885eed72b2bcb9c82bca1ef016cf4cc53d,Intel Xeon 6973P-C,LevenshteinCodePointBenchmarks,"Length=40, Distinct=32",Distance_CodePoint,1.0
2026-08-19,dfa2b7885eed72b2bcb9c82bca1ef016cf4cc53d,Intel Xeon 6973P-C,LevenshteinCodePointBenchmarks,"Length=40, Distinct=32",Distance_Utf16,13.75
2026-08-19,dfa2b7885eed72b2bcb9c82bca1ef016cf4cc53d,Intel Xeon 6973P-C,LevenshteinCodePointBenchmarks,"Length=40, Distinct=512",Distance_CodePoint,1.0
2026-08-19,dfa2b7885eed72b2bcb9c82bca1ef016cf4cc53d,Intel Xeon 6973P-C,LevenshteinCodePointBenchmarks,"Length=40, Distinct=512",Distance_Utf16,15.08
2026-08-19,dfa2b7885eed72b2bcb9c82bca1ef016cf4cc53d,Intel Xeon 6973P-C,LevenshteinCodePointBenchmarks,"Length=128, Distinct=32",Distance_CodePoint,1.0
2026-08-19,dfa2b7885eed72b2bcb9c82bca1ef016cf4cc53d,Intel Xeon 6973P-C,LevenshteinCodePointBenchmarks,"Length=128, Distinct=32",Distance_Utf16,78.1
2026-08-19,dfa2b7885eed72b2bcb9c82bca1ef016cf4cc53d,Intel Xeon 6973P-C,LevenshteinCodePointBenchmarks,"Length=128, Distinct=512",Distance_CodePoint,1.0
2026-08-19,dfa2b7885eed72b2bcb9c82bca1ef016cf4cc53d,Intel Xeon 6973P-C,LevenshteinCodePointBenchmarks,"Length=128, Distinct=512",Distance_Utf16,60.29
2026-08-19,dfa2b7885eed72b2bcb9c82bca1ef016cf4cc53d,Intel Xeon 6973P-C,LevenshteinCodePointBenchmarks,"Length=512, Distinct=32",Distance_CodePoint,1.0
2026-08-19,dfa2b7885eed72b2bcb9c82bca1ef016cf4cc53d,Intel Xeon 6973P-C,LevenshteinCodePointBenchmarks,"Length=512, Distinct=32",Distance_Utf16,176.41
2026-08-19,dfa2b7885eed72b2bcb9c82bca1ef016cf4cc53d,Intel Xeon 6973P-C,LevenshteinCodePointBenchmarks,"Length=512, Distinct=512",Distance_CodePoint,1.0
2026-08-19,dfa2b7885eed72b2bcb9c82bca1ef016cf4cc53d,Intel Xeon 6973P-C,LevenshteinCodePointBenchmarks,"Length=512, Distinct=512",Distance_Utf16,3.31
2026-08-19,dfa2b7885eed72b2bcb9c82bca1ef016cf4cc53d,Intel Xeon 6973P-C,StopWordBenchmarks,Documents=200,Count,1.0
2026-08-19,dfa2b7885eed72b2bcb9c82bca1ef016cf4cc53d,Intel Xeon 6973P-C,StopWordBenchmarks,Documents=200,CountWithStopWords,0.8
2026-08-19,dfa2b7885eed72b2bcb9c82bca1ef016cf4cc53d,Intel Xeon 6973P-C,StopWordBenchmarks,Documents=200,Hashing,1.15
2026-08-19,dfa2b7885eed72b2bcb9c82bca1ef016cf4cc53d,Intel Xeon 6973P-C,StopWordBenchmarks,Documents=200,HashingWithStopWords,0.84
2026-08-19,dfa2b7885eed72b2bcb9c82bca1ef016cf4cc53d,Intel Xeon 6973P-C,StopWordBenchmarks,Documents=1000,Count,1.0
2026-08-19,dfa2b7885eed72b2bcb9c82bca1ef016cf4cc53d,Intel Xeon 6973P-C,StopWordBenchmarks,Documents=1000,CountWithStopWords,0.73
2026-08-19,dfa2b7885eed72b2bcb9c82bca1ef016cf4cc53d,Intel Xeon 6973P-C,StopWordBenchmarks,Documents=1000,Hashing,0.97
2026-08-19,dfa2b7885eed72b2bcb9c82bca1ef016cf4cc53d,Intel Xeon 6973P-C,StopWordBenchmarks,Documents=1000,HashingWithStopWords,0.75
2026-08-19,dfa2b7885eed72b2bcb9c82bca1ef016cf4cc53d,Intel Xeon 6973P-C,VectorMathBenchmarks,Dim=384,Dot,1.0
2026-08-19,dfa2b7885eed72b2bcb9c82bca1ef016cf4cc53d,Intel Xeon 6973P-C,VectorMathBenchmarks,Dim=384,L2Norm,0.85
2026-08-19,dfa2b7885eed72b2bcb9c82bca1ef016cf4cc53d,Intel Xeon 6973P-C,VectorMathBenchmarks,Dim=768,Dot,1.0
2026-08-19,dfa2b7885eed72b2bcb9c82bca1ef016cf4cc53d,Intel Xeon 6973P-C,VectorMathBenchmarks,Dim=768,L2Norm,0.74
2026-08-19,dfa2b7885eed72b2bcb9c82bca1ef016cf4cc53d,Intel Xeon 6973P-C,VectorMathBenchmarks,Dim=1024,Dot,1.0
2026-08-19,dfa2b7885eed72b2bcb9c82bca1ef016cf4cc53d,Intel Xeon 6973P-C,VectorMathBenchmarks,Dim=1024,L2Norm,0.68
2026-08-19,dfa2b7885eed72b2bcb9c82bca1ef016cf4cc53d,Intel Xeon 6973P-C,VectorizerBenchmarks,Documents=200,Count,1.0
2026-08-19,dfa2b7885eed72b2bcb9c82bca1ef016cf4cc53d,Intel Xeon 6973P-C,VectorizerBenchmarks,Documents=200,Tfidf,1.01
2026-08-19,dfa2b7885eed72b2bcb9c82bca1ef016cf4cc53d,Intel Xeon 6973P-C,VectorizerBenchmarks,Documents=200,CountBigrams,1.48
2026-08-19,dfa2b7885eed72b2bcb9c82bca1ef016cf4cc53d,Intel Xeon 6973P-C,VectorizerBenchmarks,Documents=200,Hashing,1.0
2026-08-19,dfa2b7885eed72b2bcb9c82bca1ef016cf4cc53d,Intel Xeon 6973P-C,VectorizerBenchmarks,Documents=1000,Count,1.0
2026-08-19,dfa2b7885eed72b2bcb9c82bca1ef016cf4cc53d,Intel Xeon 6973P-C,VectorizerBenchmarks,Documents=1000,Tfidf,1.29
2026-08-19,dfa2b7885eed72b2bcb9c82bca1ef016cf4cc53d,Intel Xeon 6973P-C,VectorizerBenchmarks,Documents=1000,CountBigrams,1.73
2026-08-19,dfa2b7885eed72b2bcb9c82bca1ef016cf4cc53d,Intel Xeon 6973P-C,VectorizerBenchmarks,Documents=1000,Hashing,1.12
2026-08-19,824aea54cc6366a40949a59f4cd68a72353f7dae,INTEL XEON PLATINUM 8573C,BatchEmbeddingBenchmarks,CorpusSize=1,UnitLoop,1.0
2026-08-19,824aea54cc6366a40949a59f4cd68a72353f7dae,INTEL XEON PLATINUM 8573C,BatchEmbeddingBenchmarks,CorpusSize=1,EmbedBatch,1.05
2026-08-19,824aea54cc6366a40949a59f4cd68a72353f7dae,INTEL XEON PLATINUM 8573C,BatchEmbeddingBenchmarks,CorpusSize=1,EmbedBatchBucketed,1.05
2026-08-19,824aea54cc6366a40949a59f4cd68a72353f7dae,INTEL XEON PLATINUM 8573C,BatchEmbeddingBenchmarks,CorpusSize=8,UnitLoop,1.0
2026-08-19,824aea54cc6366a40949a59f4cd68a72353f7dae,INTEL XEON PLATINUM 8573C,BatchEmbeddingBenchmarks,CorpusSize=8,EmbedBatch,0.65
2026-08-19,824aea54cc6366a40949a59f4cd68a72353f7dae,INTEL XEON PLATINUM 8573C,BatchEmbeddingBenchmarks,CorpusSize=8,EmbedBatchBucketed,0.69
2026-08-19,824aea54cc6366a40949a59f4cd68a72353f7dae,INTEL XEON PLATINUM 8573C,BatchEmbeddingBenchmarks,CorpusSize=32,UnitLoop,1.0
2026-08-19,824aea54cc6366a40949a59f4cd68a72353f7dae,INTEL XEON PLATINUM 8573C,BatchEmbeddingBenchmarks,CorpusSize=32,EmbedBatch,0.6
2026-08-19,824aea54cc6366a40949a59f4cd68a72353f7dae,INTEL XEON PLATINUM 8573C,BatchEmbeddingBenchmarks,CorpusSize=32,EmbedBatchBucketed,0.61
2026-08-19,824aea54cc6366a40949a59f4cd68a72353f7dae,INTEL XEON PLATINUM 8573C,BatchEmbeddingBenchmarks,CorpusSize=128,UnitLoop,1.0
2026-08-19,824aea54cc6366a40949a59f4cd68a72353f7dae,INTEL XEON PLATINUM 8573C,BatchEmbeddingBenchmarks,CorpusSize=128,EmbedBatch,0.59
2026-08-19,824aea54cc6366a40949a59f4cd68a72353f7dae,INTEL XEON PLATINUM 8573C,BatchEmbeddingBenchmarks,CorpusSize=128,EmbedBatchBucketed,0.6
2026-08-19,824aea54cc6366a40949a59f4cd68a72353f7dae,INTEL XEON PLATINUM 8573C,BpeBenchmarks,,Unigram,1.0
2026-08-19,824aea54cc6366a40949a59f4cd68a72353f7dae,INTEL XEON PLATINUM 8573C,BpeBenchmarks,,Bpe,1.04
2026-08-19,824aea54cc6366a40949a59f4cd68a72353f7dae,INTEL XEON PLATINUM 8573C,FuzzBenchmarks,,Ratio,1.0
2026-08-19,824aea54cc6366a40949a59f4cd68a72353f7dae,INTEL XEON PLATINUM 8573C,FuzzBenchmarks,,PartialRatio,339.25
2026-08-19,824aea54cc6366a40949a59f4cd68a72353f7dae,INTEL XEON PLATINUM 8573C,FuzzBenchmarks,,TokenSortRatio,8.61
2026-08-19,824aea54cc6366a40949a59f4cd68a72353f7dae,INTEL XEON PLATINUM 8573C,FuzzBenchmarks,,TokenSetRatio,29.03
2026-08-19,824aea54cc6366a40949a59f4cd68a72353f7dae,INTEL XEON PLATINUM 8573C,FuzzBenchmarks,,WRatio,39.93
2026-08-19,824aea54cc6366a40949a59f4cd68a72353f7dae,INTEL XEON PLATINUM 8573C,IndelBenchmarks,Length=8,Distance_Utf16,1.0
2026-08-19,824aea54cc6366a40949a59f4cd68a72353f7dae,INTEL XEON PLATINUM 8573C,IndelBenchmarks,Length=8,Distance_CodePoint,5.85
2026-08-19,824aea54cc6366a40949a59f4cd68a72353f7dae,INTEL XEON PLATINUM 8573C,IndelBenchmarks,Length=8,NormalizedSimilarity_Utf16,1.09
2026-08-19,824aea54cc6366a40949a59f4cd68a72353f7dae,INTEL XEON PLATINUM 8573C,IndelBenchmarks,Length=8,SubsequenceLength_Utf16,1.0
2026-08-19,824aea54cc6366a40949a59f4cd68a72353f7dae,INTEL XEON PLATINUM 8573C,IndelBenchmarks,Length=12,Distance_Utf16,1.0
2026-08-19,824aea54cc6366a40949a59f4cd68a72353f7dae,INTEL XEON PLATINUM 8573C,IndelBenchmarks,Length=12,Distance_CodePoint,5.45
2026-08-19,824aea54cc6366a40949a59f4cd68a72353f7dae,INTEL XEON PLATINUM 8573C,IndelBenchmarks,Length=12,NormalizedSimilarity_Utf16,1.01
2026-08-19,824aea54cc6366a40949a59f4cd68a72353f7dae,INTEL XEON PLATINUM 8573C,IndelBenchmarks,Length=12,SubsequenceLength_Utf16,0.95
2026-08-19,824aea54cc6366a40949a59f4cd68a72353f7dae,INTEL XEON PLATINUM 8573C,IndelBenchmarks,Length=16,Distance_Utf16,1.0
2026-08-19,824aea54cc6366a40949a59f4cd68a72353f7dae,INTEL XEON PLATINUM 8573C,IndelBenchmarks,Length=16,Distance_CodePoint,5.86
2026-08-19,824aea54cc6366a40949a59f4cd68a72353f7dae,INTEL XEON PLATINUM 8573C,IndelBenchmarks,Length=16,NormalizedSimilarity_Utf16,1.15
2026-08-19,824aea54cc6366a40949a59f4cd68a72353f7dae,INTEL XEON PLATINUM 8573C,IndelBenchmarks,Length=16,SubsequenceLength_Utf16,1.01
2026-08-19,824aea54cc6366a40949a59f4cd68a72353f7dae,INTEL XEON PLATINUM 8573C,IndelBenchmarks,Length=20,Distance_Utf16,1.0
2026-08-19,824aea54cc6366a40949a59f4cd68a72353f7dae,INTEL XEON PLATINUM 8573C,IndelBenchmarks,Length=20,Distance_CodePoint,2.1
2026-08-19,824aea54cc6366a40949a59f4cd68a72353f7dae,INTEL XEON PLATINUM 8573C,IndelBenchmarks,Length=20,NormalizedSimilarity_Utf16,1.01
2026-08-19,824aea54cc6366a40949a59f4cd68a72353f7dae,INTEL XEON PLATINUM 8573C,IndelBenchmarks,Length=20,SubsequenceLength_Utf16,0.97
2026-08-19,824aea54cc6366a40949a59f4cd68a72353f7dae,INTEL XEON PLATINUM 8573C,IndelBenchmarks,Length=24,Distance_Utf16,1.0
2026-08-19,824aea54cc6366a40949a59f4cd68a72353f7dae,INTEL XEON PLATINUM 8573C,IndelBenchmarks,Length=24,Distance_CodePoint,9.23
2026-08-19,824aea54cc6366a40949a59f4cd68a72353f7dae,INTEL XEON PLATINUM 8573C,IndelBenchmarks,Length=24,NormalizedSimilarity_Utf16,1.02
2026-08-19,824aea54cc6366a40949a59f4cd68a72353f7dae,INTEL XEON PLATINUM 8573C,IndelBenchmarks,Length=24,SubsequenceLength_Utf16,0.95
2026-08-19,824aea54cc6366a40949a59f4cd68a72353f7dae,INTEL XEON PLATINUM 8573C,IndelBenchmarks,Length=32,Distance_Utf16,1.0
2026-08-19,824aea54cc6366a40949a59f4cd68a72353f7dae,INTEL XEON PLATINUM 8573C,IndelBenchmarks,Length=32,Distance_CodePoint,10.04
2026-08-19,824aea54cc6366a40949a59f4cd68a72353f7dae,INTEL XEON PLATINUM 8573C,IndelBenchmarks,Length=32,NormalizedSimilarity_Utf16,1.28
2026-08-19,824aea54cc6366a40949a59f4cd68a72353f7dae,INTEL XEON PLATINUM 8573C,IndelBenchmarks,Length=32,SubsequenceLength_Utf16,0.98
2026-08-19,824aea54cc6366a40949a59f4cd68a72353f7dae,INTEL XEON PLATINUM 8573C,IndelBenchmarks,Length=128,Distance_Utf16,1.0
2026-08-19,824aea54cc6366a40949a59f4cd68a72353f7dae,INTEL XEON PLATINUM 8573C,IndelBenchmarks,Length=128,Distance_CodePoint,17.64
2026-08-19,824aea54cc6366a40949a59f4cd68a72353f7dae,INTEL XEON PLATINUM 8573C,IndelBenchmarks,Length=128,NormalizedSimilarity_Utf16,1.07
2026-08-19,824aea54cc6366a40949a59f4cd68a72353f7dae,INTEL XEON PLATINUM 8573C,IndelBenchmarks,Length=128,SubsequenceLength_Utf16,1.02
2026-08-19,824aea54cc6366a40949a59f4cd68a72353f7dae,INTEL XEON PLATINUM 8573C,IndelBenchmarks,Length=512,Distance_Utf16,1.0
2026-08-19,824aea54cc6366a40949a59f4cd68a72353f7dae,INTEL XEON PLATINUM 8573C,IndelBenchmarks,Length=512,Distance_CodePoint,34.45
2026-08-19,824aea54cc6366a40949a59f4cd68a72353f7dae,INTEL XEON PLATINUM 8573C,IndelBenchmarks,Length=512,NormalizedSimilarity_Utf16,1.0
2026-08-19,824aea54cc6366a40949a59f4cd68a72353f7dae,INTEL XEON PLATINUM 8573C,IndelBenchmarks,Length=512,SubsequenceLength_Utf16,0.98
2026-08-19,824aea54cc6366a40949a59f4cd68a72353f7dae,INTEL XEON PLATINUM 8573C,LcsGateBenchmarks,Band=8,Dp,1.0
2026-08-19,824aea54cc6366a40949a59f4cd68a72353f7dae,INTEL XEON PLATINUM 8573C,LcsGateBenchmarks,Band=8,Kernel,1.01
2026-08-19,824aea54cc6366a40949a59f4cd68a72353f7dae,INTEL XEON PLATINUM 8573C,LcsGateBenchmarks,Band=12,Dp,1.0
2026-08-19,824aea54cc6366a40949a59f4cd68a72353f7dae,INTEL XEON PLATINUM 8573C,LcsGateBenchmarks,Band=12,Kernel,0.99
2026-08-19,824aea54cc6366a40949a59f4cd68a72353f7dae,INTEL XEON PLATINUM 8573C,LcsGateBenchmarks,Band=14,Dp,1.0
2026-08-19,824aea54cc6366a40949a59f4cd68a72353f7dae,INTEL XEON PLATINUM 8573C,LcsGateBenchmarks,Band=14,Kernel,0.94
2026-08-19,824aea54cc6366a40949a59f4cd68a72353f7dae,INTEL XEON PLATINUM 8573C,LcsGateBenchmarks,Band=16,Dp,1.0
2026-08-19,824aea54cc6366a40949a59f4cd68a72353f7dae,INTEL XEON PLATINUM 8573C,LcsGateBenchmarks,Band=16,Kernel,0.27
2026-08-19,824aea54cc6366a40949a59f4cd68a72353f7dae,INTEL XEON PLATINUM 8573C,LcsGateBenchmarks,Band=18,Dp,1.0
2026-08-19,824aea54cc6366a40949a59f4cd68a72353f7dae,INTEL XEON PLATINUM 8573C,LcsGateBenchmarks,Band=18,Kernel,0.23
2026-08-19,824aea54cc6366a40949a59f4cd68a72353f7dae,INTEL XEON PLATINUM 8573C,LcsGateBenchmarks,Band=20,Dp,1.0
2026-08-19,824aea54cc6366a40949a59f4cd68a72353f7dae,INTEL XEON PLATINUM 8573C,LcsGateBenchmarks,Band=20,Kernel,0.2
2026-08-19,824aea54cc6366a40949a59f4cd68a72353f7dae,INTEL XEON PLATINUM 8573C,LcsGateBenchmarks,Band=24,Dp,1.0
2026-08-19,824aea54cc6366a40949a59f4cd68a72353f7dae,INTEL XEON PLATINUM 8573C,LcsGateBenchmarks,Band=24,Kernel,0.15
2026-08-19,824aea54cc6366a40949a59f4cd68a72353f7dae,INTEL XEON PLATINUM 8573C,LcsGateBenchmarks,Band=32,Dp,1.0
2026-08-19,824aea54cc6366a40949a59f4cd68a72353f7dae,INTEL XEON PLATINUM 8573C,LcsGateBenchmarks,Band=32,Kernel,0.09
2026-08-19,824aea54cc6366a40949a59f4cd68a72353f7dae,INTEL XEON PLATINUM 8573C,LcsGateBenchmarks,Band=48,Dp,1.0
2026-08-19,824aea54cc6366a40949a59f4cd68a72353f7dae,INTEL XEON PLATINUM 8573C,LcsGateBenchmarks,Band=48,Kernel,0.06
2026-08-19,824aea54cc6366a40949a59f4cd68a72353f7dae,INTEL XEON PLATINUM 8573C,LcsGateBenchmarks,Band=64,Dp,1.0
2026-08-19,824aea54cc6366a40949a59f4cd68a72353f7dae,INTEL XEON PLATINUM 8573C,LcsGateBenchmarks,Band=64,Kernel,0.04
2026-08-19,824aea54cc6366a40949a59f4cd68a72353f7dae,INTEL XEON PLATINUM 8573C,LcsGateBenchmarks,Band=96,Dp,1.0
2026-08-19,824aea54cc6366a40949a59f4cd68a72353f7dae,INTEL XEON PLATINUM 8573C,LcsGateBenchmarks,Band=96,Kernel,0.09
2026-08-19,824aea54cc6366a40949a59f4cd68a72353f7dae,INTEL XEON PLATINUM 8573C,LevenshteinBenchmarks,Length=8,Distance_Utf16,1.0
2026-08-19,824aea54cc6366a40949a59f4cd68a72353f7dae,INTEL XEON PLATINUM 8573C,LevenshteinBenchmarks,Length=8,Distance_CodePoint,6.28
2026-08-19,824aea54cc6366a40949a59f4cd68a72353f7dae,INTEL XEON PLATINUM 8573C,LevenshteinBenchmarks,Length=8,NormalizedSimilarity_Utf16,1.17
2026-08-19,824aea54cc6366a40949a59f4cd68a72353f7dae,INTEL XEON PLATINUM 8573C,LevenshteinBenchmarks,Length=64,Distance_Utf16,1.0
2026-08-19,824aea54cc6366a40949a59f4cd68a72353f7dae,INTEL XEON PLATINUM 8573C,LevenshteinBenchmarks,Length=64,Distance_CodePoint,2.44
2026-08-19,824aea54cc6366a40949a59f4cd68a72353f7dae,INTEL XEON PLATINUM 8573C,LevenshteinBenchmarks,Length=64,NormalizedSimilarity_Utf16,1.03
2026-08-19,824aea54cc6366a40949a59f4cd68a72353f7dae,INTEL XEON PLATINUM 8573C,LevenshteinBenchmarks,Length=512,Distance_Utf16,1.0
2026-08-19,824aea54cc6366a40949a59f4cd68a72353f7dae,INTEL XEON PLATINUM 8573C,LevenshteinBenchmarks,Length=512,Distance_CodePoint,1.18
2026-08-19,824aea54cc6366a40949a59f4cd68a72353f7dae,INTEL XEON PLATINUM 8573C,LevenshteinBenchmarks,Length=512,NormalizedSimilarity_Utf16,1.0
2026-08-19,824aea54cc6366a40949a59f4cd68a72353f7dae,INTEL XEON PLATINUM 8573C,LevenshteinCodePointBenchmarks,"Length=16, Distinct=32",Distance_CodePoint,1.0
2026-08-19,824aea54cc6366a40949a59f4cd68a72353f7dae,INTEL XEON PLATINUM 8573C,LevenshteinCodePointBenchmarks,"Length=16, Distinct=32",Distance_Utf16,4.26
2026-08-19,824aea54cc6366a40949a59f4cd68a72353f7dae,INTEL XEON PLATINUM 8573C,LevenshteinCodePointBenchmarks,"Length=16, Distinct=512",Distance_CodePoint,1.0
2026-08-19,824aea54cc6366a40949a59f4cd68a72353f7dae,INTEL XEON PLATINUM 8573C,LevenshteinCodePointBenchmarks,"Length=16, Distinct=512",Distance_Utf16,4.74
2026-08-19,824aea54cc6366a40949a59f4cd68a72353f7dae,INTEL XEON PLATINUM 8573C,LevenshteinCodePointBenchmarks,"Length=24, Distinct=32",Distance_CodePoint,1.0
2026-08-19,824aea54cc6366a40949a59f4cd68a72353f7dae,INTEL XEON PLATINUM 8573C,LevenshteinCodePointBenchmarks,"Length=24, Distinct=32",Distance_Utf16,7.3
2026-08-19,824aea54cc6366a40949a59f4cd68a72353f7dae,INTEL XEON PLATINUM 8573C,LevenshteinCodePointBenchmarks,"Length=24, Distinct=512",Distance_CodePoint,1.0
2026-08-19,824aea54cc6366a40949a59f4cd68a72353f7dae,INTEL XEON PLATINUM 8573C,LevenshteinCodePointBenchmarks,"Length=24, Distinct=512",Distance_Utf16,8.37
2026-08-19,824aea54cc6366a40949a59f4cd68a72353f7dae,INTEL XEON PLATINUM 8573C,LevenshteinCodePointBenchmarks,"Length=32, Distinct=32",Distance_CodePoint,1.0
2026-08-19,824aea54cc6366a40949a59f4cd68a72353f7dae,INTEL XEON PLATINUM 8573C,LevenshteinCodePointBenchmarks,"Length=32, Distinct=32",Distance_Utf16,12.19
2026-08-19,824aea54cc6366a40949a59f4cd68a72353f7dae,INTEL XEON PLATINUM 8573C,LevenshteinCodePointBenchmarks,"Length=32, Distinct=512",Distance_CodePoint,1.0
2026-08-19,824aea54cc6366a40949a59f4cd68a72353f7dae,INTEL XEON PLATINUM 8573C,LevenshteinCodePointBenchmarks,"Length=32, Distinct=512",Distance_Utf16,12.04
2026-08-19,824aea54cc6366a40949a59f4cd68a72353f7dae,INTEL XEON PLATINUM 8573C,LevenshteinCodePointBenchmarks,"Length=40, Distinct=32",Distance_CodePoint,1.0
2026-08-19,824aea54cc6366a40949a59f4cd68a72353f7dae,INTEL XEON PLATINUM 8573C,LevenshteinCodePointBenchmarks,"Length=40, Distinct=32",Distance_Utf16,13.92
2026-08-19,824aea54cc6366a40949a59f4cd68a72353f7dae,INTEL XEON PLATINUM 8573C,LevenshteinCodePointBenchmarks,"Length=40, Distinct=512",Distance_CodePoint,1.0
2026-08-19,824aea54cc6366a40949a59f4cd68a72353f7dae,INTEL XEON PLATINUM 8573C,LevenshteinCodePointBenchmarks,"Length=40, Distinct=512",Distance_Utf16,16.21
2026-08-19,824aea54cc6366a40949a59f4cd68a72353f7dae,INTEL XEON PLATINUM 8573C,LevenshteinCodePointBenchmarks,"Length=128, Distinct=32",Distance_CodePoint,1.0
2026-08-19,824aea54cc6366a40949a59f4cd68a72353f7dae,INTEL XEON PLATINUM 8573C,LevenshteinCodePointBenchmarks,"Length=128, Distinct=32",Distance_Utf16,79.7
2026-08-19,824aea54cc6366a40949a59f4cd68a72353f7dae,INTEL XEON PLATINUM 8573C,LevenshteinCodePointBenchmarks,"Length=128, Distinct=512",Distance_CodePoint,1.0
2026-08-19,824aea54cc6366a40949a59f4cd68a72353f7dae,INTEL XEON PLATINUM 8573C,LevenshteinCodePointBenchmarks,"Length=128, Distinct=512",Distance_Utf16,50.74
2026-08-19,824aea54cc6366a40949a59f4cd68a72353f7dae,INTEL XEON PLATINUM 8573C,LevenshteinCodePointBenchmarks,"Length=512, Distinct=32",Distance_CodePoint,1.0
2026-08-19,824aea54cc6366a40949a59f4cd68a72353f7dae,INTEL XEON PLATINUM 8573C,LevenshteinCodePointBenchmarks,"Length=512, Distinct=32",Distance_Utf16,162.97
2026-08-19,824aea54cc6366a40949a59f4cd68a72353f7dae,INTEL XEON PLATINUM 8573C,LevenshteinCodePointBenchmarks,"Length=512, Distinct=512",Distance_CodePoint,1.0
2026-08-19,824aea54cc6366a40949a59f4cd68a72353f7dae,INTEL XEON PLATINUM 8573C,LevenshteinCodePointBenchmarks,"Length=512, Distinct=512",Distance_Utf16,3.65
2026-08-19,824aea54cc6366a40949a59f4cd68a72353f7dae,INTEL XEON PLATINUM 8573C,StopWordBenchmarks,Documents=200,Count,1.0
2026-08-19,824aea54cc6366a40949a59f4cd68a72353f7dae,INTEL XEON PLATINUM 8573C,StopWordBenchmarks,Documents=200,CountWithStopWords,0.76
2026-08-19,824aea54cc6366a40949a59f4cd68a72353f7dae,INTEL XEON PLATINUM 8573C,StopWordBenchmarks,Documents=200,Hashing,0.97
2026-08-19,824aea54cc6366a40949a59f4cd68a72353f7dae,INTEL XEON PLATINUM 8573C,StopWordBenchmarks,Documents=200,HashingWithStopWords,0.79
2026-08-19,824aea54cc6366a40949a59f4cd68a72353f7dae,INTEL XEON PLATINUM 8573C,StopWordBenchmarks,Documents=1000,Count,1.0
2026-08-19,824aea54cc6366a40949a59f4cd68a72353f7dae,INTEL XEON PLATINUM 8573C,StopWordBenchmarks,Documents=1000,CountWithStopWords,0.75
2026-08-19,824aea54cc6366a40949a59f4cd68a72353f7dae,INTEL XEON PLATINUM 8573C,StopWordBenchmarks,Documents=1000,Hashing,0.97
2026-08-19,824aea54cc6366a40949a59f4cd68a72353f7dae,INTEL XEON PLATINUM 8573C,StopWordBenchmarks,Documents=1000,HashingWithStopWords,0.77
2026-08-19,824aea54cc6366a40949a59f4cd68a72353f7dae,INTEL XEON PLATINUM 8573C,VectorMathBenchmarks,Dim=384,Dot,1.0
2026-08-19,824aea54cc6366a40949a59f4cd68a72353f7dae,INTEL XEON PLATINUM 8573C,VectorMathBenchmarks,Dim=384,L2Norm,0.86
2026-08-19,824aea54cc6366a40949a59f4cd68a72353f7dae,INTEL XEON PLATINUM 8573C,VectorMathBenchmarks,Dim=768,Dot,1.0
2026-08-19,824aea54cc6366a40949a59f4cd68a72353f7dae,INTEL XEON PLATINUM 8573C,VectorMathBenchmarks,Dim=768,L2Norm,0.82
2026-08-19,824aea54cc6366a40949a59f4cd68a72353f7dae,INTEL XEON PLATINUM 8573C,VectorMathBenchmarks,Dim=1024,Dot,1.0
2026-08-19,824aea54cc6366a40949a59f4cd68a72353f7dae,INTEL XEON PLATINUM 8573C,VectorMathBenchmarks,Dim=1024,L2Norm,0.81
2026-08-19,824aea54cc6366a40949a59f4cd68a72353f7dae,INTEL XEON PLATINUM 8573C,VectorizerBenchmarks,Documents=200,Count,1.0
2026-08-19,824aea54cc6366a40949a59f4cd68a72353f7dae,INTEL XEON PLATINUM 8573C,VectorizerBenchmarks,Documents=200,Tfidf,1.03
2026-08-19,824aea54cc6366a40949a59f4cd68a72353f7dae,INTEL XEON PLATINUM 8573C,VectorizerBenchmarks,Documents=200,CountBigrams,1.31
2026-08-19,824aea54cc6366a40949a59f4cd68a72353f7dae,INTEL XEON PLATINUM 8573C,VectorizerBenchmarks,Documents=200,Hashing,1.0
2026-08-19,824aea54cc6366a40949a59f4cd68a72353f7dae,INTEL XEON PLATINUM 8573C,VectorizerBenchmarks,Documents=1000,Count,1.0
2026-08-19,824aea54cc6366a40949a59f4cd68a72353f7dae,INTEL XEON PLATINUM 8573C,VectorizerBenchmarks,Documents=1000,Tfidf,1.16
2026-08-19,824aea54cc6366a40949a59f4cd68a72353f7dae,INTEL XEON PLATINUM 8573C,VectorizerBenchmarks,Documents=1000,CountBigrams,1.72
2026-08-19,824aea54cc6366a40949a59f4cd68a72353f7dae,INTEL XEON PLATINUM 8573C,VectorizerBenchmarks,Documents=1000,Hashing,1.04
2026-08-20,7946f61772df2cbb0a6c140e557731e594b801fc,AMD EPYC 7763,BatchEmbeddingBenchmarks,CorpusSize=1,UnitLoop,1.0
2026-08-20,7946f61772df2cbb0a6c140e557731e594b801fc,AMD EPYC 7763,BatchEmbeddingBenchmarks,CorpusSize=1,EmbedBatch,1.0
2026-08-20,7946f61772df2cbb0a6c140e557731e594b801fc,AMD EPYC 7763,BatchEmbeddingBenchmarks,CorpusSize=1,EmbedBatchBucketed,0.99
2026-08-20,7946f61772df2cbb0a6c140e557731e594b801fc,AMD EPYC 7763,BatchEmbeddingBenchmarks,CorpusSize=8,UnitLoop,1.0
2026-08-20,7946f61772df2cbb0a6c140e557731e594b801fc,AMD EPYC 7763,BatchEmbeddingBenchmarks,CorpusSize=8,EmbedBatch,0.62
2026-08-20,7946f61772df2cbb0a6c140e557731e594b801fc,AMD EPYC 7763,BatchEmbeddingBenchmarks,CorpusSize=8,EmbedBatchBucketed,0.65
2026-08-20,7946f61772df2cbb0a6c140e557731e594b801fc,AMD EPYC 7763,BatchEmbeddingBenchmarks,CorpusSize=32,UnitLoop,1.0
2026-08-20,7946f61772df2cbb0a6c140e557731e594b801fc,AMD EPYC 7763,BatchEmbeddingBenchmarks,CorpusSize=32,EmbedBatch,0.58
2026-08-20,7946f61772df2cbb0a6c140e557731e594b801fc,AMD EPYC 7763,BatchEmbeddingBenchmarks,CorpusSize=32,EmbedBatchBucketed,0.56
2026-08-20,7946f61772df2cbb0a6c140e557731e594b801fc,AMD EPYC 7763,BatchEmbeddingBenchmarks,CorpusSize=128,UnitLoop,1.0
2026-08-20,7946f61772df2cbb0a6c140e557731e594b801fc,AMD EPYC 7763,BatchEmbeddingBenchmarks,CorpusSize=128,EmbedBatch,0.6
2026-08-20,7946f61772df2cbb0a6c140e557731e594b801fc,AMD EPYC 7763,BatchEmbeddingBenchmarks,CorpusSize=128,EmbedBatchBucketed,0.59
2026-08-20,7946f61772df2cbb0a6c140e557731e594b801fc,AMD EPYC 7763,BpeBenchmarks,,Unigram,1.0
2026-08-20,7946f61772df2cbb0a6c140e557731e594b801fc,AMD EPYC 7763,BpeBenchmarks,,Bpe,0.8
2026-08-20,7946f61772df2cbb0a6c140e557731e594b801fc,AMD EPYC 7763,FuzzBenchmarks,,Ratio,1.0
2026-08-20,7946f61772df2cbb0a6c140e557731e594b801fc,AMD EPYC 7763,FuzzBenchmarks,,PartialRatio,188.49
2026-08-20,7946f61772df2cbb0a6c140e557731e594b801fc,AMD EPYC 7763,FuzzBenchmarks,,TokenSortRatio,10.6
2026-08-20,7946f61772df2cbb0a6c140e557731e594b801fc,AMD EPYC 7763,FuzzBenchmarks,,TokenSetRatio,33.68
2026-08-20,7946f61772df2cbb0a6c140e557731e594b801fc,AMD EPYC 7763,FuzzBenchmarks,,WRatio,45.53
2026-08-20,7946f61772df2cbb0a6c140e557731e594b801fc,AMD EPYC 7763,IndelBenchmarks,Length=8,Distance_Utf16,1.0
2026-08-20,7946f61772df2cbb0a6c140e557731e594b801fc,AMD EPYC 7763,IndelBenchmarks,Length=8,Distance_CodePoint,5.05
2026-08-20,7946f61772df2cbb0a6c140e557731e594b801fc,AMD EPYC 7763,IndelBenchmarks,Length=8,NormalizedSimilarity_Utf16,1.02
2026-08-20,7946f61772df2cbb0a6c140e557731e594b801fc,AMD EPYC 7763,IndelBenchmarks,Length=8,SubsequenceLength_Utf16,1.0
2026-08-20,7946f61772df2cbb0a6c140e557731e594b801fc,AMD EPYC 7763,IndelBenchmarks,Length=12,Distance_Utf16,1.0
2026-08-20,7946f61772df2cbb0a6c140e557731e594b801fc,AMD EPYC 7763,IndelBenchmarks,Length=12,Distance_CodePoint,5.37
2026-08-20,7946f61772df2cbb0a6c140e557731e594b801fc,AMD EPYC 7763,IndelBenchmarks,Length=12,NormalizedSimilarity_Utf16,1.0
2026-08-20,7946f61772df2cbb0a6c140e557731e594b801fc,AMD EPYC 7763,IndelBenchmarks,Length=12,SubsequenceLength_Utf16,0.99
2026-08-20,7946f61772df2cbb0a6c140e557731e594b801fc,AMD EPYC 7763,IndelBenchmarks,Length=16,Distance_Utf16,1.0
2026-08-20,7946f61772df2cbb0a6c140e557731e594b801fc,AMD EPYC 7763,IndelBenchmarks,Length=16,Distance_CodePoint,5.6
2026-08-20,7946f61772df2cbb0a6c140e557731e594b801fc,AMD EPYC 7763,IndelBenchmarks,Length=16,NormalizedSimilarity_Utf16,1.04
2026-08-20,7946f61772df2cbb0a6c140e557731e594b801fc,AMD EPYC 7763,IndelBenchmarks,Length=16,SubsequenceLength_Utf16,0.99
2026-08-20,7946f61772df2cbb0a6c140e557731e594b801fc,AMD EPYC 7763,IndelBenchmarks,Length=20,Distance_Utf16,1.0
2026-08-20,7946f61772df2cbb0a6c140e557731e594b801fc,AMD EPYC 7763,IndelBenchmarks,Length=20,Distance_CodePoint,2.18
2026-08-20,7946f61772df2cbb0a6c140e557731e594b801fc,AMD EPYC 7763,IndelBenchmarks,Length=20,NormalizedSimilarity_Utf16,1.0
2026-08-20,7946f61772df2cbb0a6c140e557731e594b801fc,AMD EPYC 7763,IndelBenchmarks,Length=20,SubsequenceLength_Utf16,1.07
2026-08-20,7946f61772df2cbb0a6c140e557731e594b801fc,AMD EPYC 7763,IndelBenchmarks,Length=24,Distance_Utf16,1.0
2026-08-20,7946f61772df2cbb0a6c140e557731e594b801fc,AMD EPYC 7763,IndelBenchmarks,Length=24,Distance_CodePoint,11.31
2026-08-20,7946f61772df2cbb0a6c140e557731e594b801fc,AMD EPYC 7763,IndelBenchmarks,Length=24,NormalizedSimilarity_Utf16,0.97
2026-08-20,7946f61772df2cbb0a6c140e557731e594b801fc,AMD EPYC 7763,IndelBenchmarks,Length=24,SubsequenceLength_Utf16,1.09
2026-08-20,7946f61772df2cbb0a6c140e557731e594b801fc,AMD EPYC 7763,IndelBenchmarks,Length=32,Distance_Utf16,1.0
2026-08-20,7946f61772df2cbb0a6c140e557731e594b801fc,AMD EPYC 7763,IndelBenchmarks,Length=32,Distance_CodePoint,17.47
2026-08-20,7946f61772df2cbb0a6c140e557731e594b801fc,AMD EPYC 7763,IndelBenchmarks,Length=32,NormalizedSimilarity_Utf16,1.07
2026-08-20,7946f61772df2cbb0a6c140e557731e594b801fc,AMD EPYC 7763,IndelBenchmarks,Length=32,SubsequenceLength_Utf16,1.03
2026-08-20,7946f61772df2cbb0a6c140e557731e594b801fc,AMD EPYC 7763,IndelBenchmarks,Length=128,Distance_Utf16,1.0
2026-08-20,7946f61772df2cbb0a6c140e557731e594b801fc,AMD EPYC 7763,IndelBenchmarks,Length=128,Distance_CodePoint,18.65
2026-08-20,7946f61772df2cbb0a6c140e557731e594b801fc,AMD EPYC 7763,IndelBenchmarks,Length=128,NormalizedSimilarity_Utf16,1.1
2026-08-20,7946f61772df2cbb0a6c140e557731e594b801fc,AMD EPYC 7763,IndelBenchmarks,Length=128,SubsequenceLength_Utf16,1.07
2026-08-20,7946f61772df2cbb0a6c140e557731e594b801fc,AMD EPYC 7763,IndelBenchmarks,Length=512,Distance_Utf16,1.0
2026-08-20,7946f61772df2cbb0a6c140e557731e594b801fc,AMD EPYC 7763,IndelBenchmarks,Length=512,Distance_CodePoint,29.67
2026-08-20,7946f61772df2cbb0a6c140e557731e594b801fc,AMD EPYC 7763,IndelBenchmarks,Length=512,NormalizedSimilarity_Utf16,1.03
2026-08-20,7946f61772df2cbb0a6c140e557731e594b801fc,AMD EPYC 7763,IndelBenchmarks,Length=512,SubsequenceLength_Utf16,1.0
2026-08-20,7946f61772df2cbb0a6c140e557731e594b801fc,AMD EPYC 7763,LcsGateBenchmarks,Band=8,Dp,1.0
2026-08-20,7946f61772df2cbb0a6c140e557731e594b801fc,AMD EPYC 7763,LcsGateBenchmarks,Band=8,Kernel,0.42
2026-08-20,7946f61772df2cbb0a6c140e557731e594b801fc,AMD EPYC 7763,LcsGateBenchmarks,Band=12,Dp,1.0
2026-08-20,7946f61772df2cbb0a6c140e557731e594b801fc,AMD EPYC 7763,LcsGateBenchmarks,Band=12,Kernel,0.28
2026-08-20,7946f61772df2cbb0a6c140e557731e594b801fc,AMD EPYC 7763,LcsGateBenchmarks,Band=14,Dp,1.0
2026-08-20,7946f61772df2cbb0a6c140e557731e594b801fc,AMD EPYC 7763,LcsGateBenchmarks,Band=14,Kernel,0.22
2026-08-20,7946f61772df2cbb0a6c140e557731e594b801fc,AMD EPYC 7763,LcsGateBenchmarks,Band=16,Dp,1.0
2026-08-20,7946f61772df2cbb0a6c140e557731e594b801fc,AMD EPYC 7763,LcsGateBenchmarks,Band=16,Kernel,0.19
2026-08-20,7946f61772df2cbb0a6c140e557731e594b801fc,AMD EPYC 7763,LcsGateBenchmarks,Band=18,Dp,1.0
2026-08-20,7946f61772df2cbb0a6c140e557731e594b801fc,AMD EPYC 7763,LcsGateBenchmarks,Band=18,Kernel,0.17
2026-08-20,7946f61772df2cbb0a6c140e557731e594b801fc,AMD EPYC 7763,LcsGateBenchmarks,Band=20,Dp,1.0
2026-08-20,7946f61772df2cbb0a6c140e557731e594b801fc,AMD EPYC 7763,LcsGateBenchmarks,Band=20,Kernel,0.1
2026-08-20,7946f61772df2cbb0a6c140e557731e594b801fc,AMD EPYC 7763,LcsGateBenchmarks,Band=24,Dp,1.0
2026-08-20,7946f61772df2cbb0a6c140e557731e594b801fc,AMD EPYC 7763,LcsGateBenchmarks,Band=24,Kernel,0.09
2026-08-20,7946f61772df2cbb0a6c140e557731e594b801fc,AMD EPYC 7763,LcsGateBenchmarks,Band=32,Dp,1.0
2026-08-20,7946f61772df2cbb0a6c140e557731e594b801fc,AMD EPYC 7763,LcsGateBenchmarks,Band=32,Kernel,0.06
2026-08-20,7946f61772df2cbb0a6c140e557731e594b801fc,AMD EPYC 7763,LcsGateBenchmarks,Band=48,Dp,1.0
2026-08-20,7946f61772df2cbb0a6c140e557731e594b801fc,AMD EPYC 7763,LcsGateBenchmarks,Band=48,Kernel,0.04
2026-08-20,7946f61772df2cbb0a6c140e557731e594b801fc,AMD EPYC 7763,LcsGateBenchmarks,Band=64,Dp,1.0
2026-08-20,7946f61772df2cbb0a6c140e557731e594b801fc,AMD EPYC 7763,LcsGateBenchmarks,Band=64,Kernel,0.03
2026-08-20,7946f61772df2cbb0a6c140e557731e594b801fc,AMD EPYC 7763,LcsGateBenchmarks,Band=96,Dp,1.01
2026-08-20,7946f61772df2cbb0a6c140e557731e594b801fc,AMD EPYC 7763,LcsGateBenchmarks,Band=96,Kernel,0.08
2026-08-20,7946f61772df2cbb0a6c140e557731e594b801fc,AMD EPYC 7763,LevenshteinBenchmarks,Length=8,Distance_Utf16,1.0
2026-08-20,7946f61772df2cbb0a6c140e557731e594b801fc,AMD EPYC 7763,LevenshteinBenchmarks,Length=8,Distance_CodePoint,4.62
2026-08-20,7946f61772df2cbb0a6c140e557731e594b801fc,AMD EPYC 7763,LevenshteinBenchmarks,Length=8,NormalizedSimilarity_Utf16,0.98
2026-08-20,7946f61772df2cbb0a6c140e557731e594b801fc,AMD EPYC 7763,LevenshteinBenchmarks,Length=64,Distance_Utf16,1.0
2026-08-20,7946f61772df2cbb0a6c140e557731e594b801fc,AMD EPYC 7763,LevenshteinBenchmarks,Length=64,Distance_CodePoint,2.47
2026-08-20,7946f61772df2cbb0a6c140e557731e594b801fc,AMD EPYC 7763,LevenshteinBenchmarks,Length=64,NormalizedSimilarity_Utf16,1.01
2026-08-20,7946f61772df2cbb0a6c140e557731e594b801fc,AMD EPYC 7763,LevenshteinBenchmarks,Length=512,Distance_Utf16,1.0
2026-08-20,7946f61772df2cbb0a6c140e557731e594b801fc,AMD EPYC 7763,LevenshteinBenchmarks,Length=512,Distance_CodePoint,1.2
2026-08-20,7946f61772df2cbb0a6c140e557731e594b801fc,AMD EPYC 7763,LevenshteinBenchmarks,Length=512,NormalizedSimilarity_Utf16,1.03
2026-08-20,7946f61772df2cbb0a6c140e557731e594b801fc,AMD EPYC 7763,LevenshteinCodePointBenchmarks,"Length=16, Distinct=32",Distance_CodePoint,1.0
2026-08-20,7946f61772df2cbb0a6c140e557731e594b801fc,AMD EPYC 7763,LevenshteinCodePointBenchmarks,"Length=16, Distinct=32",Distance_Utf16,4.36
2026-08-20,7946f61772df2cbb0a6c140e557731e594b801fc,AMD EPYC 7763,LevenshteinCodePointBenchmarks,"Length=16, Distinct=512",Distance_CodePoint,1.0
2026-08-20,7946f61772df2cbb0a6c140e557731e594b801fc,AMD EPYC 7763,LevenshteinCodePointBenchmarks,"Length=16, Distinct=512",Distance_Utf16,4.72
2026-08-20,7946f61772df2cbb0a6c140e557731e594b801fc,AMD EPYC 7763,LevenshteinCodePointBenchmarks,"Length=24, Distinct=32",Distance_CodePoint,1.0
2026-08-20,7946f61772df2cbb0a6c140e557731e594b801fc,AMD EPYC 7763,LevenshteinCodePointBenchmarks,"Length=24, Distinct=32",Distance_Utf16,8.44
2026-08-20,7946f61772df2cbb0a6c140e557731e594b801fc,AMD EPYC 7763,LevenshteinCodePointBenchmarks,"Length=24, Distinct=512",Distance_CodePoint,1.0
2026-08-20,7946f61772df2cbb0a6c140e557731e594b801fc,AMD EPYC 7763,LevenshteinCodePointBenchmarks,"Length=24, Distinct=512",Distance_Utf16,8.74
2026-08-20,7946f61772df2cbb0a6c140e557731e594b801fc,AMD EPYC 7763,LevenshteinCodePointBenchmarks,"Length=32, Distinct=32",Distance_CodePoint,1.0
2026-08-20,7946f61772df2cbb0a6c140e557731e594b801fc,AMD EPYC 7763,LevenshteinCodePointBenchmarks,"Length=32, Distinct=32",Distance_Utf16,12.91
2026-08-20,7946f61772df2cbb0a6c140e557731e594b801fc,AMD EPYC 7763,LevenshteinCodePointBenchmarks,"Length=32, Distinct=512",Distance_CodePoint,1.0
2026-08-20,7946f61772df2cbb0a6c140e557731e594b801fc,AMD EPYC 7763,LevenshteinCodePointBenchmarks,"Length=32, Distinct=512",Distance_Utf16,13.44
2026-08-20,7946f61772df2cbb0a6c140e557731e594b801fc,AMD EPYC 7763,LevenshteinCodePointBenchmarks,"Length=40, Distinct=32",Distance_CodePoint,1.0
2026-08-20,7946f61772df2cbb0a6c140e557731e594b801fc,AMD EPYC 7763,LevenshteinCodePointBenchmarks,"Length=40, Distinct=32",Distance_Utf16,17.63
2026-08-20,7946f61772df2cbb0a6c140e557731e594b801fc,AMD EPYC 7763,LevenshteinCodePointBenchmarks,"Length=40, Distinct=512",Distance_CodePoint,1.0
2026-08-20,7946f61772df2cbb0a6c140e557731e594b801fc,AMD EPYC 7763,LevenshteinCodePointBenchmarks,"Length=40, Distinct=512",Distance_Utf16,17.65
2026-08-20,7946f61772df2cbb0a6c140e557731e594b801fc,AMD EPYC 7763,LevenshteinCodePointBenchmarks,"Length=128, Distinct=32",Distance_CodePoint,1.0
2026-08-20,7946f61772df2cbb0a6c140e557731e594b801fc,AMD EPYC 7763,LevenshteinCodePointBenchmarks,"Length=128, Distinct=32",Distance_Utf16,56.06
2026-08-20,7946f61772df2cbb0a6c140e557731e594b801fc,AMD EPYC 7763,LevenshteinCodePointBenchmarks,"Length=128, Distinct=512",Distance_CodePoint,1.0
2026-08-20,7946f61772df2cbb0a6c140e557731e594b801fc,AMD EPYC 7763,LevenshteinCodePointBenchmarks,"Length=128, Distinct=512",Distance_Utf16,47.49
2026-08-20,7946f61772df2cbb0a6c140e557731e594b801fc,AMD EPYC 7763,LevenshteinCodePointBenchmarks,"Length=512, Distinct=32",Distance_CodePoint,1.0
2026-08-20,7946f61772df2cbb0a6c140e557731e594b801fc,AMD EPYC 7763,LevenshteinCodePointBenchmarks,"Length=512, Distinct=32",Distance_Utf16,127.51
2026-08-20,7946f61772df2cbb0a6c140e557731e594b801fc,AMD EPYC 7763,LevenshteinCodePointBenchmarks,"Length=512, Distinct=512",Distance_CodePoint,1.0
2026-08-20,7946f61772df2cbb0a6c140e557731e594b801fc,AMD EPYC 7763,LevenshteinCodePointBenchmarks,"Length=512, Distinct=512",Distance_Utf16,4.08
2026-08-20,7946f61772df2cbb0a6c140e557731e594b801fc,AMD EPYC 7763,MyersGateBenchmarks,Band=4,Dp,1.0
2026-08-20,7946f61772df2cbb0a6c140e557731e594b801fc,AMD EPYC 7763,MyersGateBenchmarks,Band=4,Kernel,1.0
2026-08-20,7946f61772df2cbb0a6c140e557731e594b801fc,AMD EPYC 7763,MyersGateBenchmarks,Band=6,Dp,1.0
2026-08-20,7946f61772df2cbb0a6c140e557731e594b801fc,AMD EPYC 7763,MyersGateBenchmarks,Band=6,Kernel,1.0
2026-08-20,7946f61772df2cbb0a6c140e557731e594b801fc,AMD EPYC 7763,MyersGateBenchmarks,Band=8,Dp,1.0
2026-08-20,7946f61772df2cbb0a6c140e557731e594b801fc,AMD EPYC 7763,MyersGateBenchmarks,Band=8,Kernel,0.55
2026-08-20,7946f61772df2cbb0a6c140e557731e594b801fc,AMD EPYC 7763,MyersGateBenchmarks,Band=10,Dp,1.0
2026-08-20,7946f61772df2cbb0a6c140e557731e594b801fc,AMD EPYC 7763,MyersGateBenchmarks,Band=10,Kernel,0.47
2026-08-20,7946f61772df2cbb0a6c140e557731e594b801fc,AMD EPYC 7763,MyersGateBenchmarks,Band=12,Dp,1.0
2026-08-20,7946f61772df2cbb0a6c140e557731e594b801fc,AMD EPYC 7763,MyersGateBenchmarks,Band=12,Kernel,0.43
2026-08-20,7946f61772df2cbb0a6c140e557731e594b801fc,AMD EPYC 7763,MyersGateBenchmarks,Band=16,Dp,1.0
2026-08-20,7946f61772df2cbb0a6c140e557731e594b801fc,AMD EPYC 7763,MyersGateBenchmarks,Band=16,Kernel,0.3
2026-08-20,7946f61772df2cbb0a6c140e557731e594b801fc,AMD EPYC 7763,MyersGateBenchmarks,Band=24,Dp,1.0
2026-08-20,7946f61772df2cbb0a6c140e557731e594b801fc,AMD EPYC 7763,MyersGateBenchmarks,Band=24,Kernel,0.17
2026-08-20,7946f61772df2cbb0a6c140e557731e594b801fc,AMD EPYC 7763,MyersGateBenchmarks,Band=32,Dp,1.0
2026-08-20,7946f61772df2cbb0a6c140e557731e594b801fc,AMD EPYC 7763,MyersGateBenchmarks,Band=32,Kernel,0.13
2026-08-20,7946f61772df2cbb0a6c140e557731e594b801fc,AMD EPYC 7763,MyersGateBenchmarks,Band=48,Dp,1.0
2026-08-20,7946f61772df2cbb0a6c140e557731e594b801fc,AMD EPYC 7763,MyersGateBenchmarks,Band=48,Kernel,0.08
2026-08-20,7946f61772df2cbb0a6c140e557731e594b801fc,AMD EPYC 7763,MyersGateBenchmarks,Band=64,Dp,1.0
2026-08-20,7946f61772df2cbb0a6c140e557731e594b801fc,AMD EPYC 7763,MyersGateBenchmarks,Band=64,Kernel,0.05
2026-08-20,7946f61772df2cbb0a6c140e557731e594b801fc,AMD EPYC 7763,MyersGateBenchmarks,Band=96,Dp,1.0
2026-08-20,7946f61772df2cbb0a6c140e557731e594b801fc,AMD EPYC 7763,MyersGateBenchmarks,Band=96,Kernel,0.07
2026-08-20,7946f61772df2cbb0a6c140e557731e594b801fc,AMD EPYC 7763,StopWordBenchmarks,Documents=200,Count,1.0
2026-08-20,7946f61772df2cbb0a6c140e557731e594b801fc,AMD EPYC 7763,StopWordBenchmarks,Documents=200,CountWithStopWords,0.85
2026-08-20,7946f61772df2cbb0a6c140e557731e594b801fc,AMD EPYC 7763,StopWordBenchmarks,Documents=200,Hashing,0.99
2026-08-20,7946f61772df2cbb0a6c140e557731e594b801fc,AMD EPYC 7763,StopWordBenchmarks,Documents=200,HashingWithStopWords,0.87
2026-08-20,7946f61772df2cbb0a6c140e557731e594b801fc,AMD EPYC 7763,StopWordBenchmarks,Documents=1000,Count,1.0
2026-08-20,7946f61772df2cbb0a6c140e557731e594b801fc,AMD EPYC 7763,StopWordBenchmarks,Documents=1000,CountWithStopWords,0.79
2026-08-20,7946f61772df2cbb0a6c140e557731e594b801fc,AMD EPYC 7763,StopWordBenchmarks,Documents=1000,Hashing,0.96
2026-08-20,7946f61772df2cbb0a6c140e557731e594b801fc,AMD EPYC 7763,StopWordBenchmarks,Documents=1000,HashingWithStopWords,0.82
2026-08-20,7946f61772df2cbb0a6c140e557731e594b801fc,AMD EPYC 7763,VectorMathBenchmarks,Dim=384,Dot,1.0
2026-08-20,7946f61772df2cbb0a6c140e557731e594b801fc,AMD EPYC 7763,VectorMathBenchmarks,Dim=384,L2Norm,1.01
2026-08-20,7946f61772df2cbb0a6c140e557731e594b801fc,AMD EPYC 7763,VectorMathBenchmarks,Dim=768,Dot,1.0
2026-08-20,7946f61772df2cbb0a6c140e557731e594b801fc,AMD EPYC 7763,VectorMathBenchmarks,Dim=768,L2Norm,0.98
2026-08-20,7946f61772df2cbb0a6c140e557731e594b801fc,AMD EPYC 7763,VectorMathBenchmarks,Dim=1024,Dot,1.0
2026-08-20,7946f61772df2cbb0a6c140e557731e594b801fc,AMD EPYC 7763,VectorMathBenchmarks,Dim=1024,L2Norm,0.99
2026-08-20,7946f61772df2cbb0a6c140e557731e594b801fc,AMD EPYC 7763,VectorizerBenchmarks,Documents=200,Count,1.0
2026-08-20,7946f61772df2cbb0a6c140e557731e594b801fc,AMD EPYC 7763,VectorizerBenchmarks,Documents=200,Tfidf,1.03
2026-08-20,7946f61772df2cbb0a6c140e557731e594b801fc,AMD EPYC 7763,VectorizerBenchmarks,Documents=200,CountBigrams,1.3
2026-08-20,7946f61772df2cbb0a6c140e557731e594b801fc,AMD EPYC 7763,VectorizerBenchmarks,Documents=200,Hashing,0.99
2026-08-20,7946f61772df2cbb0a6c140e557731e594b801fc,AMD EPYC 7763,VectorizerBenchmarks,Documents=1000,Count,1.0
2026-08-20,7946f61772df2cbb0a6c140e557731e594b801fc,AMD EPYC 7763,VectorizerBenchmarks,Documents=1000,Tfidf,1.03
2026-08-20,7946f61772df2cbb0a6c140e557731e594b801fc,AMD EPYC 7763,VectorizerBenchmarks,Documents=1000,CountBigrams,1.62
2026-08-20,7946f61772df2cbb0a6c140e557731e594b801fc,AMD EPYC 7763,VectorizerBenchmarks,Documents=1000,Hashing,0.99
2026-08-20,bda170f7bcad59ca70ba7c0e184f3e589e40d91b,AMD EPYC 7763,BatchEmbeddingBenchmarks,CorpusSize=1,UnitLoop,1.0
2026-08-20,bda170f7bcad59ca70ba7c0e184f3e589e40d91b,AMD EPYC 7763,BatchEmbeddingBenchmarks,CorpusSize=1,EmbedBatch,1.0
2026-08-20,bda170f7bcad59ca70ba7c0e184f3e589e40d91b,AMD EPYC 7763,BatchEmbeddingBenchmarks,CorpusSize=1,EmbedBatchBucketed,1.01
2026-08-20,bda170f7bcad59ca70ba7c0e184f3e589e40d91b,AMD EPYC 7763,BatchEmbeddingBenchmarks,CorpusSize=8,UnitLoop,1.0
2026-08-20,bda170f7bcad59ca70ba7c0e184f3e589e40d91b,AMD EPYC 7763,BatchEmbeddingBenchmarks,CorpusSize=8,EmbedBatch,0.65
2026-08-20,bda170f7bcad59ca70ba7c0e184f3e589e40d91b,AMD EPYC 7763,BatchEmbeddingBenchmarks,CorpusSize=8,EmbedBatchBucketed,0.64
2026-08-20,bda170f7bcad59ca70ba7c0e184f3e589e40d91b,AMD EPYC 7763,BatchEmbeddingBenchmarks,CorpusSize=32,UnitLoop,1.0
2026-08-20,bda170f7bcad59ca70ba7c0e184f3e589e40d91b,AMD EPYC 7763,BatchEmbeddingBenchmarks,CorpusSize=32,EmbedBatch,0.61
2026-08-20,bda170f7bcad59ca70ba7c0e184f3e589e40d91b,AMD EPYC 7763,BatchEmbeddingBenchmarks,CorpusSize=32,EmbedBatchBucketed,0.58
2026-08-20,bda170f7bcad59ca70ba7c0e184f3e589e40d91b,AMD EPYC 7763,BatchEmbeddingBenchmarks,CorpusSize=128,UnitLoop,1.0
2026-08-20,bda170f7bcad59ca70ba7c0e184f3e589e40d91b,AMD EPYC 7763,BatchEmbeddingBenchmarks,CorpusSize=128,EmbedBatch,0.61
2026-08-20,bda170f7bcad59ca70ba7c0e184f3e589e40d91b,AMD EPYC 7763,BatchEmbeddingBenchmarks,CorpusSize=128,EmbedBatchBucketed,0.56
2026-08-20,bda170f7bcad59ca70ba7c0e184f3e589e40d91b,AMD EPYC 7763,BpeBenchmarks,,Unigram,1.0
2026-08-20,bda170f7bcad59ca70ba7c0e184f3e589e40d91b,AMD EPYC 7763,BpeBenchmarks,,Bpe,0.96
2026-08-20,bda170f7bcad59ca70ba7c0e184f3e589e40d91b,AMD EPYC 7763,FuzzBenchmarks,,Ratio,1.0
2026-08-20,bda170f7bcad59ca70ba7c0e184f3e589e40d91b,AMD EPYC 7763,FuzzBenchmarks,,PartialRatio,183.81
2026-08-20,bda170f7bcad59ca70ba7c0e184f3e589e40d91b,AMD EPYC 7763,FuzzBenchmarks,,TokenSortRatio,10.78
2026-08-20,bda170f7bcad59ca70ba7c0e184f3e589e40d91b,AMD EPYC 7763,FuzzBenchmarks,,TokenSetRatio,33.47
2026-08-20,bda170f7bcad59ca70ba7c0e184f3e589e40d91b,AMD EPYC 7763,FuzzBenchmarks,,WRatio,46.52
2026-08-20,bda170f7bcad59ca70ba7c0e184f3e589e40d91b,AMD EPYC 7763,IndelBenchmarks,Length=8,Distance_Utf16,1.0
2026-08-20,bda170f7bcad59ca70ba7c0e184f3e589e40d91b,AMD EPYC 7763,IndelBenchmarks,Length=8,Distance_CodePoint,4.82
2026-08-20,bda170f7bcad59ca70ba7c0e184f3e589e40d91b,AMD EPYC 7763,IndelBenchmarks,Length=8,NormalizedSimilarity_Utf16,0.98
2026-08-20,bda170f7bcad59ca70ba7c0e184f3e589e40d91b,AMD EPYC 7763,IndelBenchmarks,Length=8,SubsequenceLength_Utf16,0.97
2026-08-20,bda170f7bcad59ca70ba7c0e184f3e589e40d91b,AMD EPYC 7763,IndelBenchmarks,Length=12,Distance_Utf16,1.0
2026-08-20,bda170f7bcad59ca70ba7c0e184f3e589e40d91b,AMD EPYC 7763,IndelBenchmarks,Length=12,Distance_CodePoint,5.42
2026-08-20,bda170f7bcad59ca70ba7c0e184f3e589e40d91b,AMD EPYC 7763,IndelBenchmarks,Length=12,NormalizedSimilarity_Utf16,0.99
2026-08-20,bda170f7bcad59ca70ba7c0e184f3e589e40d91b,AMD EPYC 7763,IndelBenchmarks,Length=12,SubsequenceLength_Utf16,1.0
2026-08-20,bda170f7bcad59ca70ba7c0e184f3e589e40d91b,AMD EPYC 7763,IndelBenchmarks,Length=16,Distance_Utf16,1.0
2026-08-20,bda170f7bcad59ca70ba7c0e184f3e589e40d91b,AMD EPYC 7763,IndelBenchmarks,Length=16,Distance_CodePoint,5.62
2026-08-20,bda170f7bcad59ca70ba7c0e184f3e589e40d91b,AMD EPYC 7763,IndelBenchmarks,Length=16,NormalizedSimilarity_Utf16,1.01
2026-08-20,bda170f7bcad59ca70ba7c0e184f3e589e40d91b,AMD EPYC 7763,IndelBenchmarks,Length=16,SubsequenceLength_Utf16,1.08
2026-08-20,bda170f7bcad59ca70ba7c0e184f3e589e40d91b,AMD EPYC 7763,IndelBenchmarks,Length=20,Distance_Utf16,1.0
2026-08-20,bda170f7bcad59ca70ba7c0e184f3e589e40d91b,AMD EPYC 7763,IndelBenchmarks,Length=20,Distance_CodePoint,2.11
2026-08-20,bda170f7bcad59ca70ba7c0e184f3e589e40d91b,AMD EPYC 7763,IndelBenchmarks,Length=20,NormalizedSimilarity_Utf16,0.99
2026-08-20,bda170f7bcad59ca70ba7c0e184f3e589e40d91b,AMD EPYC 7763,IndelBenchmarks,Length=20,SubsequenceLength_Utf16,1.0
2026-08-20,bda170f7bcad59ca70ba7c0e184f3e589e40d91b,AMD EPYC 7763,IndelBenchmarks,Length=24,Distance_Utf16,1.0
2026-08-20,bda170f7bcad59ca70ba7c0e184f3e589e40d91b,AMD EPYC 7763,IndelBenchmarks,Length=24,Distance_CodePoint,12.13
2026-08-20,bda170f7bcad59ca70ba7c0e184f3e589e40d91b,AMD EPYC 7763,IndelBenchmarks,Length=24,NormalizedSimilarity_Utf16,0.99
2026-08-20,bda170f7bcad59ca70ba7c0e184f3e589e40d91b,AMD EPYC 7763,IndelBenchmarks,Length=24,SubsequenceLength_Utf16,1.04
2026-08-20,bda170f7bcad59ca70ba7c0e184f3e589e40d91b,AMD EPYC 7763,IndelBenchmarks,Length=32,Distance_Utf16,1.0
2026-08-20,bda170f7bcad59ca70ba7c0e184f3e589e40d91b,AMD EPYC 7763,IndelBenchmarks,Length=32,Distance_CodePoint,17.29
2026-08-20,bda170f7bcad59ca70ba7c0e184f3e589e40d91b,AMD EPYC 7763,IndelBenchmarks,Length=32,NormalizedSimilarity_Utf16,1.07
2026-08-20,bda170f7bcad59ca70ba7c0e184f3e589e40d91b,AMD EPYC 7763,IndelBenchmarks,Length=32,SubsequenceLength_Utf16,1.0
2026-08-20,bda170f7bcad59ca70ba7c0e184f3e589e40d91b,AMD EPYC 7763,IndelBenchmarks,Length=128,Distance_Utf16,1.0
2026-08-20,bda170f7bcad59ca70ba7c0e184f3e589e40d91b,AMD EPYC 7763,IndelBenchmarks,Length=128,Distance_CodePoint,16.9
2026-08-20,bda170f7bcad59ca70ba7c0e184f3e589e40d91b,AMD EPYC 7763,IndelBenchmarks,Length=128,NormalizedSimilarity_Utf16,1.05
2026-08-20,bda170f7bcad59ca70ba7c0e184f3e589e40d91b,AMD EPYC 7763,IndelBenchmarks,Length=128,SubsequenceLength_Utf16,1.07
2026-08-20,bda170f7bcad59ca70ba7c0e184f3e589e40d91b,AMD EPYC 7763,IndelBenchmarks,Length=512,Distance_Utf16,1.0
2026-08-20,bda170f7bcad59ca70ba7c0e184f3e589e40d91b,AMD EPYC 7763,IndelBenchmarks,Length=512,Distance_CodePoint,29.46
2026-08-20,bda170f7bcad59ca70ba7c0e184f3e589e40d91b,AMD EPYC 7763,IndelBenchmarks,Length=512,NormalizedSimilarity_Utf16,1.04
2026-08-20,bda170f7bcad59ca70ba7c0e184f3e589e40d91b,AMD EPYC 7763,IndelBenchmarks,Length=512,SubsequenceLength_Utf16,1.0
2026-08-20,bda170f7bcad59ca70ba7c0e184f3e589e40d91b,AMD EPYC 7763,LcsGateBenchmarks,Band=8,Dp,1.0
2026-08-20,bda170f7bcad59ca70ba7c0e184f3e589e40d91b,AMD EPYC 7763,LcsGateBenchmarks,Band=8,Kernel,0.43
2026-08-20,bda170f7bcad59ca70ba7c0e184f3e589e40d91b,AMD EPYC 7763,LcsGateBenchmarks,Band=12,Dp,1.0
2026-08-20,bda170f7bcad59ca70ba7c0e184f3e589e40d91b,AMD EPYC 7763,LcsGateBenchmarks,Band=12,Kernel,0.27
2026-08-20,bda170f7bcad59ca70ba7c0e184f3e589e40d91b,AMD EPYC 7763,LcsGateBenchmarks,Band=14,Dp,1.0
2026-08-20,bda170f7bcad59ca70ba7c0e184f3e589e40d91b,AMD EPYC 7763,LcsGateBenchmarks,Band=14,Kernel,0.23
2026-08-20,bda170f7bcad59ca70ba7c0e184f3e589e40d91b,AMD EPYC 7763,LcsGateBenchmarks,Band=16,Dp,1.0
2026-08-20,bda170f7bcad59ca70ba7c0e184f3e589e40d91b,AMD EPYC 7763,LcsGateBenchmarks,Band=16,Kernel,0.19
2026-08-20,bda170f7bcad59ca70ba7c0e184f3e589e40d91b,AMD EPYC 7763,LcsGateBenchmarks,Band=18,Dp,1.0
2026-08-20,bda170f7bcad59ca70ba7c0e184f3e589e40d91b,AMD EPYC 7763,LcsGateBenchmarks,Band=18,Kernel,0.16
2026-08-20,bda170f7bcad59ca70ba7c0e184f3e589e40d91b,AMD EPYC 7763,LcsGateBenchmarks,Band=20,Dp,1.0
2026-08-20,bda170f7bcad59ca70ba7c0e184f3e589e40d91b,AMD EPYC 7763,LcsGateBenchmarks,Band=20,Kernel,0.1
2026-08-20,bda170f7bcad59ca70ba7c0e184f3e589e40d91b,AMD EPYC 7763,LcsGateBenchmarks,Band=24,Dp,1.0
2026-08-20,bda170f7bcad59ca70ba7c0e184f3e589e40d91b,AMD EPYC 7763,LcsGateBenchmarks,Band=24,Kernel,0.09
2026-08-20,bda170f7bcad59ca70ba7c0e184f3e589e40d91b,AMD EPYC 7763,LcsGateBenchmarks,Band=32,Dp,1.0
2026-08-20,bda170f7bcad59ca70ba7c0e184f3e589e40d91b,AMD EPYC 7763,LcsGateBenchmarks,Band=32,Kernel,0.07
2026-08-20,bda170f7bcad59ca70ba7c0e184f3e589e40d91b,AMD EPYC 7763,LcsGateBenchmarks,Band=48,Dp,1.0
2026-08-20,bda170f7bcad59ca70ba7c0e184f3e589e40d91b,AMD EPYC 7763,LcsGateBenchmarks,Band=48,Kernel,0.04
2026-08-20,bda170f7bcad59ca70ba7c0e184f3e589e40d91b,AMD EPYC 7763,LcsGateBenchmarks,Band=64,Dp,1.0
2026-08-20,bda170f7bcad59ca70ba7c0e184f3e589e40d91b,AMD EPYC 7763,LcsGateBenchmarks,Band=64,Kernel,0.03
2026-08-20,bda170f7bcad59ca70ba7c0e184f3e589e40d91b,AMD EPYC 7763,LcsGateBenchmarks,Band=96,Dp,1.0
2026-08-20,bda170f7bcad59ca70ba7c0e184f3e589e40d91b,AMD EPYC 7763,LcsGateBenchmarks,Band=96,Kernel,0.09
2026-08-20,bda170f7bcad59ca70ba7c0e184f3e589e40d91b,AMD EPYC 7763,LevenshteinBenchmarks,Length=8,Distance_Utf16,1.0
2026-08-20,bda170f7bcad59ca70ba7c0e184f3e589e40d91b,AMD EPYC 7763,LevenshteinBenchmarks,Length=8,Distance_CodePoint,4.71
2026-08-20,bda170f7bcad59ca70ba7c0e184f3e589e40d91b,AMD EPYC 7763,LevenshteinBenchmarks,Length=8,NormalizedSimilarity_Utf16,1.0
2026-08-20,bda170f7bcad59ca70ba7c0e184f3e589e40d91b,AMD EPYC 7763,LevenshteinBenchmarks,Length=64,Distance_Utf16,1.0
2026-08-20,bda170f7bcad59ca70ba7c0e184f3e589e40d91b,AMD EPYC 7763,LevenshteinBenchmarks,Length=64,Distance_CodePoint,2.45
2026-08-20,bda170f7bcad59ca70ba7c0e184f3e589e40d91b,AMD EPYC 7763,LevenshteinBenchmarks,Length=64,NormalizedSimilarity_Utf16,0.99
2026-08-20,bda170f7bcad59ca70ba7c0e184f3e589e40d91b,AMD EPYC 7763,LevenshteinBenchmarks,Length=512,Distance_Utf16,1.0
2026-08-20,bda170f7bcad59ca70ba7c0e184f3e589e40d91b,AMD EPYC 7763,LevenshteinBenchmarks,Length=512,Distance_CodePoint,1.16
2026-08-20,bda170f7bcad59ca70ba7c0e184f3e589e40d91b,AMD EPYC 7763,LevenshteinBenchmarks,Length=512,NormalizedSimilarity_Utf16,1.01
2026-08-20,bda170f7bcad59ca70ba7c0e184f3e589e40d91b,AMD EPYC 7763,LevenshteinCodePointBenchmarks,"Length=16, Distinct=32",Distance_CodePoint,1.0
2026-08-20,bda170f7bcad59ca70ba7c0e184f3e589e40d91b,AMD EPYC 7763,LevenshteinCodePointBenchmarks,"Length=16, Distinct=32",Distance_Utf16,4.16
2026-08-20,bda170f7bcad59ca70ba7c0e184f3e589e40d91b,AMD EPYC 7763,LevenshteinCodePointBenchmarks,"Length=16, Distinct=512",Distance_CodePoint,1.0
2026-08-20,bda170f7bcad59ca70ba7c0e184f3e589e40d91b,AMD EPYC 7763,LevenshteinCodePointBenchmarks,"Length=16, Distinct=512",Distance_Utf16,3.96
2026-08-20,bda170f7bcad59ca70ba7c0e184f3e589e40d91b,AMD EPYC 7763,LevenshteinCodePointBenchmarks,"Length=24, Distinct=32",Distance_CodePoint,1.0
2026-08-20,bda170f7bcad59ca70ba7c0e184f3e589e40d91b,AMD EPYC 7763,LevenshteinCodePointBenchmarks,"Length=24, Distinct=32",Distance_Utf16,7.9
2026-08-20,bda170f7bcad59ca70ba7c0e184f3e589e40d91b,AMD EPYC 7763,LevenshteinCodePointBenchmarks,"Length=24, Distinct=512",Distance_CodePoint,1.0
2026-08-20,bda170f7bcad59ca70ba7c0e184f3e589e40d91b,AMD EPYC 7763,LevenshteinCodePointBenchmarks,"Length=24, Distinct=512",Distance_Utf16,9.68
2026-08-20,bda170f7bcad59ca70ba7c0e184f3e589e40d91b,AMD EPYC 7763,LevenshteinCodePointBenchmarks,"Length=32, Distinct=32",Distance_CodePoint,1.0
2026-08-20,bda170f7bcad59ca70ba7c0e184f3e589e40d91b,AMD EPYC 7763,LevenshteinCodePointBenchmarks,"Length=32, Distinct=32",Distance_Utf16,12.53
2026-08-20,bda170f7bcad59ca70ba7c0e184f3e589e40d91b,AMD EPYC 7763,LevenshteinCodePointBenchmarks,"Length=32, Distinct=512",Distance_CodePoint,1.0
2026-08-20,bda170f7bcad59ca70ba7c0e184f3e589e40d91b,AMD EPYC 7763,LevenshteinCodePointBenchmarks,"Length=32, Distinct=512",Distance_Utf16,13.4
2026-08-20,bda170f7bcad59ca70ba7c0e184f3e589e40d91b,AMD EPYC 7763,LevenshteinCodePointBenchmarks,"Length=40, Distinct=32",Distance_CodePoint,1.0
2026-08-20,bda170f7bcad59ca70ba7c0e184f3e589e40d91b,AMD EPYC 7763,LevenshteinCodePointBenchmarks,"Length=40, Distinct=32",Distance_Utf16,16.73
2026-08-20,bda170f7bcad59ca70ba7c0e184f3e589e40d91b,AMD EPYC 7763,LevenshteinCodePointBenchmarks,"Length=40, Distinct=512",Distance_CodePoint,1.0
2026-08-20,bda170f7bcad59ca70ba7c0e184f3e589e40d91b,AMD EPYC 7763,LevenshteinCodePointBenchmarks,"Length=40, Distinct=512",Distance_Utf16,17.6
2026-08-20,bda170f7bcad59ca70ba7c0e184f3e589e40d91b,AMD EPYC 7763,LevenshteinCodePointBenchmarks,"Length=128, Distinct=32",Distance_CodePoint,1.0
2026-08-20,bda170f7bcad59ca70ba7c0e184f3e589e40d91b,AMD EPYC 7763,LevenshteinCodePointBenchmarks,"Length=128, Distinct=32",Distance_Utf16,57.5
2026-08-20,bda170f7bcad59ca70ba7c0e184f3e589e40d91b,AMD EPYC 7763,LevenshteinCodePointBenchmarks,"Length=128, Distinct=512",Distance_CodePoint,1.0
2026-08-20,bda170f7bcad59ca70ba7c0e184f3e589e40d91b,AMD EPYC 7763,LevenshteinCodePointBenchmarks,"Length=128, Distinct=512",Distance_Utf16,43.54
2026-08-20,bda170f7bcad59ca70ba7c0e184f3e589e40d91b,AMD EPYC 7763,LevenshteinCodePointBenchmarks,"Length=512, Distinct=32",Distance_CodePoint,1.0
2026-08-20,bda170f7bcad59ca70ba7c0e184f3e589e40d91b,AMD EPYC 7763,LevenshteinCodePointBenchmarks,"Length=512, Distinct=32",Distance_Utf16,131.0
2026-08-20,bda170f7bcad59ca70ba7c0e184f3e589e40d91b,AMD EPYC 7763,LevenshteinCodePointBenchmarks,"Length=512, Distinct=512",Distance_CodePoint,1.0
2026-08-20,bda170f7bcad59ca70ba7c0e184f3e589e40d91b,AMD EPYC 7763,LevenshteinCodePointBenchmarks,"Length=512, Distinct=512",Distance_Utf16,3.94
2026-08-20,bda170f7bcad59ca70ba7c0e184f3e589e40d91b,AMD EPYC 7763,MyersGateBenchmarks,Band=4,Dp,1.0
2026-08-20,bda170f7bcad59ca70ba7c0e184f3e589e40d91b,AMD EPYC 7763,MyersGateBenchmarks,Band=4,Kernel,1.0
2026-08-20,bda170f7bcad59ca70ba7c0e184f3e589e40d91b,AMD EPYC 7763,MyersGateBenchmarks,Band=6,Dp,1.0
2026-08-20,bda170f7bcad59ca70ba7c0e184f3e589e40d91b,AMD EPYC 7763,MyersGateBenchmarks,Band=6,Kernel,0.99
2026-08-20,bda170f7bcad59ca70ba7c0e184f3e589e40d91b,AMD EPYC 7763,MyersGateBenchmarks,Band=8,Dp,1.0
2026-08-20,bda170f7bcad59ca70ba7c0e184f3e589e40d91b,AMD EPYC 7763,MyersGateBenchmarks,Band=8,Kernel,0.57
2026-08-20,bda170f7bcad59ca70ba7c0e184f3e589e40d91b,AMD EPYC 7763,MyersGateBenchmarks,Band=10,Dp,1.0
2026-08-20,bda170f7bcad59ca70ba7c0e184f3e589e40d91b,AMD EPYC 7763,MyersGateBenchmarks,Band=10,Kernel,0.48
2026-08-20,bda170f7bcad59ca70ba7c0e184f3e589e40d91b,AMD EPYC 7763,MyersGateBenchmarks,Band=12,Dp,1.0
2026-08-20,bda170f7bcad59ca70ba7c0e184f3e589e40d91b,AMD EPYC 7763,MyersGateBenchmarks,Band=12,Kernel,0.43
2026-08-20,bda170f7bcad59ca70ba7c0e184f3e589e40d91b,AMD EPYC 7763,MyersGateBenchmarks,Band=16,Dp,1.0
2026-08-20,bda170f7bcad59ca70ba7c0e184f3e589e40d91b,AMD EPYC 7763,MyersGateBenchmarks,Band=16,Kernel,0.29
2026-08-20,bda170f7bcad59ca70ba7c0e184f3e589e40d91b,AMD EPYC 7763,MyersGateBenchmarks,Band=24,Dp,1.0
2026-08-20,bda170f7bcad59ca70ba7c0e184f3e589e40d91b,AMD EPYC 7763,MyersGateBenchmarks,Band=24,Kernel,0.18
2026-08-20,bda170f7bcad59ca70ba7c0e184f3e589e40d91b,AMD EPYC 7763,MyersGateBenchmarks,Band=32,Dp,1.0
2026-08-20,bda170f7bcad59ca70ba7c0e184f3e589e40d91b,AMD EPYC 7763,MyersGateBenchmarks,Band=32,Kernel,0.13
2026-08-20,bda170f7bcad59ca70ba7c0e184f3e589e40d91b,AMD EPYC 7763,MyersGateBenchmarks,Band=48,Dp,1.0
2026-08-20,bda170f7bcad59ca70ba7c0e184f3e589e40d91b,AMD EPYC 7763,MyersGateBenchmarks,Band=48,Kernel,0.08
2026-08-20,bda170f7bcad59ca70ba7c0e184f3e589e40d91b,AMD EPYC 7763,MyersGateBenchmarks,Band=64,Dp,1.0
2026-08-20,bda170f7bcad59ca70ba7c0e184f3e589e40d91b,AMD EPYC 7763,MyersGateBenchmarks,Band=64,Kernel,0.05
2026-08-20,bda170f7bcad59ca70ba7c0e184f3e589e40d91b,AMD EPYC 7763,MyersGateBenchmarks,Band=96,Dp,1.0
2026-08-20,bda170f7bcad59ca70ba7c0e184f3e589e40d91b,AMD EPYC 7763,MyersGateBenchmarks,Band=96,Kernel,0.08
2026-08-20,bda170f7bcad59ca70ba7c0e184f3e589e40d91b,AMD EPYC 7763,StopWordBenchmarks,Documents=200,Count,1.0
2026-08-20,bda170f7bcad59ca70ba7c0e184f3e589e40d91b,AMD EPYC 7763,StopWordBenchmarks,Documents=200,CountWithStopWords,0.85
2026-08-20,bda170f7bcad59ca70ba7c0e184f3e589e40d91b,AMD EPYC 7763,StopWordBenchmarks,Documents=200,Hashing,0.99
2026-08-20,bda170f7bcad59ca70ba7c0e184f3e589e40d91b,AMD EPYC 7763,StopWordBenchmarks,Documents=200,HashingWithStopWords,0.88
2026-08-20,bda170f7bcad59ca70ba7c0e184f3e589e40d91b,AMD EPYC 7763,StopWordBenchmarks,Documents=1000,Count,1.0
2026-08-20,bda170f7bcad59ca70ba7c0e184f3e589e40d91b,AMD EPYC 7763,StopWordBenchmarks,Documents=1000,CountWithStopWords,0.79
2026-08-20,bda170f7bcad59ca70ba7c0e184f3e589e40d91b,AMD EPYC 7763,StopWordBenchmarks,Documents=1000,Hashing,0.96
2026-08-20,bda170f7bcad59ca70ba7c0e184f3e589e40d91b,AMD EPYC 7763,StopWordBenchmarks,Documents=1000,HashingWithStopWords,0.83
2026-08-20,bda170f7bcad59ca70ba7c0e184f3e589e40d91b,AMD EPYC 7763,VectorMathBenchmarks,Dim=384,Dot,1.0
2026-08-20,bda170f7bcad59ca70ba7c0e184f3e589e40d91b,AMD EPYC 7763,VectorMathBenchmarks,Dim=384,L2Norm,0.98
2026-08-20,bda170f7bcad59ca70ba7c0e184f3e589e40d91b,AMD EPYC 7763,VectorMathBenchmarks,Dim=768,Dot,1.0
2026-08-20,bda170f7bcad59ca70ba7c0e184f3e589e40d91b,AMD EPYC 7763,VectorMathBenchmarks,Dim=768,L2Norm,0.98
2026-08-20,bda170f7bcad59ca70ba7c0e184f3e589e40d91b,AMD EPYC 7763,VectorMathBenchmarks,Dim=1024,Dot,1.0
2026-08-20,bda170f7bcad59ca70ba7c0e184f3e589e40d91b,AMD EPYC 7763,VectorMathBenchmarks,Dim=1024,L2Norm,0.99
2026-08-20,bda170f7bcad59ca70ba7c0e184f3e589e40d91b,AMD EPYC 7763,VectorizerBenchmarks,Documents=200,Count,1.0
2026-08-20,bda170f7bcad59ca70ba7c0e184f3e589e40d91b,AMD EPYC 7763,VectorizerBenchmarks,Documents=200,Tfidf,0.91
2026-08-20,bda170f7bcad59ca70ba7c0e184f3e589e40d91b,AMD EPYC 7763,VectorizerBenchmarks,Documents=200,CountBigrams,1.14
2026-08-20,bda170f7bcad59ca70ba7c0e184f3e589e40d91b,AMD EPYC 7763,VectorizerBenchmarks,Documents=200,Hashing,0.91
2026-08-20,bda170f7bcad59ca70ba7c0e184f3e589e40d91b,AMD EPYC 7763,VectorizerBenchmarks,Documents=1000,Count,1.0
2026-08-20,bda170f7bcad59ca70ba7c0e184f3e589e40d91b,AMD EPYC 7763,VectorizerBenchmarks,Documents=1000,Tfidf,1.02
2026-08-20,bda170f7bcad59ca70ba7c0e184f3e589e40d91b,AMD EPYC 7763,VectorizerBenchmarks,Documents=1000,CountBigrams,1.67
2026-08-20,bda170f7bcad59ca70ba7c0e184f3e589e40d91b,AMD EPYC 7763,VectorizerBenchmarks,Documents=1000,Hashing,0.98
2026-08-20,abfaf002802c5e98262d1a1d5072a1f6bfa644b0,AMD EPYC 7763,BatchEmbeddingBenchmarks,CorpusSize=1,UnitLoop,1.0
2026-08-20,abfaf002802c5e98262d1a1d5072a1f6bfa644b0,AMD EPYC 7763,BatchEmbeddingBenchmarks,CorpusSize=1,EmbedBatch,0.99
2026-08-20,abfaf002802c5e98262d1a1d5072a1f6bfa644b0,AMD EPYC 7763,BatchEmbeddingBenchmarks,CorpusSize=1,EmbedBatchBucketed,1.02
2026-08-20,abfaf002802c5e98262d1a1d5072a1f6bfa644b0,AMD EPYC 7763,BatchEmbeddingBenchmarks,CorpusSize=8,UnitLoop,1.0
2026-08-20,abfaf002802c5e98262d1a1d5072a1f6bfa644b0,AMD EPYC 7763,BatchEmbeddingBenchmarks,CorpusSize=8,EmbedBatch,0.63
2026-08-20,abfaf002802c5e98262d1a1d5072a1f6bfa644b0,AMD EPYC 7763,BatchEmbeddingBenchmarks,CorpusSize=8,EmbedBatchBucketed,0.64
2026-08-20,abfaf002802c5e98262d1a1d5072a1f6bfa644b0,AMD EPYC 7763,BatchEmbeddingBenchmarks,CorpusSize=32,UnitLoop,1.0
2026-08-20,abfaf002802c5e98262d1a1d5072a1f6bfa644b0,AMD EPYC 7763,BatchEmbeddingBenchmarks,CorpusSize=32,EmbedBatch,0.63
2026-08-20,abfaf002802c5e98262d1a1d5072a1f6bfa644b0,AMD EPYC 7763,BatchEmbeddingBenchmarks,CorpusSize=32,EmbedBatchBucketed,0.62
2026-08-20,abfaf002802c5e98262d1a1d5072a1f6bfa644b0,AMD EPYC 7763,BatchEmbeddingBenchmarks,CorpusSize=128,UnitLoop,1.0
2026-08-20,abfaf002802c5e98262d1a1d5072a1f6bfa644b0,AMD EPYC 7763,BatchEmbeddingBenchmarks,CorpusSize=128,EmbedBatch,0.61
2026-08-20,abfaf002802c5e98262d1a1d5072a1f6bfa644b0,AMD EPYC 7763,BatchEmbeddingBenchmarks,CorpusSize=128,EmbedBatchBucketed,0.6
2026-08-20,abfaf002802c5e98262d1a1d5072a1f6bfa644b0,AMD EPYC 7763,BpeBenchmarks,,Unigram,1.0
2026-08-20,abfaf002802c5e98262d1a1d5072a1f6bfa644b0,AMD EPYC 7763,BpeBenchmarks,,Bpe,0.92
2026-08-20,abfaf002802c5e98262d1a1d5072a1f6bfa644b0,AMD EPYC 7763,FuzzBenchmarks,,Ratio,1.0
2026-08-20,abfaf002802c5e98262d1a1d5072a1f6bfa644b0,AMD EPYC 7763,FuzzBenchmarks,,PartialRatio,192.38
2026-08-20,abfaf002802c5e98262d1a1d5072a1f6bfa644b0,AMD EPYC 7763,FuzzBenchmarks,,TokenSortRatio,11.16
2026-08-20,abfaf002802c5e98262d1a1d5072a1f6bfa644b0,AMD EPYC 7763,FuzzBenchmarks,,TokenSetRatio,35.84
2026-08-20,abfaf002802c5e98262d1a1d5072a1f6bfa644b0,AMD EPYC 7763,FuzzBenchmarks,,WRatio,50.25
2026-08-20,abfaf002802c5e98262d1a1d5072a1f6bfa644b0,AMD EPYC 7763,IndelBenchmarks,Length=8,Distance_Utf16,1.0
2026-08-20,abfaf002802c5e98262d1a1d5072a1f6bfa644b0,AMD EPYC 7763,IndelBenchmarks,Length=8,Distance_CodePoint,4.85
2026-08-20,abfaf002802c5e98262d1a1d5072a1f6bfa644b0,AMD EPYC 7763,IndelBenchmarks,Length=8,NormalizedSimilarity_Utf16,1.01
2026-08-20,abfaf002802c5e98262d1a1d5072a1f6bfa644b0,AMD EPYC 7763,IndelBenchmarks,Length=8,SubsequenceLength_Utf16,1.0
2026-08-20,abfaf002802c5e98262d1a1d5072a1f6bfa644b0,AMD EPYC 7763,IndelBenchmarks,Length=12,Distance_Utf16,1.0
2026-08-20,abfaf002802c5e98262d1a1d5072a1f6bfa644b0,AMD EPYC 7763,IndelBenchmarks,Length=12,Distance_CodePoint,5.23
2026-08-20,abfaf002802c5e98262d1a1d5072a1f6bfa644b0,AMD EPYC 7763,IndelBenchmarks,Length=12,NormalizedSimilarity_Utf16,1.02
2026-08-20,abfaf002802c5e98262d1a1d5072a1f6bfa644b0,AMD EPYC 7763,IndelBenchmarks,Length=12,SubsequenceLength_Utf16,0.99
2026-08-20,abfaf002802c5e98262d1a1d5072a1f6bfa644b0,AMD EPYC 7763,IndelBenchmarks,Length=16,Distance_Utf16,1.0
2026-08-20,abfaf002802c5e98262d1a1d5072a1f6bfa644b0,AMD EPYC 7763,IndelBenchmarks,Length=16,Distance_CodePoint,5.01
2026-08-20,abfaf002802c5e98262d1a1d5072a1f6bfa644b0,AMD EPYC 7763,IndelBenchmarks,Length=16,NormalizedSimilarity_Utf16,1.02
2026-08-20,abfaf002802c5e98262d1a1d5072a1f6bfa644b0,AMD EPYC 7763,IndelBenchmarks,Length=16,SubsequenceLength_Utf16,0.99
2026-08-20,abfaf002802c5e98262d1a1d5072a1f6bfa644b0,AMD EPYC 7763,IndelBenchmarks,Length=20,Distance_Utf16,1.0
2026-08-20,abfaf002802c5e98262d1a1d5072a1f6bfa644b0,AMD EPYC 7763,IndelBenchmarks,Length=20,Distance_CodePoint,2.18
2026-08-20,abfaf002802c5e98262d1a1d5072a1f6bfa644b0,AMD EPYC 7763,IndelBenchmarks,Length=20,NormalizedSimilarity_Utf16,1.01
2026-08-20,abfaf002802c5e98262d1a1d5072a1f6bfa644b0,AMD EPYC 7763,IndelBenchmarks,Length=20,SubsequenceLength_Utf16,1.02
2026-08-20,abfaf002802c5e98262d1a1d5072a1f6bfa644b0,AMD EPYC 7763,IndelBenchmarks,Length=24,Distance_Utf16,1.0
2026-08-20,abfaf002802c5e98262d1a1d5072a1f6bfa644b0,AMD EPYC 7763,IndelBenchmarks,Length=24,Distance_CodePoint,11.77
2026-08-20,abfaf002802c5e98262d1a1d5072a1f6bfa644b0,AMD EPYC 7763,IndelBenchmarks,Length=24,NormalizedSimilarity_Utf16,0.98
2026-08-20,abfaf002802c5e98262d1a1d5072a1f6bfa644b0,AMD EPYC 7763,IndelBenchmarks,Length=24,SubsequenceLength_Utf16,1.11
2026-08-20,abfaf002802c5e98262d1a1d5072a1f6bfa644b0,AMD EPYC 7763,IndelBenchmarks,Length=32,Distance_Utf16,1.0
2026-08-20,abfaf002802c5e98262d1a1d5072a1f6bfa644b0,AMD EPYC 7763,IndelBenchmarks,Length=32,Distance_CodePoint,17.02
2026-08-20,abfaf002802c5e98262d1a1d5072a1f6bfa644b0,AMD EPYC 7763,IndelBenchmarks,Length=32,NormalizedSimilarity_Utf16,1.05
2026-08-20,abfaf002802c5e98262d1a1d5072a1f6bfa644b0,AMD EPYC 7763,IndelBenchmarks,Length=32,SubsequenceLength_Utf16,0.97
2026-08-20,abfaf002802c5e98262d1a1d5072a1f6bfa644b0,AMD EPYC 7763,IndelBenchmarks,Length=128,Distance_Utf16,1.0
2026-08-20,abfaf002802c5e98262d1a1d5072a1f6bfa644b0,AMD EPYC 7763,IndelBenchmarks,Length=128,Distance_CodePoint,17.14
2026-08-20,abfaf002802c5e98262d1a1d5072a1f6bfa644b0,AMD EPYC 7763,IndelBenchmarks,Length=128,NormalizedSimilarity_Utf16,1.09
2026-08-20,abfaf002802c5e98262d1a1d5072a1f6bfa644b0,AMD EPYC 7763,IndelBenchmarks,Length=128,SubsequenceLength_Utf16,1.07
2026-08-20,abfaf002802c5e98262d1a1d5072a1f6bfa644b0,AMD EPYC 7763,IndelBenchmarks,Length=512,Distance_Utf16,1.0
2026-08-20,abfaf002802c5e98262d1a1d5072a1f6bfa644b0,AMD EPYC 7763,IndelBenchmarks,Length=512,Distance_CodePoint,29.74
2026-08-20,abfaf002802c5e98262d1a1d5072a1f6bfa644b0,AMD EPYC 7763,IndelBenchmarks,Length=512,NormalizedSimilarity_Utf16,1.03
2026-08-20,abfaf002802c5e98262d1a1d5072a1f6bfa644b0,AMD EPYC 7763,IndelBenchmarks,Length=512,SubsequenceLength_Utf16,1.02
2026-08-20,abfaf002802c5e98262d1a1d5072a1f6bfa644b0,AMD EPYC 7763,LcsGateBenchmarks,Band=8,Dp,1.0
2026-08-20,abfaf002802c5e98262d1a1d5072a1f6bfa644b0,AMD EPYC 7763,LcsGateBenchmarks,Band=8,Kernel,0.42
2026-08-20,abfaf002802c5e98262d1a1d5072a1f6bfa644b0,AMD EPYC 7763,LcsGateBenchmarks,Band=12,Dp,1.0
2026-08-20,abfaf002802c5e98262d1a1d5072a1f6bfa644b0,AMD EPYC 7763,LcsGateBenchmarks,Band=12,Kernel,0.27
2026-08-20,abfaf002802c5e98262d1a1d5072a1f6bfa644b0,AMD EPYC 7763,LcsGateBenchmarks,Band=14,Dp,1.0
2026-08-20,abfaf002802c5e98262d1a1d5072a1f6bfa644b0,AMD EPYC 7763,LcsGateBenchmarks,Band=14,Kernel,0.23
2026-08-20,abfaf002802c5e98262d1a1d5072a1f6bfa644b0,AMD EPYC 7763,LcsGateBenchmarks,Band=16,Dp,1.0
2026-08-20,abfaf002802c5e98262d1a1d5072a1f6bfa644b0,AMD EPYC 7763,LcsGateBenchmarks,Band=16,Kernel,0.2
2026-08-20,abfaf002802c5e98262d1a1d5072a1f6bfa644b0,AMD EPYC 7763,LcsGateBenchmarks,Band=18,Dp,1.0
2026-08-20,abfaf002802c5e98262d1a1d5072a1f6bfa644b0,AMD EPYC 7763,LcsGateBenchmarks,Band=18,Kernel,0.16
2026-08-20,abfaf002802c5e98262d1a1d5072a1f6bfa644b0,AMD EPYC 7763,LcsGateBenchmarks,Band=20,Dp,1.0
2026-08-20,abfaf002802c5e98262d1a1d5072a1f6bfa644b0,AMD EPYC 7763,LcsGateBenchmarks,Band=20,Kernel,0.1
2026-08-20,abfaf002802c5e98262d1a1d5072a1f6bfa644b0,AMD EPYC 7763,LcsGateBenchmarks,Band=24,Dp,1.0
2026-08-20,abfaf002802c5e98262d1a1d5072a1f6bfa644b0,AMD EPYC 7763,LcsGateBenchmarks,Band=24,Kernel,0.09
2026-08-20,abfaf002802c5e98262d1a1d5072a1f6bfa644b0,AMD EPYC 7763,LcsGateBenchmarks,Band=32,Dp,1.0
2026-08-20,abfaf002802c5e98262d1a1d5072a1f6bfa644b0,AMD EPYC 7763,LcsGateBenchmarks,Band=32,Kernel,0.07
2026-08-20,abfaf002802c5e98262d1a1d5072a1f6bfa644b0,AMD EPYC 7763,LcsGateBenchmarks,Band=48,Dp,1.0
2026-08-20,abfaf002802c5e98262d1a1d5072a1f6bfa644b0,AMD EPYC 7763,LcsGateBenchmarks,Band=48,Kernel,0.04
2026-08-20,abfaf002802c5e98262d1a1d5072a1f6bfa644b0,AMD EPYC 7763,LcsGateBenchmarks,Band=64,Dp,1.0
2026-08-20,abfaf002802c5e98262d1a1d5072a1f6bfa644b0,AMD EPYC 7763,LcsGateBenchmarks,Band=64,Kernel,0.03
2026-08-20,abfaf002802c5e98262d1a1d5072a1f6bfa644b0,AMD EPYC 7763,LcsGateBenchmarks,Band=96,Dp,1.0
2026-08-20,abfaf002802c5e98262d1a1d5072a1f6bfa644b0,AMD EPYC 7763,LcsGateBenchmarks,Band=96,Kernel,0.08
2026-08-20,abfaf002802c5e98262d1a1d5072a1f6bfa644b0,AMD EPYC 7763,LevenshteinBenchmarks,Length=8,Distance_Utf16,1.0
2026-08-20,abfaf002802c5e98262d1a1d5072a1f6bfa644b0,AMD EPYC 7763,LevenshteinBenchmarks,Length=8,Distance_CodePoint,4.7
2026-08-20,abfaf002802c5e98262d1a1d5072a1f6bfa644b0,AMD EPYC 7763,LevenshteinBenchmarks,Length=8,NormalizedSimilarity_Utf16,1.0
2026-08-20,abfaf002802c5e98262d1a1d5072a1f6bfa644b0,AMD EPYC 7763,LevenshteinBenchmarks,Length=64,Distance_Utf16,1.0
2026-08-20,abfaf002802c5e98262d1a1d5072a1f6bfa644b0,AMD EPYC 7763,LevenshteinBenchmarks,Length=64,Distance_CodePoint,2.55
2026-08-20,abfaf002802c5e98262d1a1d5072a1f6bfa644b0,AMD EPYC 7763,LevenshteinBenchmarks,Length=64,NormalizedSimilarity_Utf16,1.0
2026-08-20,abfaf002802c5e98262d1a1d5072a1f6bfa644b0,AMD EPYC 7763,LevenshteinBenchmarks,Length=512,Distance_Utf16,1.0
2026-08-20,abfaf002802c5e98262d1a1d5072a1f6bfa644b0,AMD EPYC 7763,LevenshteinBenchmarks,Length=512,Distance_CodePoint,1.16
2026-08-20,abfaf002802c5e98262d1a1d5072a1f6bfa644b0,AMD EPYC 7763,LevenshteinBenchmarks,Length=512,NormalizedSimilarity_Utf16,1.01
2026-08-20,abfaf002802c5e98262d1a1d5072a1f6bfa644b0,AMD EPYC 7763,LevenshteinCodePointBenchmarks,"Length=16, Distinct=32",Distance_CodePoint,1.0
2026-08-20,abfaf002802c5e98262d1a1d5072a1f6bfa644b0,AMD EPYC 7763,LevenshteinCodePointBenchmarks,"Length=16, Distinct=32",Distance_Utf16,4.05
2026-08-20,abfaf002802c5e98262d1a1d5072a1f6bfa644b0,AMD EPYC 7763,LevenshteinCodePointBenchmarks,"Length=16, Distinct=512",Distance_CodePoint,1.0
2026-08-20,abfaf002802c5e98262d1a1d5072a1f6bfa644b0,AMD EPYC 7763,LevenshteinCodePointBenchmarks,"Length=16, Distinct=512",Distance_Utf16,4.42
2026-08-20,abfaf002802c5e98262d1a1d5072a1f6bfa644b0,AMD EPYC 7763,LevenshteinCodePointBenchmarks,"Length=24, Distinct=32",Distance_CodePoint,1.0
2026-08-20,abfaf002802c5e98262d1a1d5072a1f6bfa644b0,AMD EPYC 7763,LevenshteinCodePointBenchmarks,"Length=24, Distinct=32",Distance_Utf16,8.17
2026-08-20,abfaf002802c5e98262d1a1d5072a1f6bfa644b0,AMD EPYC 7763,LevenshteinCodePointBenchmarks,"Length=24, Distinct=512",Distance_CodePoint,1.0
2026-08-20,abfaf002802c5e98262d1a1d5072a1f6bfa644b0,AMD EPYC 7763,LevenshteinCodePointBenchmarks,"Length=24, Distinct=512",Distance_Utf16,9.66
2026-08-20,abfaf002802c5e98262d1a1d5072a1f6bfa644b0,AMD EPYC 7763,LevenshteinCodePointBenchmarks,"Length=32, Distinct=32",Distance_CodePoint,1.0
2026-08-20,abfaf002802c5e98262d1a1d5072a1f6bfa644b0,AMD EPYC 7763,LevenshteinCodePointBenchmarks,"Length=32, Distinct=32",Distance_Utf16,13.37
2026-08-20,abfaf002802c5e98262d1a1d5072a1f6bfa644b0,AMD EPYC 7763,LevenshteinCodePointBenchmarks,"Length=32, Distinct=512",Distance_CodePoint,1.0
2026-08-20,abfaf002802c5e98262d1a1d5072a1f6bfa644b0,AMD EPYC 7763,LevenshteinCodePointBenchmarks,"Length=32, Distinct=512",Distance_Utf16,13.13
2026-08-20,abfaf002802c5e98262d1a1d5072a1f6bfa644b0,AMD EPYC 7763,LevenshteinCodePointBenchmarks,"Length=40, Distinct=32",Distance_CodePoint,1.0
2026-08-20,abfaf002802c5e98262d1a1d5072a1f6bfa644b0,AMD EPYC 7763,LevenshteinCodePointBenchmarks,"Length=40, Distinct=32",Distance_Utf16,16.53
2026-08-20,abfaf002802c5e98262d1a1d5072a1f6bfa644b0,AMD EPYC 7763,LevenshteinCodePointBenchmarks,"Length=40, Distinct=512",Distance_CodePoint,1.0
2026-08-20,abfaf002802c5e98262d1a1d5072a1f6bfa644b0,AMD EPYC 7763,LevenshteinCodePointBenchmarks,"Length=40, Distinct=512",Distance_Utf16,17.99
2026-08-20,abfaf002802c5e98262d1a1d5072a1f6bfa644b0,AMD EPYC 7763,LevenshteinCodePointBenchmarks,"Length=128, Distinct=32",Distance_CodePoint,1.0
2026-08-20,abfaf002802c5e98262d1a1d5072a1f6bfa644b0,AMD EPYC 7763,LevenshteinCodePointBenchmarks,"Length=128, Distinct=32",Distance_Utf16,59.6
2026-08-20,abfaf002802c5e98262d1a1d5072a1f6bfa644b0,AMD EPYC 7763,LevenshteinCodePointBenchmarks,"Length=128, Distinct=512",Distance_CodePoint,1.0
2026-08-20,abfaf002802c5e98262d1a1d5072a1f6bfa644b0,AMD EPYC 7763,LevenshteinCodePointBenchmarks,"Length=128, Distinct=512",Distance_Utf16,43.88
2026-08-20,abfaf002802c5e98262d1a1d5072a1f6bfa644b0,AMD EPYC 7763,LevenshteinCodePointBenchmarks,"Length=512, Distinct=32",Distance_CodePoint,1.0
2026-08-20,abfaf002802c5e98262d1a1d5072a1f6bfa644b0,AMD EPYC 7763,LevenshteinCodePointBenchmarks,"Length=512, Distinct=32",Distance_Utf16,132.08
2026-08-20,abfaf002802c5e98262d1a1d5072a1f6bfa644b0,AMD EPYC 7763,LevenshteinCodePointBenchmarks,"Length=512, Distinct=512",Distance_CodePoint,1.0
2026-08-20,abfaf002802c5e98262d1a1d5072a1f6bfa644b0,AMD EPYC 7763,LevenshteinCodePointBenchmarks,"Length=512, Distinct=512",Distance_Utf16,4.15
2026-08-20,abfaf002802c5e98262d1a1d5072a1f6bfa644b0,AMD EPYC 7763,MyersGateBenchmarks,Band=4,Dp,1.0
2026-08-20,abfaf002802c5e98262d1a1d5072a1f6bfa644b0,AMD EPYC 7763,MyersGateBenchmarks,Band=4,Kernel,1.01
2026-08-20,abfaf002802c5e98262d1a1d5072a1f6bfa644b0,AMD EPYC 7763,MyersGateBenchmarks,Band=6,Dp,1.0
2026-08-20,abfaf002802c5e98262d1a1d5072a1f6bfa644b0,AMD EPYC 7763,MyersGateBenchmarks,Band=6,Kernel,1.0
2026-08-20,abfaf002802c5e98262d1a1d5072a1f6bfa644b0,AMD EPYC 7763,MyersGateBenchmarks,Band=8,Dp,1.0
2026-08-20,abfaf002802c5e98262d1a1d5072a1f6bfa644b0,AMD EPYC 7763,MyersGateBenchmarks,Band=8,Kernel,0.57
2026-08-20,abfaf002802c5e98262d1a1d5072a1f6bfa644b0,AMD EPYC 7763,MyersGateBenchmarks,Band=10,Dp,1.0
2026-08-20,abfaf002802c5e98262d1a1d5072a1f6bfa644b0,AMD EPYC 7763,MyersGateBenchmarks,Band=10,Kernel,0.47
2026-08-20,abfaf002802c5e98262d1a1d5072a1f6bfa644b0,AMD EPYC 7763,MyersGateBenchmarks,Band=12,Dp,1.0
2026-08-20,abfaf002802c5e98262d1a1d5072a1f6bfa644b0,AMD EPYC 7763,MyersGateBenchmarks,Band=12,Kernel,0.41
2026-08-20,abfaf002802c5e98262d1a1d5072a1f6bfa644b0,AMD EPYC 7763,MyersGateBenchmarks,Band=16,Dp,1.0
2026-08-20,abfaf002802c5e98262d1a1d5072a1f6bfa644b0,AMD EPYC 7763,MyersGateBenchmarks,Band=16,Kernel,0.3
2026-08-20,abfaf002802c5e98262d1a1d5072a1f6bfa644b0,AMD EPYC 7763,MyersGateBenchmarks,Band=24,Dp,1.0
2026-08-20,abfaf002802c5e98262d1a1d5072a1f6bfa644b0,AMD EPYC 7763,MyersGateBenchmarks,Band=24,Kernel,0.18
2026-08-20,abfaf002802c5e98262d1a1d5072a1f6bfa644b0,AMD EPYC 7763,MyersGateBenchmarks,Band=32,Dp,1.0
2026-08-20,abfaf002802c5e98262d1a1d5072a1f6bfa644b0,AMD EPYC 7763,MyersGateBenchmarks,Band=32,Kernel,0.13
2026-08-20,abfaf002802c5e98262d1a1d5072a1f6bfa644b0,AMD EPYC 7763,MyersGateBenchmarks,Band=48,Dp,1.0
2026-08-20,abfaf002802c5e98262d1a1d5072a1f6bfa644b0,AMD EPYC 7763,MyersGateBenchmarks,Band=48,Kernel,0.08
2026-08-20,abfaf002802c5e98262d1a1d5072a1f6bfa644b0,AMD EPYC 7763,MyersGateBenchmarks,Band=64,Dp,1.0
2026-08-20,abfaf002802c5e98262d1a1d5072a1f6bfa644b0,AMD EPYC 7763,MyersGateBenchmarks,Band=64,Kernel,0.05
2026-08-20,abfaf002802c5e98262d1a1d5072a1f6bfa644b0,AMD EPYC 7763,MyersGateBenchmarks,Band=96,Dp,1.0
2026-08-20,abfaf002802c5e98262d1a1d5072a1f6bfa644b0,AMD EPYC 7763,MyersGateBenchmarks,Band=96,Kernel,0.08
2026-08-20,abfaf002802c5e98262d1a1d5072a1f6bfa644b0,AMD EPYC 7763,StopWordBenchmarks,Documents=200,Count,1.0
2026-08-20,abfaf002802c5e98262d1a1d5072a1f6bfa644b0,AMD EPYC 7763,StopWordBenchmarks,Documents=200,CountWithStopWords,0.84
2026-08-20,abfaf002802c5e98262d1a1d5072a1f6bfa644b0,AMD EPYC 7763,StopWordBenchmarks,Documents=200,Hashing,0.98
2026-08-20,abfaf002802c5e98262d1a1d5072a1f6bfa644b0,AMD EPYC 7763,StopWordBenchmarks,Documents=200,HashingWithStopWords,0.85
2026-08-20,abfaf002802c5e98262d1a1d5072a1f6bfa644b0,AMD EPYC 7763,StopWordBenchmarks,Documents=1000,Count,1.0
2026-08-20,abfaf002802c5e98262d1a1d5072a1f6bfa644b0,AMD EPYC 7763,StopWordBenchmarks,Documents=1000,CountWithStopWords,0.81
2026-08-20,abfaf002802c5e98262d1a1d5072a1f6bfa644b0,AMD EPYC 7763,StopWordBenchmarks,Documents=1000,Hashing,0.95
2026-08-20,abfaf002802c5e98262d1a1d5072a1f6bfa644b0,AMD EPYC 7763,StopWordBenchmarks,Documents=1000,HashingWithStopWords,0.82
2026-08-20,abfaf002802c5e98262d1a1d5072a1f6bfa644b0,AMD EPYC 7763,VectorMathBenchmarks,Dim=384,Dot,1.0
2026-08-20,abfaf002802c5e98262d1a1d5072a1f6bfa644b0,AMD EPYC 7763,VectorMathBenchmarks,Dim=384,L2Norm,1.01
2026-08-20,abfaf002802c5e98262d1a1d5072a1f6bfa644b0,AMD EPYC 7763,VectorMathBenchmarks,Dim=768,Dot,1.0
2026-08-20,abfaf002802c5e98262d1a1d5072a1f6bfa644b0,AMD EPYC 7763,VectorMathBenchmarks,Dim=768,L2Norm,0.98
2026-08-20,abfaf002802c5e98262d1a1d5072a1f6bfa644b0,AMD EPYC 7763,VectorMathBenchmarks,Dim=1024,Dot,1.0
2026-08-20,abfaf002802c5e98262d1a1d5072a1f6bfa644b0,AMD EPYC 7763,VectorMathBenchmarks,Dim=1024,L2Norm,0.99
2026-08-20,abfaf002802c5e98262d1a1d5072a1f6bfa644b0,AMD EPYC 7763,VectorizerBenchmarks,Documents=200,Count,1.0
2026-08-20,abfaf002802c5e98262d1a1d5072a1f6bfa644b0,AMD EPYC 7763,VectorizerBenchmarks,Documents=200,Tfidf,0.98
2026-08-20,abfaf002802c5e98262d1a1d5072a1f6bfa644b0,AMD EPYC 7763,VectorizerBenchmarks,Documents=200,CountBigrams,1.18
2026-08-20,abfaf002802c5e98262d1a1d5072a1f6bfa644b0,AMD EPYC 7763,VectorizerBenchmarks,Documents=200,Hashing,0.9
2026-08-20,abfaf002802c5e98262d1a1d5072a1f6bfa644b0,AMD EPYC 7763,VectorizerBenchmarks,Documents=1000,Count,1.0
2026-08-20,abfaf002802c5e98262d1a1d5072a1f6bfa644b0,AMD EPYC 7763,VectorizerBenchmarks,Documents=1000,Tfidf,1.04
2026-08-20,abfaf002802c5e98262d1a1d5072a1f6bfa644b0,AMD EPYC 7763,VectorizerBenchmarks,Documents=1000,CountBigrams,1.66
2026-08-20,abfaf002802c5e98262d1a1d5072a1f6bfa644b0,AMD EPYC 7763,VectorizerBenchmarks,Documents=1000,Hashing,0.98
2026-08-20,6bde87c833c7f936cefed0881eabbccbb2cb2f1f,AMD EPYC 9V74,FuzzBenchmarks,,Ratio,1.0
2026-08-20,6bde87c833c7f936cefed0881eabbccbb2cb2f1f,AMD EPYC 9V74,FuzzBenchmarks,,PartialRatio,165.48
2026-08-20,6bde87c833c7f936cefed0881eabbccbb2cb2f1f,AMD EPYC 9V74,FuzzBenchmarks,,TokenSortRatio,8.68
2026-08-20,6bde87c833c7f936cefed0881eabbccbb2cb2f1f,AMD EPYC 9V74,FuzzBenchmarks,,TokenSetRatio,29.26
2026-08-20,6bde87c833c7f936cefed0881eabbccbb2cb2f1f,AMD EPYC 9V74,FuzzBenchmarks,,WRatio,41.95
2026-08-20,6bde87c833c7f936cefed0881eabbccbb2cb2f1f,AMD EPYC 9V74,IndelBenchmarks,Length=8,Distance_Utf16,1.0
2026-08-20,6bde87c833c7f936cefed0881eabbccbb2cb2f1f,AMD EPYC 9V74,IndelBenchmarks,Length=8,Distance_CodePoint,4.46
2026-08-20,6bde87c833c7f936cefed0881eabbccbb2cb2f1f,AMD EPYC 9V74,IndelBenchmarks,Length=8,NormalizedSimilarity_Utf16,1.03
2026-08-20,6bde87c833c7f936cefed0881eabbccbb2cb2f1f,AMD EPYC 9V74,IndelBenchmarks,Length=8,SubsequenceLength_Utf16,0.98
2026-08-20,6bde87c833c7f936cefed0881eabbccbb2cb2f1f,AMD EPYC 9V74,IndelBenchmarks,Length=12,Distance_Utf16,1.0
2026-08-20,6bde87c833c7f936cefed0881eabbccbb2cb2f1f,AMD EPYC 9V74,IndelBenchmarks,Length=12,Distance_CodePoint,4.36
2026-08-20,6bde87c833c7f936cefed0881eabbccbb2cb2f1f,AMD EPYC 9V74,IndelBenchmarks,Length=12,NormalizedSimilarity_Utf16,1.03
2026-08-20,6bde87c833c7f936cefed0881eabbccbb2cb2f1f,AMD EPYC 9V74,IndelBenchmarks,Length=12,SubsequenceLength_Utf16,0.95
2026-08-20,6bde87c833c7f936cefed0881eabbccbb2cb2f1f,AMD EPYC 9V74,IndelBenchmarks,Length=16,Distance_Utf16,1.0
2026-08-20,6bde87c833c7f936cefed0881eabbccbb2cb2f1f,AMD EPYC 9V74,IndelBenchmarks,Length=16,Distance_CodePoint,4.25
2026-08-20,6bde87c833c7f936cefed0881eabbccbb2cb2f1f,AMD EPYC 9V74,IndelBenchmarks,Length=16,NormalizedSimilarity_Utf16,1.06
2026-08-20,6bde87c833c7f936cefed0881eabbccbb2cb2f1f,AMD EPYC 9V74,IndelBenchmarks,Length=16,SubsequenceLength_Utf16,1.03
2026-08-20,6bde87c833c7f936cefed0881eabbccbb2cb2f1f,AMD EPYC 9V74,IndelBenchmarks,Length=20,Distance_Utf16,1.0
2026-08-20,6bde87c833c7f936cefed0881eabbccbb2cb2f1f,AMD EPYC 9V74,IndelBenchmarks,Length=20,Distance_CodePoint,2.07
2026-08-20,6bde87c833c7f936cefed0881eabbccbb2cb2f1f,AMD EPYC 9V74,IndelBenchmarks,Length=20,NormalizedSimilarity_Utf16,1.02
2026-08-20,6bde87c833c7f936cefed0881eabbccbb2cb2f1f,AMD EPYC 9V74,IndelBenchmarks,Length=20,SubsequenceLength_Utf16,1.03
2026-08-20,6bde87c833c7f936cefed0881eabbccbb2cb2f1f,AMD EPYC 9V74,IndelBenchmarks,Length=24,Distance_Utf16,1.0
2026-08-20,6bde87c833c7f936cefed0881eabbccbb2cb2f1f,AMD EPYC 9V74,IndelBenchmarks,Length=24,Distance_CodePoint,13.91
2026-08-20,6bde87c833c7f936cefed0881eabbccbb2cb2f1f,AMD EPYC 9V74,IndelBenchmarks,Length=24,NormalizedSimilarity_Utf16,0.93
2026-08-20,6bde87c833c7f936cefed0881eabbccbb2cb2f1f,AMD EPYC 9V74,IndelBenchmarks,Length=24,SubsequenceLength_Utf16,1.03
2026-08-20,6bde87c833c7f936cefed0881eabbccbb2cb2f1f,AMD EPYC 9V74,IndelBenchmarks,Length=32,Distance_Utf16,1.0
2026-08-20,6bde87c833c7f936cefed0881eabbccbb2cb2f1f,AMD EPYC 9V74,IndelBenchmarks,Length=32,Distance_CodePoint,16.31
2026-08-20,6bde87c833c7f936cefed0881eabbccbb2cb2f1f,AMD EPYC 9V74,IndelBenchmarks,Length=32,NormalizedSimilarity_Utf16,1.07
2026-08-20,6bde87c833c7f936cefed0881eabbccbb2cb2f1f,AMD EPYC 9V74,IndelBenchmarks,Length=32,SubsequenceLength_Utf16,1.0
2026-08-20,6bde87c833c7f936cefed0881eabbccbb2cb2f1f,AMD EPYC 9V74,IndelBenchmarks,Length=128,Distance_Utf16,1.0
2026-08-20,6bde87c833c7f936cefed0881eabbccbb2cb2f1f,AMD EPYC 9V74,IndelBenchmarks,Length=128,Distance_CodePoint,15.06
2026-08-20,6bde87c833c7f936cefed0881eabbccbb2cb2f1f,AMD EPYC 9V74,IndelBenchmarks,Length=128,NormalizedSimilarity_Utf16,1.01
2026-08-20,6bde87c833c7f936cefed0881eabbccbb2cb2f1f,AMD EPYC 9V74,IndelBenchmarks,Length=128,SubsequenceLength_Utf16,0.97
2026-08-20,6bde87c833c7f936cefed0881eabbccbb2cb2f1f,AMD EPYC 9V74,IndelBenchmarks,Length=512,Distance_Utf16,1.0
2026-08-20,6bde87c833c7f936cefed0881eabbccbb2cb2f1f,AMD EPYC 9V74,IndelBenchmarks,Length=512,Distance_CodePoint,24.74
2026-08-20,6bde87c833c7f936cefed0881eabbccbb2cb2f1f,AMD EPYC 9V74,IndelBenchmarks,Length=512,NormalizedSimilarity_Utf16,1.01
2026-08-20,6bde87c833c7f936cefed0881eabbccbb2cb2f1f,AMD EPYC 9V74,IndelBenchmarks,Length=512,SubsequenceLength_Utf16,1.01
2026-08-20,6bde87c833c7f936cefed0881eabbccbb2cb2f1f,AMD EPYC 9V74,LcsGateBenchmarks,Band=8,Dp,1.0
2026-08-20,6bde87c833c7f936cefed0881eabbccbb2cb2f1f,AMD EPYC 9V74,LcsGateBenchmarks,Band=8,Kernel,0.5
2026-08-20,6bde87c833c7f936cefed0881eabbccbb2cb2f1f,AMD EPYC 9V74,LcsGateBenchmarks,Band=12,Dp,1.0
2026-08-20,6bde87c833c7f936cefed0881eabbccbb2cb2f1f,AMD EPYC 9V74,LcsGateBenchmarks,Band=12,Kernel,0.31
2026-08-20,6bde87c833c7f936cefed0881eabbccbb2cb2f1f,AMD EPYC 9V74,LcsGateBenchmarks,Band=14,Dp,1.0
2026-08-20,6bde87c833c7f936cefed0881eabbccbb2cb2f1f,AMD EPYC 9V74,LcsGateBenchmarks,Band=14,Kernel,0.25
2026-08-20,6bde87c833c7f936cefed0881eabbccbb2cb2f1f,AMD EPYC 9V74,LcsGateBenchmarks,Band=16,Dp,1.0
2026-08-20,6bde87c833c7f936cefed0881eabbccbb2cb2f1f,AMD EPYC 9V74,LcsGateBenchmarks,Band=16,Kernel,0.22
2026-08-20,6bde87c833c7f936cefed0881eabbccbb2cb2f1f,AMD EPYC 9V74,LcsGateBenchmarks,Band=18,Dp,1.0
2026-08-20,6bde87c833c7f936cefed0881eabbccbb2cb2f1f,AMD EPYC 9V74,LcsGateBenchmarks,Band=18,Kernel,0.11
2026-08-20,6bde87c833c7f936cefed0881eabbccbb2cb2f1f,AMD EPYC 9V74,LcsGateBenchmarks,Band=20,Dp,1.0
2026-08-20,6bde87c833c7f936cefed0881eabbccbb2cb2f1f,AMD EPYC 9V74,LcsGateBenchmarks,Band=20,Kernel,0.11
2026-08-20,6bde87c833c7f936cefed0881eabbccbb2cb2f1f,AMD EPYC 9V74,LcsGateBenchmarks,Band=24,Dp,1.0
2026-08-20,6bde87c833c7f936cefed0881eabbccbb2cb2f1f,AMD EPYC 9V74,LcsGateBenchmarks,Band=24,Kernel,0.1
2026-08-20,6bde87c833c7f936cefed0881eabbccbb2cb2f1f,AMD EPYC 9V74,LcsGateBenchmarks,Band=32,Dp,1.0
2026-08-20,6bde87c833c7f936cefed0881eabbccbb2cb2f1f,AMD EPYC 9V74,LcsGateBenchmarks,Band=32,Kernel,0.07
2026-08-20,6bde87c833c7f936cefed0881eabbccbb2cb2f1f,AMD EPYC 9V74,LcsGateBenchmarks,Band=48,Dp,1.0
2026-08-20,6bde87c833c7f936cefed0881eabbccbb2cb2f1f,AMD EPYC 9V74,LcsGateBenchmarks,Band=48,Kernel,0.04
2026-08-20,6bde87c833c7f936cefed0881eabbccbb2cb2f1f,AMD EPYC 9V74,LcsGateBenchmarks,Band=64,Dp,1.0
2026-08-20,6bde87c833c7f936cefed0881eabbccbb2cb2f1f,AMD EPYC 9V74,LcsGateBenchmarks,Band=64,Kernel,0.03
2026-08-20,6bde87c833c7f936cefed0881eabbccbb2cb2f1f,AMD EPYC 9V74,LcsGateBenchmarks,Band=96,Dp,1.0
2026-08-20,6bde87c833c7f936cefed0881eabbccbb2cb2f1f,AMD EPYC 9V74,LcsGateBenchmarks,Band=96,Kernel,0.1
2026-08-20,6bde87c833c7f936cefed0881eabbccbb2cb2f1f,AMD EPYC 9V74,LevenshteinBenchmarks,Length=8,Distance_Utf16,1.0
2026-08-20,6bde87c833c7f936cefed0881eabbccbb2cb2f1f,AMD EPYC 9V74,LevenshteinBenchmarks,Length=8,Distance_CodePoint,3.73
2026-08-20,6bde87c833c7f936cefed0881eabbccbb2cb2f1f,AMD EPYC 9V74,LevenshteinBenchmarks,Length=8,NormalizedSimilarity_Utf16,0.81
2026-08-20,6bde87c833c7f936cefed0881eabbccbb2cb2f1f,AMD EPYC 9V74,LevenshteinBenchmarks,Length=64,Distance_Utf16,1.0
2026-08-20,6bde87c833c7f936cefed0881eabbccbb2cb2f1f,AMD EPYC 9V74,LevenshteinBenchmarks,Length=64,Distance_CodePoint,2.43
2026-08-20,6bde87c833c7f936cefed0881eabbccbb2cb2f1f,AMD EPYC 9V74,LevenshteinBenchmarks,Length=64,NormalizedSimilarity_Utf16,1.0
2026-08-20,6bde87c833c7f936cefed0881eabbccbb2cb2f1f,AMD EPYC 9V74,LevenshteinBenchmarks,Length=512,Distance_Utf16,1.0
2026-08-20,6bde87c833c7f936cefed0881eabbccbb2cb2f1f,AMD EPYC 9V74,LevenshteinBenchmarks,Length=512,Distance_CodePoint,1.22
2026-08-20,6bde87c833c7f936cefed0881eabbccbb2cb2f1f,AMD EPYC 9V74,LevenshteinBenchmarks,Length=512,NormalizedSimilarity_Utf16,1.07
2026-08-20,6bde87c833c7f936cefed0881eabbccbb2cb2f1f,AMD EPYC 9V74,LevenshteinCodePointBenchmarks,"Length=16, Distinct=32",Distance_CodePoint,1.0
2026-08-20,6bde87c833c7f936cefed0881eabbccbb2cb2f1f,AMD EPYC 9V74,LevenshteinCodePointBenchmarks,"Length=16, Distinct=32",Distance_Utf16,4.28
2026-08-20,6bde87c833c7f936cefed0881eabbccbb2cb2f1f,AMD EPYC 9V74,LevenshteinCodePointBenchmarks,"Length=16, Distinct=512",Distance_CodePoint,1.0
2026-08-20,6bde87c833c7f936cefed0881eabbccbb2cb2f1f,AMD EPYC 9V74,LevenshteinCodePointBenchmarks,"Length=16, Distinct=512",Distance_Utf16,4.29
2026-08-20,6bde87c833c7f936cefed0881eabbccbb2cb2f1f,AMD EPYC 9V74,LevenshteinCodePointBenchmarks,"Length=24, Distinct=32",Distance_CodePoint,1.0
2026-08-20,6bde87c833c7f936cefed0881eabbccbb2cb2f1f,AMD EPYC 9V74,LevenshteinCodePointBenchmarks,"Length=24, Distinct=32",Distance_Utf16,7.67
2026-08-20,6bde87c833c7f936cefed0881eabbccbb2cb2f1f,AMD EPYC 9V74,LevenshteinCodePointBenchmarks,"Length=24, Distinct=512",Distance_CodePoint,1.0
2026-08-20,6bde87c833c7f936cefed0881eabbccbb2cb2f1f,AMD EPYC 9V74,LevenshteinCodePointBenchmarks,"Length=24, Distinct=512",Distance_Utf16,7.27
2026-08-20,6bde87c833c7f936cefed0881eabbccbb2cb2f1f,AMD EPYC 9V74,LevenshteinCodePointBenchmarks,"Length=32, Distinct=32",Distance_CodePoint,1.0
2026-08-20,6bde87c833c7f936cefed0881eabbccbb2cb2f1f,AMD EPYC 9V74,LevenshteinCodePointBenchmarks,"Length=32, Distinct=32",Distance_Utf16,11.33
2026-08-20,6bde87c833c7f936cefed0881eabbccbb2cb2f1f,AMD EPYC 9V74,LevenshteinCodePointBenchmarks,"Length=32, Distinct=512",Distance_CodePoint,1.0
2026-08-20,6bde87c833c7f936cefed0881eabbccbb2cb2f1f,AMD EPYC 9V74,LevenshteinCodePointBenchmarks,"Length=32, Distinct=512",Distance_Utf16,11.17
2026-08-20,6bde87c833c7f936cefed0881eabbccbb2cb2f1f,AMD EPYC 9V74,LevenshteinCodePointBenchmarks,"Length=40, Distinct=32",Distance_CodePoint,1.0
2026-08-20,6bde87c833c7f936cefed0881eabbccbb2cb2f1f,AMD EPYC 9V74,LevenshteinCodePointBenchmarks,"Length=40, Distinct=32",Distance_Utf16,16.37
2026-08-20,6bde87c833c7f936cefed0881eabbccbb2cb2f1f,AMD EPYC 9V74,LevenshteinCodePointBenchmarks,"Length=40, Distinct=512",Distance_CodePoint,1.0
2026-08-20,6bde87c833c7f936cefed0881eabbccbb2cb2f1f,AMD EPYC 9V74,LevenshteinCodePointBenchmarks,"Length=40, Distinct=512",Distance_Utf16,14.97
2026-08-20,6bde87c833c7f936cefed0881eabbccbb2cb2f1f,AMD EPYC 9V74,LevenshteinCodePointBenchmarks,"Length=128, Distinct=32",Distance_CodePoint,1.0
2026-08-20,6bde87c833c7f936cefed0881eabbccbb2cb2f1f,AMD EPYC 9V74,LevenshteinCodePointBenchmarks,"Length=128, Distinct=32",Distance_Utf16,43.24
2026-08-20,6bde87c833c7f936cefed0881eabbccbb2cb2f1f,AMD EPYC 9V74,LevenshteinCodePointBenchmarks,"Length=128, Distinct=512",Distance_CodePoint,1.0
2026-08-20,6bde87c833c7f936cefed0881eabbccbb2cb2f1f,AMD EPYC 9V74,LevenshteinCodePointBenchmarks,"Length=128, Distinct=512",Distance_Utf16,45.7
2026-08-20,6bde87c833c7f936cefed0881eabbccbb2cb2f1f,AMD EPYC 9V74,LevenshteinCodePointBenchmarks,"Length=512, Distinct=32",Distance_CodePoint,1.0
2026-08-20,6bde87c833c7f936cefed0881eabbccbb2cb2f1f,AMD EPYC 9V74,LevenshteinCodePointBenchmarks,"Length=512, Distinct=32",Distance_Utf16,116.82
2026-08-20,6bde87c833c7f936cefed0881eabbccbb2cb2f1f,AMD EPYC 9V74,LevenshteinCodePointBenchmarks,"Length=512, Distinct=512",Distance_CodePoint,1.0
2026-08-20,6bde87c833c7f936cefed0881eabbccbb2cb2f1f,AMD EPYC 9V74,LevenshteinCodePointBenchmarks,"Length=512, Distinct=512",Distance_Utf16,4.03
2026-08-20,6bde87c833c7f936cefed0881eabbccbb2cb2f1f,AMD EPYC 9V74,MyersGateBenchmarks,Band=4,Dp,1.0
2026-08-20,6bde87c833c7f936cefed0881eabbccbb2cb2f1f,AMD EPYC 9V74,MyersGateBenchmarks,Band=4,Kernel,0.98
2026-08-20,6bde87c833c7f936cefed0881eabbccbb2cb2f1f,AMD EPYC 9V74,MyersGateBenchmarks,Band=6,Dp,1.0
2026-08-20,6bde87c833c7f936cefed0881eabbccbb2cb2f1f,AMD EPYC 9V74,MyersGateBenchmarks,Band=6,Kernel,1.0
2026-08-20,6bde87c833c7f936cefed0881eabbccbb2cb2f1f,AMD EPYC 9V74,MyersGateBenchmarks,Band=8,Dp,1.0
2026-08-20,6bde87c833c7f936cefed0881eabbccbb2cb2f1f,AMD EPYC 9V74,MyersGateBenchmarks,Band=8,Kernel,0.63
2026-08-20,6bde87c833c7f936cefed0881eabbccbb2cb2f1f,AMD EPYC 9V74,MyersGateBenchmarks,Band=10,Dp,1.0
2026-08-20,6bde87c833c7f936cefed0881eabbccbb2cb2f1f,AMD EPYC 9V74,MyersGateBenchmarks,Band=10,Kernel,0.55
2026-08-20,6bde87c833c7f936cefed0881eabbccbb2cb2f1f,AMD EPYC 9V74,MyersGateBenchmarks,Band=12,Dp,1.0
2026-08-20,6bde87c833c7f936cefed0881eabbccbb2cb2f1f,AMD EPYC 9V74,MyersGateBenchmarks,Band=12,Kernel,0.44
2026-08-20,6bde87c833c7f936cefed0881eabbccbb2cb2f1f,AMD EPYC 9V74,MyersGateBenchmarks,Band=16,Dp,1.0
2026-08-20,6bde87c833c7f936cefed0881eabbccbb2cb2f1f,AMD EPYC 9V74,MyersGateBenchmarks,Band=16,Kernel,0.33
2026-08-20,6bde87c833c7f936cefed0881eabbccbb2cb2f1f,AMD EPYC 9V74,MyersGateBenchmarks,Band=24,Dp,1.0
2026-08-20,6bde87c833c7f936cefed0881eabbccbb2cb2f1f,AMD EPYC 9V74,MyersGateBenchmarks,Band=24,Kernel,0.21
2026-08-20,6bde87c833c7f936cefed0881eabbccbb2cb2f1f,AMD EPYC 9V74,MyersGateBenchmarks,Band=32,Dp,1.0
2026-08-20,6bde87c833c7f936cefed0881eabbccbb2cb2f1f,AMD EPYC 9V74,MyersGateBenchmarks,Band=32,Kernel,0.15
2026-08-20,6bde87c833c7f936cefed0881eabbccbb2cb2f1f,AMD EPYC 9V74,MyersGateBenchmarks,Band=48,Dp,1.0
2026-08-20,6bde87c833c7f936cefed0881eabbccbb2cb2f1f,AMD EPYC 9V74,MyersGateBenchmarks,Band=48,Kernel,0.09
2026-08-20,6bde87c833c7f936cefed0881eabbccbb2cb2f1f,AMD EPYC 9V74,MyersGateBenchmarks,Band=64,Dp,1.0
2026-08-20,6bde87c833c7f936cefed0881eabbccbb2cb2f1f,AMD EPYC 9V74,MyersGateBenchmarks,Band=64,Kernel,0.07
2026-08-20,6bde87c833c7f936cefed0881eabbccbb2cb2f1f,AMD EPYC 9V74,MyersGateBenchmarks,Band=96,Dp,1.0
2026-08-20,6bde87c833c7f936cefed0881eabbccbb2cb2f1f,AMD EPYC 9V74,MyersGateBenchmarks,Band=96,Kernel,0.09
2026-08-20,330991da387451cd3f4cfbe0dc421e67c1c1faf0,AMD EPYC 9V74,FuzzBenchmarks,,Ratio,1.0
2026-08-20,330991da387451cd3f4cfbe0dc421e67c1c1faf0,AMD EPYC 9V74,FuzzBenchmarks,,PartialRatio,169.08
2026-08-20,330991da387451cd3f4cfbe0dc421e67c1c1faf0,AMD EPYC 9V74,FuzzBenchmarks,,TokenSortRatio,9.15
2026-08-20,330991da387451cd3f4cfbe0dc421e67c1c1faf0,AMD EPYC 9V74,FuzzBenchmarks,,TokenSetRatio,29.64
2026-08-20,330991da387451cd3f4cfbe0dc421e67c1c1faf0,AMD EPYC 9V74,FuzzBenchmarks,,WRatio,41.08
2026-08-20,330991da387451cd3f4cfbe0dc421e67c1c1faf0,AMD EPYC 9V74,IndelBenchmarks,Length=8,Distance_Utf16,1.0
2026-08-20,330991da387451cd3f4cfbe0dc421e67c1c1faf0,AMD EPYC 9V74,IndelBenchmarks,Length=8,Distance_CodePoint,4.47
2026-08-20,330991da387451cd3f4cfbe0dc421e67c1c1faf0,AMD EPYC 9V74,IndelBenchmarks,Length=8,NormalizedSimilarity_Utf16,1.07
2026-08-20,330991da387451cd3f4cfbe0dc421e67c1c1faf0,AMD EPYC 9V74,IndelBenchmarks,Length=8,SubsequenceLength_Utf16,1.03
2026-08-20,330991da387451cd3f4cfbe0dc421e67c1c1faf0,AMD EPYC 9V74,IndelBenchmarks,Length=12,Distance_Utf16,1.0
2026-08-20,330991da387451cd3f4cfbe0dc421e67c1c1faf0,AMD EPYC 9V74,IndelBenchmarks,Length=12,Distance_CodePoint,4.51
2026-08-20,330991da387451cd3f4cfbe0dc421e67c1c1faf0,AMD EPYC 9V74,IndelBenchmarks,Length=12,NormalizedSimilarity_Utf16,1.07
2026-08-20,330991da387451cd3f4cfbe0dc421e67c1c1faf0,AMD EPYC 9V74,IndelBenchmarks,Length=12,SubsequenceLength_Utf16,1.05
2026-08-20,330991da387451cd3f4cfbe0dc421e67c1c1faf0,AMD EPYC 9V74,IndelBenchmarks,Length=16,Distance_Utf16,1.0
2026-08-20,330991da387451cd3f4cfbe0dc421e67c1c1faf0,AMD EPYC 9V74,IndelBenchmarks,Length=16,Distance_CodePoint,4.25
2026-08-20,330991da387451cd3f4cfbe0dc421e67c1c1faf0,AMD EPYC 9V74,IndelBenchmarks,Length=16,NormalizedSimilarity_Utf16,0.97
2026-08-20,330991da387451cd3f4cfbe0dc421e67c1c1faf0,AMD EPYC 9V74,IndelBenchmarks,Length=16,SubsequenceLength_Utf16,1.04
2026-08-20,330991da387451cd3f4cfbe0dc421e67c1c1faf0,AMD EPYC 9V74,IndelBenchmarks,Length=20,Distance_Utf16,1.0
2026-08-20,330991da387451cd3f4cfbe0dc421e67c1c1faf0,AMD EPYC 9V74,IndelBenchmarks,Length=20,Distance_CodePoint,2.01
2026-08-20,330991da387451cd3f4cfbe0dc421e67c1c1faf0,AMD EPYC 9V74,IndelBenchmarks,Length=20,NormalizedSimilarity_Utf16,0.97
2026-08-20,330991da387451cd3f4cfbe0dc421e67c1c1faf0,AMD EPYC 9V74,IndelBenchmarks,Length=20,SubsequenceLength_Utf16,0.98
2026-08-20,330991da387451cd3f4cfbe0dc421e67c1c1faf0,AMD EPYC 9V74,IndelBenchmarks,Length=24,Distance_Utf16,1.0
2026-08-20,330991da387451cd3f4cfbe0dc421e67c1c1faf0,AMD EPYC 9V74,IndelBenchmarks,Length=24,Distance_CodePoint,14.1
2026-08-20,330991da387451cd3f4cfbe0dc421e67c1c1faf0,AMD EPYC 9V74,IndelBenchmarks,Length=24,NormalizedSimilarity_Utf16,0.94
2026-08-20,330991da387451cd3f4cfbe0dc421e67c1c1faf0,AMD EPYC 9V74,IndelBenchmarks,Length=24,SubsequenceLength_Utf16,1.0
2026-08-20,330991da387451cd3f4cfbe0dc421e67c1c1faf0,AMD EPYC 9V74,IndelBenchmarks,Length=32,Distance_Utf16,1.0
2026-08-20,330991da387451cd3f4cfbe0dc421e67c1c1faf0,AMD EPYC 9V74,IndelBenchmarks,Length=32,Distance_CodePoint,16.08
2026-08-20,330991da387451cd3f4cfbe0dc421e67c1c1faf0,AMD EPYC 9V74,IndelBenchmarks,Length=32,NormalizedSimilarity_Utf16,1.07
2026-08-20,330991da387451cd3f4cfbe0dc421e67c1c1faf0,AMD EPYC 9V74,IndelBenchmarks,Length=32,SubsequenceLength_Utf16,1.01
2026-08-20,330991da387451cd3f4cfbe0dc421e67c1c1faf0,AMD EPYC 9V74,IndelBenchmarks,Length=128,Distance_Utf16,1.0
2026-08-20,330991da387451cd3f4cfbe0dc421e67c1c1faf0,AMD EPYC 9V74,IndelBenchmarks,Length=128,Distance_CodePoint,14.88
2026-08-20,330991da387451cd3f4cfbe0dc421e67c1c1faf0,AMD EPYC 9V74,IndelBenchmarks,Length=128,NormalizedSimilarity_Utf16,1.04
2026-08-20,330991da387451cd3f4cfbe0dc421e67c1c1faf0,AMD EPYC 9V74,IndelBenchmarks,Length=128,SubsequenceLength_Utf16,1.0
2026-08-20,330991da387451cd3f4cfbe0dc421e67c1c1faf0,AMD EPYC 9V74,IndelBenchmarks,Length=512,Distance_Utf16,1.0
2026-08-20,330991da387451cd3f4cfbe0dc421e67c1c1faf0,AMD EPYC 9V74,IndelBenchmarks,Length=512,Distance_CodePoint,35.1
2026-08-20,330991da387451cd3f4cfbe0dc421e67c1c1faf0,AMD EPYC 9V74,IndelBenchmarks,Length=512,NormalizedSimilarity_Utf16,1.02
2026-08-20,330991da387451cd3f4cfbe0dc421e67c1c1faf0,AMD EPYC 9V74,IndelBenchmarks,Length=512,SubsequenceLength_Utf16,0.98
2026-08-20,330991da387451cd3f4cfbe0dc421e67c1c1faf0,AMD EPYC 9V74,LcsGateBenchmarks,Band=8,Dp,1.0
2026-08-20,330991da387451cd3f4cfbe0dc421e67c1c1faf0,AMD EPYC 9V74,LcsGateBenchmarks,Band=8,Kernel,0.51
2026-08-20,330991da387451cd3f4cfbe0dc421e67c1c1faf0,AMD EPYC 9V74,LcsGateBenchmarks,Band=12,Dp,1.0
2026-08-20,330991da387451cd3f4cfbe0dc421e67c1c1faf0,AMD EPYC 9V74,LcsGateBenchmarks,Band=12,Kernel,0.31
2026-08-20,330991da387451cd3f4cfbe0dc421e67c1c1faf0,AMD EPYC 9V74,LcsGateBenchmarks,Band=14,Dp,1.0
2026-08-20,330991da387451cd3f4cfbe0dc421e67c1c1faf0,AMD EPYC 9V74,LcsGateBenchmarks,Band=14,Kernel,0.25
2026-08-20,330991da387451cd3f4cfbe0dc421e67c1c1faf0,AMD EPYC 9V74,LcsGateBenchmarks,Band=16,Dp,1.0
2026-08-20,330991da387451cd3f4cfbe0dc421e67c1c1faf0,AMD EPYC 9V74,LcsGateBenchmarks,Band=16,Kernel,0.22
2026-08-20,330991da387451cd3f4cfbe0dc421e67c1c1faf0,AMD EPYC 9V74,LcsGateBenchmarks,Band=18,Dp,1.0
2026-08-20,330991da387451cd3f4cfbe0dc421e67c1c1faf0,AMD EPYC 9V74,LcsGateBenchmarks,Band=18,Kernel,0.11
2026-08-20,330991da387451cd3f4cfbe0dc421e67c1c1faf0,AMD EPYC 9V74,LcsGateBenchmarks,Band=20,Dp,1.0
2026-08-20,330991da387451cd3f4cfbe0dc421e67c1c1faf0,AMD EPYC 9V74,LcsGateBenchmarks,Band=20,Kernel,0.11
2026-08-20,330991da387451cd3f4cfbe0dc421e67c1c1faf0,AMD EPYC 9V74,LcsGateBenchmarks,Band=24,Dp,1.0
2026-08-20,330991da387451cd3f4cfbe0dc421e67c1c1faf0,AMD EPYC 9V74,LcsGateBenchmarks,Band=24,Kernel,0.1
2026-08-20,330991da387451cd3f4cfbe0dc421e67c1c1faf0,AMD EPYC 9V74,LcsGateBenchmarks,Band=32,Dp,1.0
2026-08-20,330991da387451cd3f4cfbe0dc421e67c1c1faf0,AMD EPYC 9V74,LcsGateBenchmarks,Band=32,Kernel,0.07
2026-08-20,330991da387451cd3f4cfbe0dc421e67c1c1faf0,AMD EPYC 9V74,LcsGateBenchmarks,Band=48,Dp,1.0
2026-08-20,330991da387451cd3f4cfbe0dc421e67c1c1faf0,AMD EPYC 9V74,LcsGateBenchmarks,Band=48,Kernel,0.04
2026-08-20,330991da387451cd3f4cfbe0dc421e67c1c1faf0,AMD EPYC 9V74,LcsGateBenchmarks,Band=64,Dp,1.0
2026-08-20,330991da387451cd3f4cfbe0dc421e67c1c1faf0,AMD EPYC 9V74,LcsGateBenchmarks,Band=64,Kernel,0.03
2026-08-20,330991da387451cd3f4cfbe0dc421e67c1c1faf0,AMD EPYC 9V74,LcsGateBenchmarks,Band=96,Dp,1.0
2026-08-20,330991da387451cd3f4cfbe0dc421e67c1c1faf0,AMD EPYC 9V74,LcsGateBenchmarks,Band=96,Kernel,0.09
2026-08-20,330991da387451cd3f4cfbe0dc421e67c1c1faf0,AMD EPYC 9V74,LevenshteinBenchmarks,Length=8,Distance_Utf16,1.0
2026-08-20,330991da387451cd3f4cfbe0dc421e67c1c1faf0,AMD EPYC 9V74,LevenshteinBenchmarks,Length=8,Distance_CodePoint,4.54
2026-08-20,330991da387451cd3f4cfbe0dc421e67c1c1faf0,AMD EPYC 9V74,LevenshteinBenchmarks,Length=8,NormalizedSimilarity_Utf16,1.02
2026-08-20,330991da387451cd3f4cfbe0dc421e67c1c1faf0,AMD EPYC 9V74,LevenshteinBenchmarks,Length=64,Distance_Utf16,1.0
2026-08-20,330991da387451cd3f4cfbe0dc421e67c1c1faf0,AMD EPYC 9V74,LevenshteinBenchmarks,Length=64,Distance_CodePoint,2.34
2026-08-20,330991da387451cd3f4cfbe0dc421e67c1c1faf0,AMD EPYC 9V74,LevenshteinBenchmarks,Length=64,NormalizedSimilarity_Utf16,1.01
2026-08-20,330991da387451cd3f4cfbe0dc421e67c1c1faf0,AMD EPYC 9V74,LevenshteinBenchmarks,Length=512,Distance_Utf16,1.0
2026-08-20,330991da387451cd3f4cfbe0dc421e67c1c1faf0,AMD EPYC 9V74,LevenshteinBenchmarks,Length=512,Distance_CodePoint,1.11
2026-08-20,330991da387451cd3f4cfbe0dc421e67c1c1faf0,AMD EPYC 9V74,LevenshteinBenchmarks,Length=512,NormalizedSimilarity_Utf16,1.03
2026-08-20,330991da387451cd3f4cfbe0dc421e67c1c1faf0,AMD EPYC 9V74,LevenshteinCodePointBenchmarks,"Length=16, Distinct=32",Distance_CodePoint,1.0
2026-08-20,330991da387451cd3f4cfbe0dc421e67c1c1faf0,AMD EPYC 9V74,LevenshteinCodePointBenchmarks,"Length=16, Distinct=32",Distance_Utf16,4.28
2026-08-20,330991da387451cd3f4cfbe0dc421e67c1c1faf0,AMD EPYC 9V74,LevenshteinCodePointBenchmarks,"Length=16, Distinct=512",Distance_CodePoint,1.0
2026-08-20,330991da387451cd3f4cfbe0dc421e67c1c1faf0,AMD EPYC 9V74,LevenshteinCodePointBenchmarks,"Length=16, Distinct=512",Distance_Utf16,3.99
2026-08-20,330991da387451cd3f4cfbe0dc421e67c1c1faf0,AMD EPYC 9V74,LevenshteinCodePointBenchmarks,"Length=24, Distinct=32",Distance_CodePoint,1.0
2026-08-20,330991da387451cd3f4cfbe0dc421e67c1c1faf0,AMD EPYC 9V74,LevenshteinCodePointBenchmarks,"Length=24, Distinct=32",Distance_Utf16,7.7
2026-08-20,330991da387451cd3f4cfbe0dc421e67c1c1faf0,AMD EPYC 9V74,LevenshteinCodePointBenchmarks,"Length=24, Distinct=512",Distance_CodePoint,1.0
2026-08-20,330991da387451cd3f4cfbe0dc421e67c1c1faf0,AMD EPYC 9V74,LevenshteinCodePointBenchmarks,"Length=24, Distinct=512",Distance_Utf16,7.29
2026-08-20,330991da387451cd3f4cfbe0dc421e67c1c1faf0,AMD EPYC 9V74,LevenshteinCodePointBenchmarks,"Length=32, Distinct=32",Distance_CodePoint,1.0
2026-08-20,330991da387451cd3f4cfbe0dc421e67c1c1faf0,AMD EPYC 9V74,LevenshteinCodePointBenchmarks,"Length=32, Distinct=32",Distance_Utf16,11.61
2026-08-20,330991da387451cd3f4cfbe0dc421e67c1c1faf0,AMD EPYC 9V74,LevenshteinCodePointBenchmarks,"Length=32, Distinct=512",Distance_CodePoint,1.0
2026-08-20,330991da387451cd3f4cfbe0dc421e67c1c1faf0,AMD EPYC 9V74,LevenshteinCodePointBenchmarks,"Length=32, Distinct=512",Distance_Utf16,11.05
2026-08-20,330991da387451cd3f4cfbe0dc421e67c1c1faf0,AMD EPYC 9V74,LevenshteinCodePointBenchmarks,"Length=40, Distinct=32",Distance_CodePoint,1.0
2026-08-20,330991da387451cd3f4cfbe0dc421e67c1c1faf0,AMD EPYC 9V74,LevenshteinCodePointBenchmarks,"Length=40, Distinct=32",Distance_Utf16,15.67
2026-08-20,330991da387451cd3f4cfbe0dc421e67c1c1faf0,AMD EPYC 9V74,LevenshteinCodePointBenchmarks,"Length=40, Distinct=512",Distance_CodePoint,1.0
2026-08-20,330991da387451cd3f4cfbe0dc421e67c1c1faf0,AMD EPYC 9V74,LevenshteinCodePointBenchmarks,"Length=40, Distinct=512",Distance_Utf16,15.14
2026-08-20,330991da387451cd3f4cfbe0dc421e67c1c1faf0,AMD EPYC 9V74,LevenshteinCodePointBenchmarks,"Length=128, Distinct=32",Distance_CodePoint,1.0
2026-08-20,330991da387451cd3f4cfbe0dc421e67c1c1faf0,AMD EPYC 9V74,LevenshteinCodePointBenchmarks,"Length=128, Distinct=32",Distance_Utf16,41.87
2026-08-20,330991da387451cd3f4cfbe0dc421e67c1c1faf0,AMD EPYC 9V74,LevenshteinCodePointBenchmarks,"Length=128, Distinct=512",Distance_CodePoint,1.0
2026-08-20,330991da387451cd3f4cfbe0dc421e67c1c1faf0,AMD EPYC 9V74,LevenshteinCodePointBenchmarks,"Length=128, Distinct=512",Distance_Utf16,42.33
2026-08-20,330991da387451cd3f4cfbe0dc421e67c1c1faf0,AMD EPYC 9V74,LevenshteinCodePointBenchmarks,"Length=512, Distinct=32",Distance_CodePoint,1.0
2026-08-20,330991da387451cd3f4cfbe0dc421e67c1c1faf0,AMD EPYC 9V74,LevenshteinCodePointBenchmarks,"Length=512, Distinct=32",Distance_Utf16,119.78
2026-08-20,330991da387451cd3f4cfbe0dc421e67c1c1faf0,AMD EPYC 9V74,LevenshteinCodePointBenchmarks,"Length=512, Distinct=512",Distance_CodePoint,1.0
2026-08-20,330991da387451cd3f4cfbe0dc421e67c1c1faf0,AMD EPYC 9V74,LevenshteinCodePointBenchmarks,"Length=512, Distinct=512",Distance_Utf16,4.03
2026-08-20,330991da387451cd3f4cfbe0dc421e67c1c1faf0,AMD EPYC 9V74,MyersGateBenchmarks,Band=4,Dp,1.0
2026-08-20,330991da387451cd3f4cfbe0dc421e67c1c1faf0,AMD EPYC 9V74,MyersGateBenchmarks,Band=4,Kernel,1.0
2026-08-20,330991da387451cd3f4cfbe0dc421e67c1c1faf0,AMD EPYC 9V74,MyersGateBenchmarks,Band=6,Dp,1.0
2026-08-20,330991da387451cd3f4cfbe0dc421e67c1c1faf0,AMD EPYC 9V74,MyersGateBenchmarks,Band=6,Kernel,1.0
2026-08-20,330991da387451cd3f4cfbe0dc421e67c1c1faf0,AMD EPYC 9V74,MyersGateBenchmarks,Band=8,Dp,1.0
2026-08-20,330991da387451cd3f4cfbe0dc421e67c1c1faf0,AMD EPYC 9V74,MyersGateBenchmarks,Band=8,Kernel,0.64
2026-08-20,330991da387451cd3f4cfbe0dc421e67c1c1faf0,AMD EPYC 9V74,MyersGateBenchmarks,Band=10,Dp,1.0
2026-08-20,330991da387451cd3f4cfbe0dc421e67c1c1faf0,AMD EPYC 9V74,MyersGateBenchmarks,Band=10,Kernel,0.54
2026-08-20,330991da387451cd3f4cfbe0dc421e67c1c1faf0,AMD EPYC 9V74,MyersGateBenchmarks,Band=12,Dp,1.0
2026-08-20,330991da387451cd3f4cfbe0dc421e67c1c1faf0,AMD EPYC 9V74,MyersGateBenchmarks,Band=12,Kernel,0.47
2026-08-20,330991da387451cd3f4cfbe0dc421e67c1c1faf0,AMD EPYC 9V74,MyersGateBenchmarks,Band=16,Dp,1.0
2026-08-20,330991da387451cd3f4cfbe0dc421e67c1c1faf0,AMD EPYC 9V74,MyersGateBenchmarks,Band=16,Kernel,0.33
2026-08-20,330991da387451cd3f4cfbe0dc421e67c1c1faf0,AMD EPYC 9V74,MyersGateBenchmarks,Band=24,Dp,1.0
2026-08-20,330991da387451cd3f4cfbe0dc421e67c1c1faf0,AMD EPYC 9V74,MyersGateBenchmarks,Band=24,Kernel,0.21
2026-08-20,330991da387451cd3f4cfbe0dc421e67c1c1faf0,AMD EPYC 9V74,MyersGateBenchmarks,Band=32,Dp,1.0
2026-08-20,330991da387451cd3f4cfbe0dc421e67c1c1faf0,AMD EPYC 9V74,MyersGateBenchmarks,Band=32,Kernel,0.15
2026-08-20,330991da387451cd3f4cfbe0dc421e67c1c1faf0,AMD EPYC 9V74,MyersGateBenchmarks,Band=48,Dp,1.0
2026-08-20,330991da387451cd3f4cfbe0dc421e67c1c1faf0,AMD EPYC 9V74,MyersGateBenchmarks,Band=48,Kernel,0.09
2026-08-20,330991da387451cd3f4cfbe0dc421e67c1c1faf0,AMD EPYC 9V74,MyersGateBenchmarks,Band=64,Dp,1.0
2026-08-20,330991da387451cd3f4cfbe0dc421e67c1c1faf0,AMD EPYC 9V74,MyersGateBenchmarks,Band=64,Kernel,0.07
2026-08-20,330991da387451cd3f4cfbe0dc421e67c1c1faf0,AMD EPYC 9V74,MyersGateBenchmarks,Band=96,Dp,1.0
2026-08-20,330991da387451cd3f4cfbe0dc421e67c1c1faf0,AMD EPYC 9V74,MyersGateBenchmarks,Band=96,Kernel,0.09
2026-08-20,9f66a0b2e09f204dd9d7e680f3655d6d084d26c8,AMD EPYC 7763,BatchEmbeddingBenchmarks,CorpusSize=1,UnitLoop,1.0
2026-08-20,9f66a0b2e09f204dd9d7e680f3655d6d084d26c8,AMD EPYC 7763,BatchEmbeddingBenchmarks,CorpusSize=1,EmbedBatch,1.01
2026-08-20,9f66a0b2e09f204dd9d7e680f3655d6d084d26c8,AMD EPYC 7763,BatchEmbeddingBenchmarks,CorpusSize=1,EmbedBatchBucketed,1.02
2026-08-20,9f66a0b2e09f204dd9d7e680f3655d6d084d26c8,AMD EPYC 7763,BatchEmbeddingBenchmarks,CorpusSize=8,UnitLoop,1.0
2026-08-20,9f66a0b2e09f204dd9d7e680f3655d6d084d26c8,AMD EPYC 7763,BatchEmbeddingBenchmarks,CorpusSize=8,EmbedBatch,0.65
2026-08-20,9f66a0b2e09f204dd9d7e680f3655d6d084d26c8,AMD EPYC 7763,BatchEmbeddingBenchmarks,CorpusSize=8,EmbedBatchBucketed,0.67
2026-08-20,9f66a0b2e09f204dd9d7e680f3655d6d084d26c8,AMD EPYC 7763,BatchEmbeddingBenchmarks,CorpusSize=32,UnitLoop,1.0
2026-08-20,9f66a0b2e09f204dd9d7e680f3655d6d084d26c8,AMD EPYC 7763,BatchEmbeddingBenchmarks,CorpusSize=32,EmbedBatch,0.61
2026-08-20,9f66a0b2e09f204dd9d7e680f3655d6d084d26c8,AMD EPYC 7763,BatchEmbeddingBenchmarks,CorpusSize=32,EmbedBatchBucketed,0.61
2026-08-20,9f66a0b2e09f204dd9d7e680f3655d6d084d26c8,AMD EPYC 7763,BatchEmbeddingBenchmarks,CorpusSize=128,UnitLoop,1.0
2026-08-20,9f66a0b2e09f204dd9d7e680f3655d6d084d26c8,AMD EPYC 7763,BatchEmbeddingBenchmarks,CorpusSize=128,EmbedBatch,0.62
2026-08-20,9f66a0b2e09f204dd9d7e680f3655d6d084d26c8,AMD EPYC 7763,BatchEmbeddingBenchmarks,CorpusSize=128,EmbedBatchBucketed,0.59
2026-08-20,9f66a0b2e09f204dd9d7e680f3655d6d084d26c8,AMD EPYC 7763,BpeBenchmarks,,Unigram,1.0
2026-08-20,9f66a0b2e09f204dd9d7e680f3655d6d084d26c8,AMD EPYC 7763,BpeBenchmarks,,Bpe,0.94
2026-08-20,9f66a0b2e09f204dd9d7e680f3655d6d084d26c8,AMD EPYC 7763,FuzzBenchmarks,,Ratio,1.0
2026-08-20,9f66a0b2e09f204dd9d7e680f3655d6d084d26c8,AMD EPYC 7763,FuzzBenchmarks,,PartialRatio,192.35
2026-08-20,9f66a0b2e09f204dd9d7e680f3655d6d084d26c8,AMD EPYC 7763,FuzzBenchmarks,,TokenSortRatio,11.07
2026-08-20,9f66a0b2e09f204dd9d7e680f3655d6d084d26c8,AMD EPYC 7763,FuzzBenchmarks,,TokenSetRatio,36.82
2026-08-20,9f66a0b2e09f204dd9d7e680f3655d6d084d26c8,AMD EPYC 7763,FuzzBenchmarks,,WRatio,50.29
2026-08-20,9f66a0b2e09f204dd9d7e680f3655d6d084d26c8,AMD EPYC 7763,IndelBenchmarks,Length=8,Distance_Utf16,1.0
2026-08-20,9f66a0b2e09f204dd9d7e680f3655d6d084d26c8,AMD EPYC 7763,IndelBenchmarks,Length=8,Distance_CodePoint,5.08
2026-08-20,9f66a0b2e09f204dd9d7e680f3655d6d084d26c8,AMD EPYC 7763,IndelBenchmarks,Length=8,NormalizedSimilarity_Utf16,1.02
2026-08-20,9f66a0b2e09f204dd9d7e680f3655d6d084d26c8,AMD EPYC 7763,IndelBenchmarks,Length=8,SubsequenceLength_Utf16,1.0
2026-08-20,9f66a0b2e09f204dd9d7e680f3655d6d084d26c8,AMD EPYC 7763,IndelBenchmarks,Length=12,Distance_Utf16,1.0
2026-08-20,9f66a0b2e09f204dd9d7e680f3655d6d084d26c8,AMD EPYC 7763,IndelBenchmarks,Length=12,Distance_CodePoint,5.38
2026-08-20,9f66a0b2e09f204dd9d7e680f3655d6d084d26c8,AMD EPYC 7763,IndelBenchmarks,Length=12,NormalizedSimilarity_Utf16,1.01
2026-08-20,9f66a0b2e09f204dd9d7e680f3655d6d084d26c8,AMD EPYC 7763,IndelBenchmarks,Length=12,SubsequenceLength_Utf16,0.98
2026-08-20,9f66a0b2e09f204dd9d7e680f3655d6d084d26c8,AMD EPYC 7763,IndelBenchmarks,Length=16,Distance_Utf16,1.0
2026-08-20,9f66a0b2e09f204dd9d7e680f3655d6d084d26c8,AMD EPYC 7763,IndelBenchmarks,Length=16,Distance_CodePoint,4.99
2026-08-20,9f66a0b2e09f204dd9d7e680f3655d6d084d26c8,AMD EPYC 7763,IndelBenchmarks,Length=16,NormalizedSimilarity_Utf16,1.03
2026-08-20,9f66a0b2e09f204dd9d7e680f3655d6d084d26c8,AMD EPYC 7763,IndelBenchmarks,Length=16,SubsequenceLength_Utf16,1.0
2026-08-20,9f66a0b2e09f204dd9d7e680f3655d6d084d26c8,AMD EPYC 7763,IndelBenchmarks,Length=20,Distance_Utf16,1.0
2026-08-20,9f66a0b2e09f204dd9d7e680f3655d6d084d26c8,AMD EPYC 7763,IndelBenchmarks,Length=20,Distance_CodePoint,2.14
2026-08-20,9f66a0b2e09f204dd9d7e680f3655d6d084d26c8,AMD EPYC 7763,IndelBenchmarks,Length=20,NormalizedSimilarity_Utf16,0.99
2026-08-20,9f66a0b2e09f204dd9d7e680f3655d6d084d26c8,AMD EPYC 7763,IndelBenchmarks,Length=20,SubsequenceLength_Utf16,1.05
2026-08-20,9f66a0b2e09f204dd9d7e680f3655d6d084d26c8,AMD EPYC 7763,IndelBenchmarks,Length=24,Distance_Utf16,1.0
2026-08-20,9f66a0b2e09f204dd9d7e680f3655d6d084d26c8,AMD EPYC 7763,IndelBenchmarks,Length=24,Distance_CodePoint,11.97
2026-08-20,9f66a0b2e09f204dd9d7e680f3655d6d084d26c8,AMD EPYC 7763,IndelBenchmarks,Length=24,NormalizedSimilarity_Utf16,0.99
2026-08-20,9f66a0b2e09f204dd9d7e680f3655d6d084d26c8,AMD EPYC 7763,IndelBenchmarks,Length=24,SubsequenceLength_Utf16,1.11
2026-08-20,9f66a0b2e09f204dd9d7e680f3655d6d084d26c8,AMD EPYC 7763,IndelBenchmarks,Length=32,Distance_Utf16,1.0
2026-08-20,9f66a0b2e09f204dd9d7e680f3655d6d084d26c8,AMD EPYC 7763,IndelBenchmarks,Length=32,Distance_CodePoint,17.16
2026-08-20,9f66a0b2e09f204dd9d7e680f3655d6d084d26c8,AMD EPYC 7763,IndelBenchmarks,Length=32,NormalizedSimilarity_Utf16,1.07
2026-08-20,9f66a0b2e09f204dd9d7e680f3655d6d084d26c8,AMD EPYC 7763,IndelBenchmarks,Length=32,SubsequenceLength_Utf16,0.99
2026-08-20,9f66a0b2e09f204dd9d7e680f3655d6d084d26c8,AMD EPYC 7763,IndelBenchmarks,Length=128,Distance_Utf16,1.0
2026-08-20,9f66a0b2e09f204dd9d7e680f3655d6d084d26c8,AMD EPYC 7763,IndelBenchmarks,Length=128,Distance_CodePoint,17.53
2026-08-20,9f66a0b2e09f204dd9d7e680f3655d6d084d26c8,AMD EPYC 7763,IndelBenchmarks,Length=128,NormalizedSimilarity_Utf16,0.98
2026-08-20,9f66a0b2e09f204dd9d7e680f3655d6d084d26c8,AMD EPYC 7763,IndelBenchmarks,Length=128,SubsequenceLength_Utf16,0.98
2026-08-20,9f66a0b2e09f204dd9d7e680f3655d6d084d26c8,AMD EPYC 7763,IndelBenchmarks,Length=512,Distance_Utf16,1.0
2026-08-20,9f66a0b2e09f204dd9d7e680f3655d6d084d26c8,AMD EPYC 7763,IndelBenchmarks,Length=512,Distance_CodePoint,41.14
2026-08-20,9f66a0b2e09f204dd9d7e680f3655d6d084d26c8,AMD EPYC 7763,IndelBenchmarks,Length=512,NormalizedSimilarity_Utf16,1.02
2026-08-20,9f66a0b2e09f204dd9d7e680f3655d6d084d26c8,AMD EPYC 7763,IndelBenchmarks,Length=512,SubsequenceLength_Utf16,1.0
2026-08-20,9f66a0b2e09f204dd9d7e680f3655d6d084d26c8,AMD EPYC 7763,LcsGateBenchmarks,Band=8,Dp,1.0
2026-08-20,9f66a0b2e09f204dd9d7e680f3655d6d084d26c8,AMD EPYC 7763,LcsGateBenchmarks,Band=8,Kernel,0.43
2026-08-20,9f66a0b2e09f204dd9d7e680f3655d6d084d26c8,AMD EPYC 7763,LcsGateBenchmarks,Band=12,Dp,1.0
2026-08-20,9f66a0b2e09f204dd9d7e680f3655d6d084d26c8,AMD EPYC 7763,LcsGateBenchmarks,Band=12,Kernel,0.27
2026-08-20,9f66a0b2e09f204dd9d7e680f3655d6d084d26c8,AMD EPYC 7763,LcsGateBenchmarks,Band=14,Dp,1.0
2026-08-20,9f66a0b2e09f204dd9d7e680f3655d6d084d26c8,AMD EPYC 7763,LcsGateBenchmarks,Band=14,Kernel,0.24
2026-08-20,9f66a0b2e09f204dd9d7e680f3655d6d084d26c8,AMD EPYC 7763,LcsGateBenchmarks,Band=16,Dp,1.0
2026-08-20,9f66a0b2e09f204dd9d7e680f3655d6d084d26c8,AMD EPYC 7763,LcsGateBenchmarks,Band=16,Kernel,0.19
2026-08-20,9f66a0b2e09f204dd9d7e680f3655d6d084d26c8,AMD EPYC 7763,LcsGateBenchmarks,Band=18,Dp,1.0
2026-08-20,9f66a0b2e09f204dd9d7e680f3655d6d084d26c8,AMD EPYC 7763,LcsGateBenchmarks,Band=18,Kernel,0.17
2026-08-20,9f66a0b2e09f204dd9d7e680f3655d6d084d26c8,AMD EPYC 7763,LcsGateBenchmarks,Band=20,Dp,1.0
2026-08-20,9f66a0b2e09f204dd9d7e680f3655d6d084d26c8,AMD EPYC 7763,LcsGateBenchmarks,Band=20,Kernel,0.14
2026-08-20,9f66a0b2e09f204dd9d7e680f3655d6d084d26c8,AMD EPYC 7763,LcsGateBenchmarks,Band=24,Dp,1.0
2026-08-20,9f66a0b2e09f204dd9d7e680f3655d6d084d26c8,AMD EPYC 7763,LcsGateBenchmarks,Band=24,Kernel,0.09
2026-08-20,9f66a0b2e09f204dd9d7e680f3655d6d084d26c8,AMD EPYC 7763,LcsGateBenchmarks,Band=32,Dp,1.0
2026-08-20,9f66a0b2e09f204dd9d7e680f3655d6d084d26c8,AMD EPYC 7763,LcsGateBenchmarks,Band=32,Kernel,0.07
2026-08-20,9f66a0b2e09f204dd9d7e680f3655d6d084d26c8,AMD EPYC 7763,LcsGateBenchmarks,Band=48,Dp,1.0
2026-08-20,9f66a0b2e09f204dd9d7e680f3655d6d084d26c8,AMD EPYC 7763,LcsGateBenchmarks,Band=48,Kernel,0.04
2026-08-20,9f66a0b2e09f204dd9d7e680f3655d6d084d26c8,AMD EPYC 7763,LcsGateBenchmarks,Band=64,Dp,1.0
2026-08-20,9f66a0b2e09f204dd9d7e680f3655d6d084d26c8,AMD EPYC 7763,LcsGateBenchmarks,Band=64,Kernel,0.03
2026-08-20,9f66a0b2e09f204dd9d7e680f3655d6d084d26c8,AMD EPYC 7763,LcsGateBenchmarks,Band=96,Dp,1.01
2026-08-20,9f66a0b2e09f204dd9d7e680f3655d6d084d26c8,AMD EPYC 7763,LcsGateBenchmarks,Band=96,Kernel,0.08
2026-08-20,9f66a0b2e09f204dd9d7e680f3655d6d084d26c8,AMD EPYC 7763,LevenshteinBenchmarks,Length=8,Distance_Utf16,1.0
2026-08-20,9f66a0b2e09f204dd9d7e680f3655d6d084d26c8,AMD EPYC 7763,LevenshteinBenchmarks,Length=8,Distance_CodePoint,4.59
2026-08-20,9f66a0b2e09f204dd9d7e680f3655d6d084d26c8,AMD EPYC 7763,LevenshteinBenchmarks,Length=8,NormalizedSimilarity_Utf16,0.93
2026-08-20,9f66a0b2e09f204dd9d7e680f3655d6d084d26c8,AMD EPYC 7763,LevenshteinBenchmarks,Length=64,Distance_Utf16,1.0
2026-08-20,9f66a0b2e09f204dd9d7e680f3655d6d084d26c8,AMD EPYC 7763,LevenshteinBenchmarks,Length=64,Distance_CodePoint,2.45
2026-08-20,9f66a0b2e09f204dd9d7e680f3655d6d084d26c8,AMD EPYC 7763,LevenshteinBenchmarks,Length=64,NormalizedSimilarity_Utf16,1.01
2026-08-20,9f66a0b2e09f204dd9d7e680f3655d6d084d26c8,AMD EPYC 7763,LevenshteinBenchmarks,Length=512,Distance_Utf16,1.0
2026-08-20,9f66a0b2e09f204dd9d7e680f3655d6d084d26c8,AMD EPYC 7763,LevenshteinBenchmarks,Length=512,Distance_CodePoint,1.17
2026-08-20,9f66a0b2e09f204dd9d7e680f3655d6d084d26c8,AMD EPYC 7763,LevenshteinBenchmarks,Length=512,NormalizedSimilarity_Utf16,1.01
2026-08-20,9f66a0b2e09f204dd9d7e680f3655d6d084d26c8,AMD EPYC 7763,LevenshteinCodePointBenchmarks,"Length=16, Distinct=32",Distance_CodePoint,1.0
2026-08-20,9f66a0b2e09f204dd9d7e680f3655d6d084d26c8,AMD EPYC 7763,LevenshteinCodePointBenchmarks,"Length=16, Distinct=32",Distance_Utf16,4.06
2026-08-20,9f66a0b2e09f204dd9d7e680f3655d6d084d26c8,AMD EPYC 7763,LevenshteinCodePointBenchmarks,"Length=16, Distinct=512",Distance_CodePoint,1.0
2026-08-20,9f66a0b2e09f204dd9d7e680f3655d6d084d26c8,AMD EPYC 7763,LevenshteinCodePointBenchmarks,"Length=16, Distinct=512",Distance_Utf16,3.8
2026-08-20,9f66a0b2e09f204dd9d7e680f3655d6d084d26c8,AMD EPYC 7763,LevenshteinCodePointBenchmarks,"Length=24, Distinct=32",Distance_CodePoint,1.0
2026-08-20,9f66a0b2e09f204dd9d7e680f3655d6d084d26c8,AMD EPYC 7763,LevenshteinCodePointBenchmarks,"Length=24, Distinct=32",Distance_Utf16,8.75
2026-08-20,9f66a0b2e09f204dd9d7e680f3655d6d084d26c8,AMD EPYC 7763,LevenshteinCodePointBenchmarks,"Length=24, Distinct=512",Distance_CodePoint,1.0
2026-08-20,9f66a0b2e09f204dd9d7e680f3655d6d084d26c8,AMD EPYC 7763,LevenshteinCodePointBenchmarks,"Length=24, Distinct=512",Distance_Utf16,8.21
2026-08-20,9f66a0b2e09f204dd9d7e680f3655d6d084d26c8,AMD EPYC 7763,LevenshteinCodePointBenchmarks,"Length=32, Distinct=32",Distance_CodePoint,1.0
2026-08-20,9f66a0b2e09f204dd9d7e680f3655d6d084d26c8,AMD EPYC 7763,LevenshteinCodePointBenchmarks,"Length=32, Distinct=32",Distance_Utf16,12.87
2026-08-20,9f66a0b2e09f204dd9d7e680f3655d6d084d26c8,AMD EPYC 7763,LevenshteinCodePointBenchmarks,"Length=32, Distinct=512",Distance_CodePoint,1.0
2026-08-20,9f66a0b2e09f204dd9d7e680f3655d6d084d26c8,AMD EPYC 7763,LevenshteinCodePointBenchmarks,"Length=32, Distinct=512",Distance_Utf16,12.54
2026-08-20,9f66a0b2e09f204dd9d7e680f3655d6d084d26c8,AMD EPYC 7763,LevenshteinCodePointBenchmarks,"Length=40, Distinct=32",Distance_CodePoint,1.0
2026-08-20,9f66a0b2e09f204dd9d7e680f3655d6d084d26c8,AMD EPYC 7763,LevenshteinCodePointBenchmarks,"Length=40, Distinct=32",Distance_Utf16,16.95
2026-08-20,9f66a0b2e09f204dd9d7e680f3655d6d084d26c8,AMD EPYC 7763,LevenshteinCodePointBenchmarks,"Length=40, Distinct=512",Distance_CodePoint,1.0
2026-08-20,9f66a0b2e09f204dd9d7e680f3655d6d084d26c8,AMD EPYC 7763,LevenshteinCodePointBenchmarks,"Length=40, Distinct=512",Distance_Utf16,17.2
2026-08-20,9f66a0b2e09f204dd9d7e680f3655d6d084d26c8,AMD EPYC 7763,LevenshteinCodePointBenchmarks,"Length=128, Distinct=32",Distance_CodePoint,1.0
2026-08-20,9f66a0b2e09f204dd9d7e680f3655d6d084d26c8,AMD EPYC 7763,LevenshteinCodePointBenchmarks,"Length=128, Distinct=32",Distance_Utf16,57.2
2026-08-20,9f66a0b2e09f204dd9d7e680f3655d6d084d26c8,AMD EPYC 7763,LevenshteinCodePointBenchmarks,"Length=128, Distinct=512",Distance_CodePoint,1.0
2026-08-20,9f66a0b2e09f204dd9d7e680f3655d6d084d26c8,AMD EPYC 7763,LevenshteinCodePointBenchmarks,"Length=128, Distinct=512",Distance_Utf16,46.97
2026-08-20,9f66a0b2e09f204dd9d7e680f3655d6d084d26c8,AMD EPYC 7763,LevenshteinCodePointBenchmarks,"Length=512, Distinct=32",Distance_CodePoint,1.0
2026-08-20,9f66a0b2e09f204dd9d7e680f3655d6d084d26c8,AMD EPYC 7763,LevenshteinCodePointBenchmarks,"Length=512, Distinct=32",Distance_Utf16,130.07
2026-08-20,9f66a0b2e09f204dd9d7e680f3655d6d084d26c8,AMD EPYC 7763,LevenshteinCodePointBenchmarks,"Length=512, Distinct=512",Distance_CodePoint,1.0
2026-08-20,9f66a0b2e09f204dd9d7e680f3655d6d084d26c8,AMD EPYC 7763,LevenshteinCodePointBenchmarks,"Length=512, Distinct=512",Distance_Utf16,3.7
2026-08-20,9f66a0b2e09f204dd9d7e680f3655d6d084d26c8,AMD EPYC 7763,MyersGateBenchmarks,Band=4,Dp,1.0
2026-08-20,9f66a0b2e09f204dd9d7e680f3655d6d084d26c8,AMD EPYC 7763,MyersGateBenchmarks,Band=4,Kernel,0.98
2026-08-20,9f66a0b2e09f204dd9d7e680f3655d6d084d26c8,AMD EPYC 7763,MyersGateBenchmarks,Band=6,Dp,1.0
2026-08-20,9f66a0b2e09f204dd9d7e680f3655d6d084d26c8,AMD EPYC 7763,MyersGateBenchmarks,Band=6,Kernel,0.98
2026-08-20,9f66a0b2e09f204dd9d7e680f3655d6d084d26c8,AMD EPYC 7763,MyersGateBenchmarks,Band=8,Dp,1.0
2026-08-20,9f66a0b2e09f204dd9d7e680f3655d6d084d26c8,AMD EPYC 7763,MyersGateBenchmarks,Band=8,Kernel,0.57
2026-08-20,9f66a0b2e09f204dd9d7e680f3655d6d084d26c8,AMD EPYC 7763,MyersGateBenchmarks,Band=10,Dp,1.0
2026-08-20,9f66a0b2e09f204dd9d7e680f3655d6d084d26c8,AMD EPYC 7763,MyersGateBenchmarks,Band=10,Kernel,0.48
2026-08-20,9f66a0b2e09f204dd9d7e680f3655d6d084d26c8,AMD EPYC 7763,MyersGateBenchmarks,Band=12,Dp,1.0
2026-08-20,9f66a0b2e09f204dd9d7e680f3655d6d084d26c8,AMD EPYC 7763,MyersGateBenchmarks,Band=12,Kernel,0.41
2026-08-20,9f66a0b2e09f204dd9d7e680f3655d6d084d26c8,AMD EPYC 7763,MyersGateBenchmarks,Band=16,Dp,1.0
2026-08-20,9f66a0b2e09f204dd9d7e680f3655d6d084d26c8,AMD EPYC 7763,MyersGateBenchmarks,Band=16,Kernel,0.29
2026-08-20,9f66a0b2e09f204dd9d7e680f3655d6d084d26c8,AMD EPYC 7763,MyersGateBenchmarks,Band=24,Dp,1.0
2026-08-20,9f66a0b2e09f204dd9d7e680f3655d6d084d26c8,AMD EPYC 7763,MyersGateBenchmarks,Band=24,Kernel,0.18
2026-08-20,9f66a0b2e09f204dd9d7e680f3655d6d084d26c8,AMD EPYC 7763,MyersGateBenchmarks,Band=32,Dp,1.0
2026-08-20,9f66a0b2e09f204dd9d7e680f3655d6d084d26c8,AMD EPYC 7763,MyersGateBenchmarks,Band=32,Kernel,0.13
2026-08-20,9f66a0b2e09f204dd9d7e680f3655d6d084d26c8,AMD EPYC 7763,MyersGateBenchmarks,Band=48,Dp,1.0
2026-08-20,9f66a0b2e09f204dd9d7e680f3655d6d084d26c8,AMD EPYC 7763,MyersGateBenchmarks,Band=48,Kernel,0.08
2026-08-20,9f66a0b2e09f204dd9d7e680f3655d6d084d26c8,AMD EPYC 7763,MyersGateBenchmarks,Band=64,Dp,1.0
2026-08-20,9f66a0b2e09f204dd9d7e680f3655d6d084d26c8,AMD EPYC 7763,MyersGateBenchmarks,Band=64,Kernel,0.05
2026-08-20,9f66a0b2e09f204dd9d7e680f3655d6d084d26c8,AMD EPYC 7763,MyersGateBenchmarks,Band=96,Dp,1.0
2026-08-20,9f66a0b2e09f204dd9d7e680f3655d6d084d26c8,AMD EPYC 7763,MyersGateBenchmarks,Band=96,Kernel,0.08
2026-08-20,9f66a0b2e09f204dd9d7e680f3655d6d084d26c8,AMD EPYC 7763,StopWordBenchmarks,Documents=200,Count,1.0
2026-08-20,9f66a0b2e09f204dd9d7e680f3655d6d084d26c8,AMD EPYC 7763,StopWordBenchmarks,Documents=200,CountWithStopWords,0.84
2026-08-20,9f66a0b2e09f204dd9d7e680f3655d6d084d26c8,AMD EPYC 7763,StopWordBenchmarks,Documents=200,Hashing,1.02
2026-08-20,9f66a0b2e09f204dd9d7e680f3655d6d084d26c8,AMD EPYC 7763,StopWordBenchmarks,Documents=200,HashingWithStopWords,0.89
2026-08-20,9f66a0b2e09f204dd9d7e680f3655d6d084d26c8,AMD EPYC 7763,StopWordBenchmarks,Documents=1000,Count,1.0
2026-08-20,9f66a0b2e09f204dd9d7e680f3655d6d084d26c8,AMD EPYC 7763,StopWordBenchmarks,Documents=1000,CountWithStopWords,0.78
2026-08-20,9f66a0b2e09f204dd9d7e680f3655d6d084d26c8,AMD EPYC 7763,StopWordBenchmarks,Documents=1000,Hashing,0.95
2026-08-20,9f66a0b2e09f204dd9d7e680f3655d6d084d26c8,AMD EPYC 7763,StopWordBenchmarks,Documents=1000,HashingWithStopWords,0.81
2026-08-20,9f66a0b2e09f204dd9d7e680f3655d6d084d26c8,AMD EPYC 7763,VectorMathBenchmarks,Dim=384,Dot,1.0
2026-08-20,9f66a0b2e09f204dd9d7e680f3655d6d084d26c8,AMD EPYC 7763,VectorMathBenchmarks,Dim=384,L2Norm,0.95
2026-08-20,9f66a0b2e09f204dd9d7e680f3655d6d084d26c8,AMD EPYC 7763,VectorMathBenchmarks,Dim=768,Dot,1.0
2026-08-20,9f66a0b2e09f204dd9d7e680f3655d6d084d26c8,AMD EPYC 7763,VectorMathBenchmarks,Dim=768,L2Norm,0.99
2026-08-20,9f66a0b2e09f204dd9d7e680f3655d6d084d26c8,AMD EPYC 7763,VectorMathBenchmarks,Dim=1024,Dot,1.0
2026-08-20,9f66a0b2e09f204dd9d7e680f3655d6d084d26c8,AMD EPYC 7763,VectorMathBenchmarks,Dim=1024,L2Norm,0.99
2026-08-20,9f66a0b2e09f204dd9d7e680f3655d6d084d26c8,AMD EPYC 7763,VectorizerBenchmarks,Documents=200,Count,1.0
2026-08-20,9f66a0b2e09f204dd9d7e680f3655d6d084d26c8,AMD EPYC 7763,VectorizerBenchmarks,Documents=200,Tfidf,1.1
2026-08-20,9f66a0b2e09f204dd9d7e680f3655d6d084d26c8,AMD EPYC 7763,VectorizerBenchmarks,Documents=200,CountBigrams,1.28
2026-08-20,9f66a0b2e09f204dd9d7e680f3655d6d084d26c8,AMD EPYC 7763,VectorizerBenchmarks,Documents=200,Hashing,1.01
2026-08-20,9f66a0b2e09f204dd9d7e680f3655d6d084d26c8,AMD EPYC 7763,VectorizerBenchmarks,Documents=1000,Count,1.0
2026-08-20,9f66a0b2e09f204dd9d7e680f3655d6d084d26c8,AMD EPYC 7763,VectorizerBenchmarks,Documents=1000,Tfidf,1.03
2026-08-20,9f66a0b2e09f204dd9d7e680f3655d6d084d26c8,AMD EPYC 7763,VectorizerBenchmarks,Documents=1000,CountBigrams,1.66
2026-08-20,9f66a0b2e09f204dd9d7e680f3655d6d084d26c8,AMD EPYC 7763,VectorizerBenchmarks,Documents=1000,Hashing,1.0
2026-08-26,2483f1a00691271083f00baf3835de96bf0a4076,AMD EPYC 9V74,BatchEmbeddingBenchmarks,CorpusSize=1,UnitLoop,1.0
2026-08-26,2483f1a00691271083f00baf3835de96bf0a4076,AMD EPYC 9V74,BatchEmbeddingBenchmarks,CorpusSize=1,EmbedBatch,1.02
2026-08-26,2483f1a00691271083f00baf3835de96bf0a4076,AMD EPYC 9V74,BatchEmbeddingBenchmarks,CorpusSize=1,EmbedBatchBucketed,1.03
2026-08-26,2483f1a00691271083f00baf3835de96bf0a4076,AMD EPYC 9V74,BatchEmbeddingBenchmarks,CorpusSize=8,UnitLoop,1.0
2026-08-26,2483f1a00691271083f00baf3835de96bf0a4076,AMD EPYC 9V74,BatchEmbeddingBenchmarks,CorpusSize=8,EmbedBatch,0.64
2026-08-26,2483f1a00691271083f00baf3835de96bf0a4076,AMD EPYC 9V74,BatchEmbeddingBenchmarks,CorpusSize=8,EmbedBatchBucketed,0.63
2026-08-26,2483f1a00691271083f00baf3835de96bf0a4076,AMD EPYC 9V74,BatchEmbeddingBenchmarks,CorpusSize=32,UnitLoop,1.0
2026-08-26,2483f1a00691271083f00baf3835de96bf0a4076,AMD EPYC 9V74,BatchEmbeddingBenchmarks,CorpusSize=32,EmbedBatch,0.61
2026-08-26,2483f1a00691271083f00baf3835de96bf0a4076,AMD EPYC 9V74,BatchEmbeddingBenchmarks,CorpusSize=32,EmbedBatchBucketed,0.58
2026-08-26,2483f1a00691271083f00baf3835de96bf0a4076,AMD EPYC 9V74,BatchEmbeddingBenchmarks,CorpusSize=128,UnitLoop,1.0
2026-08-26,2483f1a00691271083f00baf3835de96bf0a4076,AMD EPYC 9V74,BatchEmbeddingBenchmarks,CorpusSize=128,EmbedBatch,0.63
2026-08-26,2483f1a00691271083f00baf3835de96bf0a4076,AMD EPYC 9V74,BatchEmbeddingBenchmarks,CorpusSize=128,EmbedBatchBucketed,0.58
2026-08-26,2483f1a00691271083f00baf3835de96bf0a4076,AMD EPYC 9V74,BpeBenchmarks,,Unigram,1.0
2026-08-26,2483f1a00691271083f00baf3835de96bf0a4076,AMD EPYC 9V74,BpeBenchmarks,,Bpe,0.96
2026-08-26,2483f1a00691271083f00baf3835de96bf0a4076,AMD EPYC 9V74,FuzzBenchmarks,,Ratio,1.0
2026-08-26,2483f1a00691271083f00baf3835de96bf0a4076,AMD EPYC 9V74,FuzzBenchmarks,,PartialRatio,123.98
2026-08-26,2483f1a00691271083f00baf3835de96bf0a4076,AMD EPYC 9V74,FuzzBenchmarks,,TokenSortRatio,8.66
2026-08-26,2483f1a00691271083f00baf3835de96bf0a4076,AMD EPYC 9V74,FuzzBenchmarks,,TokenSetRatio,29.71
2026-08-26,2483f1a00691271083f00baf3835de96bf0a4076,AMD EPYC 9V74,FuzzBenchmarks,,WRatio,41.39
2026-08-26,2483f1a00691271083f00baf3835de96bf0a4076,AMD EPYC 9V74,IndelBenchmarks,Length=8,Distance_Utf16,1.0
2026-08-26,2483f1a00691271083f00baf3835de96bf0a4076,AMD EPYC 9V74,IndelBenchmarks,Length=8,Distance_CodePoint,4.5
2026-08-26,2483f1a00691271083f00baf3835de96bf0a4076,AMD EPYC 9V74,IndelBenchmarks,Length=8,NormalizedSimilarity_Utf16,1.02
2026-08-26,2483f1a00691271083f00baf3835de96bf0a4076,AMD EPYC 9V74,IndelBenchmarks,Length=8,SubsequenceLength_Utf16,0.98
2026-08-26,2483f1a00691271083f00baf3835de96bf0a4076,AMD EPYC 9V74,IndelBenchmarks,Length=12,Distance_Utf16,1.0
2026-08-26,2483f1a00691271083f00baf3835de96bf0a4076,AMD EPYC 9V74,IndelBenchmarks,Length=12,Distance_CodePoint,4.41
2026-08-26,2483f1a00691271083f00baf3835de96bf0a4076,AMD EPYC 9V74,IndelBenchmarks,Length=12,NormalizedSimilarity_Utf16,1.07
2026-08-26,2483f1a00691271083f00baf3835de96bf0a4076,AMD EPYC 9V74,IndelBenchmarks,Length=12,SubsequenceLength_Utf16,1.02
2026-08-26,2483f1a00691271083f00baf3835de96bf0a4076,AMD EPYC 9V74,IndelBenchmarks,Length=16,Distance_Utf16,1.0
2026-08-26,2483f1a00691271083f00baf3835de96bf0a4076,AMD EPYC 9V74,IndelBenchmarks,Length=16,Distance_CodePoint,4.24
2026-08-26,2483f1a00691271083f00baf3835de96bf0a4076,AMD EPYC 9V74,IndelBenchmarks,Length=16,NormalizedSimilarity_Utf16,1.04
2026-08-26,2483f1a00691271083f00baf3835de96bf0a4076,AMD EPYC 9V74,IndelBenchmarks,Length=16,SubsequenceLength_Utf16,0.93
2026-08-26,2483f1a00691271083f00baf3835de96bf0a4076,AMD EPYC 9V74,IndelBenchmarks,Length=20,Distance_Utf16,1.0
2026-08-26,2483f1a00691271083f00baf3835de96bf0a4076,AMD EPYC 9V74,IndelBenchmarks,Length=20,Distance_CodePoint,4.82
2026-08-26,2483f1a00691271083f00baf3835de96bf0a4076,AMD EPYC 9V74,IndelBenchmarks,Length=20,NormalizedSimilarity_Utf16,0.98
2026-08-26,2483f1a00691271083f00baf3835de96bf0a4076,AMD EPYC 9V74,IndelBenchmarks,Length=20,SubsequenceLength_Utf16,0.89
2026-08-26,2483f1a00691271083f00baf3835de96bf0a4076,AMD EPYC 9V74,IndelBenchmarks,Length=24,Distance_Utf16,1.0
2026-08-26,2483f1a00691271083f00baf3835de96bf0a4076,AMD EPYC 9V74,IndelBenchmarks,Length=24,Distance_CodePoint,14.66
2026-08-26,2483f1a00691271083f00baf3835de96bf0a4076,AMD EPYC 9V74,IndelBenchmarks,Length=24,NormalizedSimilarity_Utf16,1.04
2026-08-26,2483f1a00691271083f00baf3835de96bf0a4076,AMD EPYC 9V74,IndelBenchmarks,Length=24,SubsequenceLength_Utf16,1.05
2026-08-26,2483f1a00691271083f00baf3835de96bf0a4076,AMD EPYC 9V74,IndelBenchmarks,Length=32,Distance_Utf16,1.0
2026-08-26,2483f1a00691271083f00baf3835de96bf0a4076,AMD EPYC 9V74,IndelBenchmarks,Length=32,Distance_CodePoint,14.93
2026-08-26,2483f1a00691271083f00baf3835de96bf0a4076,AMD EPYC 9V74,IndelBenchmarks,Length=32,NormalizedSimilarity_Utf16,1.1
2026-08-26,2483f1a00691271083f00baf3835de96bf0a4076,AMD EPYC 9V74,IndelBenchmarks,Length=32,SubsequenceLength_Utf16,0.96
2026-08-26,2483f1a00691271083f00baf3835de96bf0a4076,AMD EPYC 9V74,IndelBenchmarks,Length=128,Distance_Utf16,1.0
2026-08-26,2483f1a00691271083f00baf3835de96bf0a4076,AMD EPYC 9V74,IndelBenchmarks,Length=128,Distance_CodePoint,20.55
2026-08-26,2483f1a00691271083f00baf3835de96bf0a4076,AMD EPYC 9V74,IndelBenchmarks,Length=128,NormalizedSimilarity_Utf16,1.01
2026-08-26,2483f1a00691271083f00baf3835de96bf0a4076,AMD EPYC 9V74,IndelBenchmarks,Length=128,SubsequenceLength_Utf16,1.01
2026-08-26,2483f1a00691271083f00baf3835de96bf0a4076,AMD EPYC 9V74,IndelBenchmarks,Length=512,Distance_Utf16,1.0
2026-08-26,2483f1a00691271083f00baf3835de96bf0a4076,AMD EPYC 9V74,IndelBenchmarks,Length=512,Distance_CodePoint,38.14
2026-08-26,2483f1a00691271083f00baf3835de96bf0a4076,AMD EPYC 9V74,IndelBenchmarks,Length=512,NormalizedSimilarity_Utf16,1.01
2026-08-26,2483f1a00691271083f00baf3835de96bf0a4076,AMD EPYC 9V74,IndelBenchmarks,Length=512,SubsequenceLength_Utf16,1.01
2026-08-26,2483f1a00691271083f00baf3835de96bf0a4076,AMD EPYC 9V74,LcsGateBenchmarks,Band=8,Dp,1.0
2026-08-26,2483f1a00691271083f00baf3835de96bf0a4076,AMD EPYC 9V74,LcsGateBenchmarks,Band=8,Kernel,0.45
2026-08-26,2483f1a00691271083f00baf3835de96bf0a4076,AMD EPYC 9V74,LcsGateBenchmarks,Band=8,Dp_Cjk,1.0
2026-08-26,2483f1a00691271083f00baf3835de96bf0a4076,AMD EPYC 9V74,LcsGateBenchmarks,Band=8,Kernel_Cjk,0.82
2026-08-26,2483f1a00691271083f00baf3835de96bf0a4076,AMD EPYC 9V74,LcsGateBenchmarks,Band=12,Dp,1.0
2026-08-26,2483f1a00691271083f00baf3835de96bf0a4076,AMD EPYC 9V74,LcsGateBenchmarks,Band=12,Kernel,0.3
2026-08-26,2483f1a00691271083f00baf3835de96bf0a4076,AMD EPYC 9V74,LcsGateBenchmarks,Band=12,Dp_Cjk,0.96
2026-08-26,2483f1a00691271083f00baf3835de96bf0a4076,AMD EPYC 9V74,LcsGateBenchmarks,Band=12,Kernel_Cjk,0.51
2026-08-26,2483f1a00691271083f00baf3835de96bf0a4076,AMD EPYC 9V74,LcsGateBenchmarks,Band=14,Dp,1.0
2026-08-26,2483f1a00691271083f00baf3835de96bf0a4076,AMD EPYC 9V74,LcsGateBenchmarks,Band=14,Kernel,0.27
2026-08-26,2483f1a00691271083f00baf3835de96bf0a4076,AMD EPYC 9V74,LcsGateBenchmarks,Band=14,Dp_Cjk,1.11
2026-08-26,2483f1a00691271083f00baf3835de96bf0a4076,AMD EPYC 9V74,LcsGateBenchmarks,Band=14,Kernel_Cjk,0.45
2026-08-26,2483f1a00691271083f00baf3835de96bf0a4076,AMD EPYC 9V74,LcsGateBenchmarks,Band=16,Dp,1.0
2026-08-26,2483f1a00691271083f00baf3835de96bf0a4076,AMD EPYC 9V74,LcsGateBenchmarks,Band=16,Kernel,0.19
2026-08-26,2483f1a00691271083f00baf3835de96bf0a4076,AMD EPYC 9V74,LcsGateBenchmarks,Band=16,Dp_Cjk,0.92
2026-08-26,2483f1a00691271083f00baf3835de96bf0a4076,AMD EPYC 9V74,LcsGateBenchmarks,Band=16,Kernel_Cjk,0.33
2026-08-26,2483f1a00691271083f00baf3835de96bf0a4076,AMD EPYC 9V74,LcsGateBenchmarks,Band=18,Dp,1.0
2026-08-26,2483f1a00691271083f00baf3835de96bf0a4076,AMD EPYC 9V74,LcsGateBenchmarks,Band=18,Kernel,0.12
2026-08-26,2483f1a00691271083f00baf3835de96bf0a4076,AMD EPYC 9V74,LcsGateBenchmarks,Band=18,Dp_Cjk,1.01
2026-08-26,2483f1a00691271083f00baf3835de96bf0a4076,AMD EPYC 9V74,LcsGateBenchmarks,Band=18,Kernel_Cjk,0.19
2026-08-26,2483f1a00691271083f00baf3835de96bf0a4076,AMD EPYC 9V74,LcsGateBenchmarks,Band=20,Dp,1.0
2026-08-26,2483f1a00691271083f00baf3835de96bf0a4076,AMD EPYC 9V74,LcsGateBenchmarks,Band=20,Kernel,0.11
2026-08-26,2483f1a00691271083f00baf3835de96bf0a4076,AMD EPYC 9V74,LcsGateBenchmarks,Band=20,Dp_Cjk,1.01
2026-08-26,2483f1a00691271083f00baf3835de96bf0a4076,AMD EPYC 9V74,LcsGateBenchmarks,Band=20,Kernel_Cjk,0.17
2026-08-26,2483f1a00691271083f00baf3835de96bf0a4076,AMD EPYC 9V74,LcsGateBenchmarks,Band=24,Dp,1.0
2026-08-26,2483f1a00691271083f00baf3835de96bf0a4076,AMD EPYC 9V74,LcsGateBenchmarks,Band=24,Kernel,0.1
2026-08-26,2483f1a00691271083f00baf3835de96bf0a4076,AMD EPYC 9V74,LcsGateBenchmarks,Band=24,Dp_Cjk,1.0
2026-08-26,2483f1a00691271083f00baf3835de96bf0a4076,AMD EPYC 9V74,LcsGateBenchmarks,Band=24,Kernel_Cjk,0.15
2026-08-26,2483f1a00691271083f00baf3835de96bf0a4076,AMD EPYC 9V74,LcsGateBenchmarks,Band=32,Dp,1.0
2026-08-26,2483f1a00691271083f00baf3835de96bf0a4076,AMD EPYC 9V74,LcsGateBenchmarks,Band=32,Kernel,0.07
2026-08-26,2483f1a00691271083f00baf3835de96bf0a4076,AMD EPYC 9V74,LcsGateBenchmarks,Band=32,Dp_Cjk,1.01
2026-08-26,2483f1a00691271083f00baf3835de96bf0a4076,AMD EPYC 9V74,LcsGateBenchmarks,Band=32,Kernel_Cjk,0.12
2026-08-26,2483f1a00691271083f00baf3835de96bf0a4076,AMD EPYC 9V74,LcsGateBenchmarks,Band=48,Dp,1.0
2026-08-26,2483f1a00691271083f00baf3835de96bf0a4076,AMD EPYC 9V74,LcsGateBenchmarks,Band=48,Kernel,0.04
2026-08-26,2483f1a00691271083f00baf3835de96bf0a4076,AMD EPYC 9V74,LcsGateBenchmarks,Band=48,Dp_Cjk,1.0
2026-08-26,2483f1a00691271083f00baf3835de96bf0a4076,AMD EPYC 9V74,LcsGateBenchmarks,Band=48,Kernel_Cjk,0.08
2026-08-26,2483f1a00691271083f00baf3835de96bf0a4076,AMD EPYC 9V74,LcsGateBenchmarks,Band=64,Dp,1.0
2026-08-26,2483f1a00691271083f00baf3835de96bf0a4076,AMD EPYC 9V74,LcsGateBenchmarks,Band=64,Kernel,0.03
2026-08-26,2483f1a00691271083f00baf3835de96bf0a4076,AMD EPYC 9V74,LcsGateBenchmarks,Band=64,Dp_Cjk,1.02
2026-08-26,2483f1a00691271083f00baf3835de96bf0a4076,AMD EPYC 9V74,LcsGateBenchmarks,Band=64,Kernel_Cjk,0.06
2026-08-26,2483f1a00691271083f00baf3835de96bf0a4076,AMD EPYC 9V74,LcsGateBenchmarks,Band=96,Dp,1.0
2026-08-26,2483f1a00691271083f00baf3835de96bf0a4076,AMD EPYC 9V74,LcsGateBenchmarks,Band=96,Kernel,0.07
2026-08-26,2483f1a00691271083f00baf3835de96bf0a4076,AMD EPYC 9V74,LcsGateBenchmarks,Band=96,Dp_Cjk,1.03
2026-08-26,2483f1a00691271083f00baf3835de96bf0a4076,AMD EPYC 9V74,LcsGateBenchmarks,Band=96,Kernel_Cjk,0.1
2026-08-26,2483f1a00691271083f00baf3835de96bf0a4076,AMD EPYC 9V74,LevenshteinBenchmarks,Length=8,Distance_Utf16,1.0
2026-08-26,2483f1a00691271083f00baf3835de96bf0a4076,AMD EPYC 9V74,LevenshteinBenchmarks,Length=8,Distance_CodePoint,4.55
2026-08-26,2483f1a00691271083f00baf3835de96bf0a4076,AMD EPYC 9V74,LevenshteinBenchmarks,Length=8,NormalizedSimilarity_Utf16,1.02
2026-08-26,2483f1a00691271083f00baf3835de96bf0a4076,AMD EPYC 9V74,LevenshteinBenchmarks,Length=64,Distance_Utf16,1.0
2026-08-26,2483f1a00691271083f00baf3835de96bf0a4076,AMD EPYC 9V74,LevenshteinBenchmarks,Length=64,Distance_CodePoint,2.42
2026-08-26,2483f1a00691271083f00baf3835de96bf0a4076,AMD EPYC 9V74,LevenshteinBenchmarks,Length=64,NormalizedSimilarity_Utf16,1.0
2026-08-26,2483f1a00691271083f00baf3835de96bf0a4076,AMD EPYC 9V74,LevenshteinBenchmarks,Length=512,Distance_Utf16,1.0
2026-08-26,2483f1a00691271083f00baf3835de96bf0a4076,AMD EPYC 9V74,LevenshteinBenchmarks,Length=512,Distance_CodePoint,1.2
2026-08-26,2483f1a00691271083f00baf3835de96bf0a4076,AMD EPYC 9V74,LevenshteinBenchmarks,Length=512,NormalizedSimilarity_Utf16,1.01
2026-08-26,2483f1a00691271083f00baf3835de96bf0a4076,AMD EPYC 9V74,LevenshteinCodePointBenchmarks,"Length=16, Distinct=32",Distance_CodePoint,1.0
2026-08-26,2483f1a00691271083f00baf3835de96bf0a4076,AMD EPYC 9V74,LevenshteinCodePointBenchmarks,"Length=16, Distinct=32",Distance_Utf16,0.72
2026-08-26,2483f1a00691271083f00baf3835de96bf0a4076,AMD EPYC 9V74,LevenshteinCodePointBenchmarks,"Length=16, Distinct=512",Distance_CodePoint,1.0
2026-08-26,2483f1a00691271083f00baf3835de96bf0a4076,AMD EPYC 9V74,LevenshteinCodePointBenchmarks,"Length=16, Distinct=512",Distance_Utf16,0.73
2026-08-26,2483f1a00691271083f00baf3835de96bf0a4076,AMD EPYC 9V74,LevenshteinCodePointBenchmarks,"Length=24, Distinct=32",Distance_CodePoint,1.0
2026-08-26,2483f1a00691271083f00baf3835de96bf0a4076,AMD EPYC 9V74,LevenshteinCodePointBenchmarks,"Length=24, Distinct=32",Distance_Utf16,0.79
2026-08-26,2483f1a00691271083f00baf3835de96bf0a4076,AMD EPYC 9V74,LevenshteinCodePointBenchmarks,"Length=24, Distinct=512",Distance_CodePoint,1.0
2026-08-26,2483f1a00691271083f00baf3835de96bf0a4076,AMD EPYC 9V74,LevenshteinCodePointBenchmarks,"Length=24, Distinct=512",Distance_Utf16,0.78
2026-08-26,2483f1a00691271083f00baf3835de96bf0a4076,AMD EPYC 9V74,LevenshteinCodePointBenchmarks,"Length=32, Distinct=32",Distance_CodePoint,1.0
2026-08-26,2483f1a00691271083f00baf3835de96bf0a4076,AMD EPYC 9V74,LevenshteinCodePointBenchmarks,"Length=32, Distinct=32",Distance_Utf16,0.83
2026-08-26,2483f1a00691271083f00baf3835de96bf0a4076,AMD EPYC 9V74,LevenshteinCodePointBenchmarks,"Length=32, Distinct=512",Distance_CodePoint,1.0
2026-08-26,2483f1a00691271083f00baf3835de96bf0a4076,AMD EPYC 9V74,LevenshteinCodePointBenchmarks,"Length=32, Distinct=512",Distance_Utf16,0.83
2026-08-26,2483f1a00691271083f00baf3835de96bf0a4076,AMD EPYC 9V74,LevenshteinCodePointBenchmarks,"Length=40, Distinct=32",Distance_CodePoint,1.0
2026-08-26,2483f1a00691271083f00baf3835de96bf0a4076,AMD EPYC 9V74,LevenshteinCodePointBenchmarks,"Length=40, Distinct=32",Distance_Utf16,2.14
2026-08-26,2483f1a00691271083f00baf3835de96bf0a4076,AMD EPYC 9V74,LevenshteinCodePointBenchmarks,"Length=40, Distinct=512",Distance_CodePoint,1.0
2026-08-26,2483f1a00691271083f00baf3835de96bf0a4076,AMD EPYC 9V74,LevenshteinCodePointBenchmarks,"Length=40, Distinct=512",Distance_Utf16,2.11
2026-08-26,2483f1a00691271083f00baf3835de96bf0a4076,AMD EPYC 9V74,LevenshteinCodePointBenchmarks,"Length=128, Distinct=32",Distance_CodePoint,1.0
2026-08-26,2483f1a00691271083f00baf3835de96bf0a4076,AMD EPYC 9V74,LevenshteinCodePointBenchmarks,"Length=128, Distinct=32",Distance_Utf16,2.18
2026-08-26,2483f1a00691271083f00baf3835de96bf0a4076,AMD EPYC 9V74,LevenshteinCodePointBenchmarks,"Length=128, Distinct=512",Distance_CodePoint,1.0
2026-08-26,2483f1a00691271083f00baf3835de96bf0a4076,AMD EPYC 9V74,LevenshteinCodePointBenchmarks,"Length=128, Distinct=512",Distance_Utf16,2.24
2026-08-26,2483f1a00691271083f00baf3835de96bf0a4076,AMD EPYC 9V74,LevenshteinCodePointBenchmarks,"Length=512, Distinct=32",Distance_CodePoint,1.0
2026-08-26,2483f1a00691271083f00baf3835de96bf0a4076,AMD EPYC 9V74,LevenshteinCodePointBenchmarks,"Length=512, Distinct=32",Distance_Utf16,3.33
2026-08-26,2483f1a00691271083f00baf3835de96bf0a4076,AMD EPYC 9V74,LevenshteinCodePointBenchmarks,"Length=512, Distinct=512",Distance_CodePoint,1.0
2026-08-26,2483f1a00691271083f00baf3835de96bf0a4076,AMD EPYC 9V74,LevenshteinCodePointBenchmarks,"Length=512, Distinct=512",Distance_Utf16,0.16
2026-08-26,2483f1a00691271083f00baf3835de96bf0a4076,AMD EPYC 9V74,MyersGateBenchmarks,Band=4,Dp,1.0
2026-08-26,2483f1a00691271083f00baf3835de96bf0a4076,AMD EPYC 9V74,MyersGateBenchmarks,Band=4,Kernel,0.99
2026-08-26,2483f1a00691271083f00baf3835de96bf0a4076,AMD EPYC 9V74,MyersGateBenchmarks,Band=4,Dp_Cjk,1.0
2026-08-26,2483f1a00691271083f00baf3835de96bf0a4076,AMD EPYC 9V74,MyersGateBenchmarks,Band=4,Kernel_Cjk,1.01
2026-08-26,2483f1a00691271083f00baf3835de96bf0a4076,AMD EPYC 9V74,MyersGateBenchmarks,Band=6,Dp,1.0
2026-08-26,2483f1a00691271083f00baf3835de96bf0a4076,AMD EPYC 9V74,MyersGateBenchmarks,Band=6,Kernel,0.75
2026-08-26,2483f1a00691271083f00baf3835de96bf0a4076,AMD EPYC 9V74,MyersGateBenchmarks,Band=6,Dp_Cjk,1.06
2026-08-26,2483f1a00691271083f00baf3835de96bf0a4076,AMD EPYC 9V74,MyersGateBenchmarks,Band=6,Kernel_Cjk,1.26
2026-08-26,2483f1a00691271083f00baf3835de96bf0a4076,AMD EPYC 9V74,MyersGateBenchmarks,Band=8,Dp,1.0
2026-08-26,2483f1a00691271083f00baf3835de96bf0a4076,AMD EPYC 9V74,MyersGateBenchmarks,Band=8,Kernel,0.64
2026-08-26,2483f1a00691271083f00baf3835de96bf0a4076,AMD EPYC 9V74,MyersGateBenchmarks,Band=8,Dp_Cjk,1.0
2026-08-26,2483f1a00691271083f00baf3835de96bf0a4076,AMD EPYC 9V74,MyersGateBenchmarks,Band=8,Kernel_Cjk,1.25
2026-08-26,2483f1a00691271083f00baf3835de96bf0a4076,AMD EPYC 9V74,MyersGateBenchmarks,Band=10,Dp,1.0
2026-08-26,2483f1a00691271083f00baf3835de96bf0a4076,AMD EPYC 9V74,MyersGateBenchmarks,Band=10,Kernel,0.54
2026-08-26,2483f1a00691271083f00baf3835de96bf0a4076,AMD EPYC 9V74,MyersGateBenchmarks,Band=10,Dp_Cjk,1.06
2026-08-26,2483f1a00691271083f00baf3835de96bf0a4076,AMD EPYC 9V74,MyersGateBenchmarks,Band=10,Kernel_Cjk,0.83
2026-08-26,2483f1a00691271083f00baf3835de96bf0a4076,AMD EPYC 9V74,MyersGateBenchmarks,Band=12,Dp,1.0
2026-08-26,2483f1a00691271083f00baf3835de96bf0a4076,AMD EPYC 9V74,MyersGateBenchmarks,Band=12,Kernel,0.44
2026-08-26,2483f1a00691271083f00baf3835de96bf0a4076,AMD EPYC 9V74,MyersGateBenchmarks,Band=12,Dp_Cjk,0.99
2026-08-26,2483f1a00691271083f00baf3835de96bf0a4076,AMD EPYC 9V74,MyersGateBenchmarks,Band=12,Kernel_Cjk,0.66
2026-08-26,2483f1a00691271083f00baf3835de96bf0a4076,AMD EPYC 9V74,MyersGateBenchmarks,Band=16,Dp,1.0
2026-08-26,2483f1a00691271083f00baf3835de96bf0a4076,AMD EPYC 9V74,MyersGateBenchmarks,Band=16,Kernel,0.32
2026-08-26,2483f1a00691271083f00baf3835de96bf0a4076,AMD EPYC 9V74,MyersGateBenchmarks,Band=16,Dp_Cjk,1.0
2026-08-26,2483f1a00691271083f00baf3835de96bf0a4076,AMD EPYC 9V74,MyersGateBenchmarks,Band=16,Kernel_Cjk,0.46
2026-08-26,2483f1a00691271083f00baf3835de96bf0a4076,AMD EPYC 9V74,MyersGateBenchmarks,Band=24,Dp,1.0
2026-08-26,2483f1a00691271083f00baf3835de96bf0a4076,AMD EPYC 9V74,MyersGateBenchmarks,Band=24,Kernel,0.21
2026-08-26,2483f1a00691271083f00baf3835de96bf0a4076,AMD EPYC 9V74,MyersGateBenchmarks,Band=24,Dp_Cjk,1.0
2026-08-26,2483f1a00691271083f00baf3835de96bf0a4076,AMD EPYC 9V74,MyersGateBenchmarks,Band=24,Kernel_Cjk,0.28
2026-08-26,2483f1a00691271083f00baf3835de96bf0a4076,AMD EPYC 9V74,MyersGateBenchmarks,Band=32,Dp,1.0
2026-08-26,2483f1a00691271083f00baf3835de96bf0a4076,AMD EPYC 9V74,MyersGateBenchmarks,Band=32,Kernel,0.16
2026-08-26,2483f1a00691271083f00baf3835de96bf0a4076,AMD EPYC 9V74,MyersGateBenchmarks,Band=32,Dp_Cjk,1.0
2026-08-26,2483f1a00691271083f00baf3835de96bf0a4076,AMD EPYC 9V74,MyersGateBenchmarks,Band=32,Kernel_Cjk,0.2
2026-08-26,2483f1a00691271083f00baf3835de96bf0a4076,AMD EPYC 9V74,MyersGateBenchmarks,Band=48,Dp,1.0
2026-08-26,2483f1a00691271083f00baf3835de96bf0a4076,AMD EPYC 9V74,MyersGateBenchmarks,Band=48,Kernel,0.09
2026-08-26,2483f1a00691271083f00baf3835de96bf0a4076,AMD EPYC 9V74,MyersGateBenchmarks,Band=48,Dp_Cjk,1.01
2026-08-26,2483f1a00691271083f00baf3835de96bf0a4076,AMD EPYC 9V74,MyersGateBenchmarks,Band=48,Kernel_Cjk,0.12
2026-08-26,2483f1a00691271083f00baf3835de96bf0a4076,AMD EPYC 9V74,MyersGateBenchmarks,Band=64,Dp,1.0
2026-08-26,2483f1a00691271083f00baf3835de96bf0a4076,AMD EPYC 9V74,MyersGateBenchmarks,Band=64,Kernel,0.07
2026-08-26,2483f1a00691271083f00baf3835de96bf0a4076,AMD EPYC 9V74,MyersGateBenchmarks,Band=64,Dp_Cjk,1.0
2026-08-26,2483f1a00691271083f00baf3835de96bf0a4076,AMD EPYC 9V74,MyersGateBenchmarks,Band=64,Kernel_Cjk,0.09
2026-08-26,2483f1a00691271083f00baf3835de96bf0a4076,AMD EPYC 9V74,MyersGateBenchmarks,Band=96,Dp,1.0
2026-08-26,2483f1a00691271083f00baf3835de96bf0a4076,AMD EPYC 9V74,MyersGateBenchmarks,Band=96,Kernel,0.1
2026-08-26,2483f1a00691271083f00baf3835de96bf0a4076,AMD EPYC 9V74,MyersGateBenchmarks,Band=96,Dp_Cjk,1.0
2026-08-26,2483f1a00691271083f00baf3835de96bf0a4076,AMD EPYC 9V74,MyersGateBenchmarks,Band=96,Kernel_Cjk,0.14
2026-08-26,2483f1a00691271083f00baf3835de96bf0a4076,AMD EPYC 9V74,StopWordBenchmarks,Documents=200,Count,1.0
2026-08-26,2483f1a00691271083f00baf3835de96bf0a4076,AMD EPYC 9V74,StopWordBenchmarks,Documents=200,CountWithStopWords,0.85
2026-08-26,2483f1a00691271083f00baf3835de96bf0a4076,AMD EPYC 9V74,StopWordBenchmarks,Documents=200,Hashing,0.99
2026-08-26,2483f1a00691271083f00baf3835de96bf0a4076,AMD EPYC 9V74,StopWordBenchmarks,Documents=200,HashingWithStopWords,0.85
2026-08-26,2483f1a00691271083f00baf3835de96bf0a4076,AMD EPYC 9V74,StopWordBenchmarks,Documents=1000,Count,1.0
2026-08-26,2483f1a00691271083f00baf3835de96bf0a4076,AMD EPYC 9V74,StopWordBenchmarks,Documents=1000,CountWithStopWords,0.78
2026-08-26,2483f1a00691271083f00baf3835de96bf0a4076,AMD EPYC 9V74,StopWordBenchmarks,Documents=1000,Hashing,0.94
2026-08-26,2483f1a00691271083f00baf3835de96bf0a4076,AMD EPYC 9V74,StopWordBenchmarks,Documents=1000,HashingWithStopWords,0.8
2026-08-26,2483f1a00691271083f00baf3835de96bf0a4076,AMD EPYC 9V74,VectorMathBenchmarks,Dim=384,Dot,1.0
2026-08-26,2483f1a00691271083f00baf3835de96bf0a4076,AMD EPYC 9V74,VectorMathBenchmarks,Dim=384,L2Norm,0.95
2026-08-26,2483f1a00691271083f00baf3835de96bf0a4076,AMD EPYC 9V74,VectorMathBenchmarks,Dim=768,Dot,1.0
2026-08-26,2483f1a00691271083f00baf3835de96bf0a4076,AMD EPYC 9V74,VectorMathBenchmarks,Dim=768,L2Norm,0.91
2026-08-26,2483f1a00691271083f00baf3835de96bf0a4076,AMD EPYC 9V74,VectorMathBenchmarks,Dim=1024,Dot,1.0
2026-08-26,2483f1a00691271083f00baf3835de96bf0a4076,AMD EPYC 9V74,VectorMathBenchmarks,Dim=1024,L2Norm,0.94
2026-08-26,2483f1a00691271083f00baf3835de96bf0a4076,AMD EPYC 9V74,VectorizerBenchmarks,Documents=200,Count,1.0
2026-08-26,2483f1a00691271083f00baf3835de96bf0a4076,AMD EPYC 9V74,VectorizerBenchmarks,Documents=200,Tfidf,1.08
2026-08-26,2483f1a00691271083f00baf3835de96bf0a4076,AMD EPYC 9V74,VectorizerBenchmarks,Documents=200,CountBigrams,1.29
2026-08-26,2483f1a00691271083f00baf3835de96bf0a4076,AMD EPYC 9V74,VectorizerBenchmarks,Documents=200,Hashing,1.02
2026-08-26,2483f1a00691271083f00baf3835de96bf0a4076,AMD EPYC 9V74,VectorizerBenchmarks,Documents=1000,Count,1.0
2026-08-26,2483f1a00691271083f00baf3835de96bf0a4076,AMD EPYC 9V74,VectorizerBenchmarks,Documents=1000,Tfidf,1.02
2026-08-26,2483f1a00691271083f00baf3835de96bf0a4076,AMD EPYC 9V74,VectorizerBenchmarks,Documents=1000,CountBigrams,1.65
2026-08-26,2483f1a00691271083f00baf3835de96bf0a4076,AMD EPYC 9V74,VectorizerBenchmarks,Documents=1000,Hashing,0.98
2026-08-29,5d7a580b6fa8b8891f7c3ddfba22bf3fe791d7a2,Intel Xeon Platinum 8370C CPU 2.80GHz,BatchEmbeddingBenchmarks,CorpusSize=1,UnitLoop,1.0
2026-08-29,5d7a580b6fa8b8891f7c3ddfba22bf3fe791d7a2,Intel Xeon Platinum 8370C CPU 2.80GHz,BatchEmbeddingBenchmarks,CorpusSize=1,EmbedBatch,0.96
2026-08-29,5d7a580b6fa8b8891f7c3ddfba22bf3fe791d7a2,Intel Xeon Platinum 8370C CPU 2.80GHz,BatchEmbeddingBenchmarks,CorpusSize=1,EmbedBatchBucketed,0.99
2026-08-29,5d7a580b6fa8b8891f7c3ddfba22bf3fe791d7a2,Intel Xeon Platinum 8370C CPU 2.80GHz,BatchEmbeddingBenchmarks,CorpusSize=8,UnitLoop,1.0
2026-08-29,5d7a580b6fa8b8891f7c3ddfba22bf3fe791d7a2,Intel Xeon Platinum 8370C CPU 2.80GHz,BatchEmbeddingBenchmarks,CorpusSize=8,EmbedBatch,0.65
2026-08-29,5d7a580b6fa8b8891f7c3ddfba22bf3fe791d7a2,Intel Xeon Platinum 8370C CPU 2.80GHz,BatchEmbeddingBenchmarks,CorpusSize=8,EmbedBatchBucketed,0.65
2026-08-29,5d7a580b6fa8b8891f7c3ddfba22bf3fe791d7a2,Intel Xeon Platinum 8370C CPU 2.80GHz,BatchEmbeddingBenchmarks,CorpusSize=32,UnitLoop,1.0
2026-08-29,5d7a580b6fa8b8891f7c3ddfba22bf3fe791d7a2,Intel Xeon Platinum 8370C CPU 2.80GHz,BatchEmbeddingBenchmarks,CorpusSize=32,EmbedBatch,0.6
2026-08-29,5d7a580b6fa8b8891f7c3ddfba22bf3fe791d7a2,Intel Xeon Platinum 8370C CPU 2.80GHz,BatchEmbeddingBenchmarks,CorpusSize=32,EmbedBatchBucketed,0.58
2026-08-29,5d7a580b6fa8b8891f7c3ddfba22bf3fe791d7a2,Intel Xeon Platinum 8370C CPU 2.80GHz,BatchEmbeddingBenchmarks,CorpusSize=128,UnitLoop,1.0
2026-08-29,5d7a580b6fa8b8891f7c3ddfba22bf3fe791d7a2,Intel Xeon Platinum 8370C CPU 2.80GHz,BatchEmbeddingBenchmarks,CorpusSize=128,EmbedBatch,0.61
2026-08-29,5d7a580b6fa8b8891f7c3ddfba22bf3fe791d7a2,Intel Xeon Platinum 8370C CPU 2.80GHz,BatchEmbeddingBenchmarks,CorpusSize=128,EmbedBatchBucketed,0.57
2026-08-29,5d7a580b6fa8b8891f7c3ddfba22bf3fe791d7a2,Intel Xeon Platinum 8370C CPU 2.80GHz,BpeBenchmarks,,Unigram,1.0
2026-08-29,5d7a580b6fa8b8891f7c3ddfba22bf3fe791d7a2,Intel Xeon Platinum 8370C CPU 2.80GHz,BpeBenchmarks,,Bpe,0.89
2026-08-29,5d7a580b6fa8b8891f7c3ddfba22bf3fe791d7a2,Intel Xeon Platinum 8370C CPU 2.80GHz,FuzzBenchmarks,,Ratio,1.0
2026-08-29,5d7a580b6fa8b8891f7c3ddfba22bf3fe791d7a2,Intel Xeon Platinum 8370C CPU 2.80GHz,FuzzBenchmarks,,PartialRatio,137.97
2026-08-29,5d7a580b6fa8b8891f7c3ddfba22bf3fe791d7a2,Intel Xeon Platinum 8370C CPU 2.80GHz,FuzzBenchmarks,,TokenSortRatio,11.74
2026-08-29,5d7a580b6fa8b8891f7c3ddfba22bf3fe791d7a2,Intel Xeon Platinum 8370C CPU 2.80GHz,FuzzBenchmarks,,TokenSetRatio,37.72
2026-08-29,5d7a580b6fa8b8891f7c3ddfba22bf3fe791d7a2,Intel Xeon Platinum 8370C CPU 2.80GHz,FuzzBenchmarks,,WRatio,51.69
2026-08-29,5d7a580b6fa8b8891f7c3ddfba22bf3fe791d7a2,Intel Xeon Platinum 8370C CPU 2.80GHz,IndelBenchmarks,Length=8,Distance_Utf16,1.0
2026-08-29,5d7a580b6fa8b8891f7c3ddfba22bf3fe791d7a2,Intel Xeon Platinum 8370C CPU 2.80GHz,IndelBenchmarks,Length=8,Distance_CodePoint,4.91
2026-08-29,5d7a580b6fa8b8891f7c3ddfba22bf3fe791d7a2,Intel Xeon Platinum 8370C CPU 2.80GHz,IndelBenchmarks,Length=8,NormalizedSimilarity_Utf16,0.99
2026-08-29,5d7a580b6fa8b8891f7c3ddfba22bf3fe791d7a2,Intel Xeon Platinum 8370C CPU 2.80GHz,IndelBenchmarks,Length=8,SubsequenceLength_Utf16,0.94
2026-08-29,5d7a580b6fa8b8891f7c3ddfba22bf3fe791d7a2,Intel Xeon Platinum 8370C CPU 2.80GHz,IndelBenchmarks,Length=12,Distance_Utf16,1.0
2026-08-29,5d7a580b6fa8b8891f7c3ddfba22bf3fe791d7a2,Intel Xeon Platinum 8370C CPU 2.80GHz,IndelBenchmarks,Length=12,Distance_CodePoint,5.27
2026-08-29,5d7a580b6fa8b8891f7c3ddfba22bf3fe791d7a2,Intel Xeon Platinum 8370C CPU 2.80GHz,IndelBenchmarks,Length=12,NormalizedSimilarity_Utf16,1.05
2026-08-29,5d7a580b6fa8b8891f7c3ddfba22bf3fe791d7a2,Intel Xeon Platinum 8370C CPU 2.80GHz,IndelBenchmarks,Length=12,SubsequenceLength_Utf16,1.02
2026-08-29,5d7a580b6fa8b8891f7c3ddfba22bf3fe791d7a2,Intel Xeon Platinum 8370C CPU 2.80GHz,IndelBenchmarks,Length=16,Distance_Utf16,1.0
2026-08-29,5d7a580b6fa8b8891f7c3ddfba22bf3fe791d7a2,Intel Xeon Platinum 8370C CPU 2.80GHz,IndelBenchmarks,Length=16,Distance_CodePoint,5.16
2026-08-29,5d7a580b6fa8b8891f7c3ddfba22bf3fe791d7a2,Intel Xeon Platinum 8370C CPU 2.80GHz,IndelBenchmarks,Length=16,NormalizedSimilarity_Utf16,1.05
2026-08-29,5d7a580b6fa8b8891f7c3ddfba22bf3fe791d7a2,Intel Xeon Platinum 8370C CPU 2.80GHz,IndelBenchmarks,Length=16,SubsequenceLength_Utf16,0.96
2026-08-29,5d7a580b6fa8b8891f7c3ddfba22bf3fe791d7a2,Intel Xeon Platinum 8370C CPU 2.80GHz,IndelBenchmarks,Length=20,Distance_Utf16,1.0
2026-08-29,5d7a580b6fa8b8891f7c3ddfba22bf3fe791d7a2,Intel Xeon Platinum 8370C CPU 2.80GHz,IndelBenchmarks,Length=20,Distance_CodePoint,6.56
2026-08-29,5d7a580b6fa8b8891f7c3ddfba22bf3fe791d7a2,Intel Xeon Platinum 8370C CPU 2.80GHz,IndelBenchmarks,Length=20,NormalizedSimilarity_Utf16,1.09
2026-08-29,5d7a580b6fa8b8891f7c3ddfba22bf3fe791d7a2,Intel Xeon Platinum 8370C CPU 2.80GHz,IndelBenchmarks,Length=20,SubsequenceLength_Utf16,0.96
2026-08-29,5d7a580b6fa8b8891f7c3ddfba22bf3fe791d7a2,Intel Xeon Platinum 8370C CPU 2.80GHz,IndelBenchmarks,Length=24,Distance_Utf16,1.0
2026-08-29,5d7a580b6fa8b8891f7c3ddfba22bf3fe791d7a2,Intel Xeon Platinum 8370C CPU 2.80GHz,IndelBenchmarks,Length=24,Distance_CodePoint,12.69
2026-08-29,5d7a580b6fa8b8891f7c3ddfba22bf3fe791d7a2,Intel Xeon Platinum 8370C CPU 2.80GHz,IndelBenchmarks,Length=24,NormalizedSimilarity_Utf16,1.19
2026-08-29,5d7a580b6fa8b8891f7c3ddfba22bf3fe791d7a2,Intel Xeon Platinum 8370C CPU 2.80GHz,IndelBenchmarks,Length=24,SubsequenceLength_Utf16,1.1
2026-08-29,5d7a580b6fa8b8891f7c3ddfba22bf3fe791d7a2,Intel Xeon Platinum 8370C CPU 2.80GHz,IndelBenchmarks,Length=32,Distance_Utf16,1.0
2026-08-29,5d7a580b6fa8b8891f7c3ddfba22bf3fe791d7a2,Intel Xeon Platinum 8370C CPU 2.80GHz,IndelBenchmarks,Length=32,Distance_CodePoint,12.77
2026-08-29,5d7a580b6fa8b8891f7c3ddfba22bf3fe791d7a2,Intel Xeon Platinum 8370C CPU 2.80GHz,IndelBenchmarks,Length=32,NormalizedSimilarity_Utf16,1.06
2026-08-29,5d7a580b6fa8b8891f7c3ddfba22bf3fe791d7a2,Intel Xeon Platinum 8370C CPU 2.80GHz,IndelBenchmarks,Length=32,SubsequenceLength_Utf16,0.94
2026-08-29,5d7a580b6fa8b8891f7c3ddfba22bf3fe791d7a2,Intel Xeon Platinum 8370C CPU 2.80GHz,IndelBenchmarks,Length=128,Distance_Utf16,1.0
2026-08-29,5d7a580b6fa8b8891f7c3ddfba22bf3fe791d7a2,Intel Xeon Platinum 8370C CPU 2.80GHz,IndelBenchmarks,Length=128,Distance_CodePoint,23.0
2026-08-29,5d7a580b6fa8b8891f7c3ddfba22bf3fe791d7a2,Intel Xeon Platinum 8370C CPU 2.80GHz,IndelBenchmarks,Length=128,NormalizedSimilarity_Utf16,1.09
2026-08-29,5d7a580b6fa8b8891f7c3ddfba22bf3fe791d7a2,Intel Xeon Platinum 8370C CPU 2.80GHz,IndelBenchmarks,Length=128,SubsequenceLength_Utf16,1.08
2026-08-29,5d7a580b6fa8b8891f7c3ddfba22bf3fe791d7a2,Intel Xeon Platinum 8370C CPU 2.80GHz,IndelBenchmarks,Length=512,Distance_Utf16,1.0
2026-08-29,5d7a580b6fa8b8891f7c3ddfba22bf3fe791d7a2,Intel Xeon Platinum 8370C CPU 2.80GHz,IndelBenchmarks,Length=512,Distance_CodePoint,43.11
2026-08-29,5d7a580b6fa8b8891f7c3ddfba22bf3fe791d7a2,Intel Xeon Platinum 8370C CPU 2.80GHz,IndelBenchmarks,Length=512,NormalizedSimilarity_Utf16,1.0
2026-08-29,5d7a580b6fa8b8891f7c3ddfba22bf3fe791d7a2,Intel Xeon Platinum 8370C CPU 2.80GHz,IndelBenchmarks,Length=512,SubsequenceLength_Utf16,1.0
2026-08-29,5d7a580b6fa8b8891f7c3ddfba22bf3fe791d7a2,Intel Xeon Platinum 8370C CPU 2.80GHz,LcsGateBenchmarks,Band=8,Dp,1.0
2026-08-29,5d7a580b6fa8b8891f7c3ddfba22bf3fe791d7a2,Intel Xeon Platinum 8370C CPU 2.80GHz,LcsGateBenchmarks,Band=8,Kernel,0.46
2026-08-29,5d7a580b6fa8b8891f7c3ddfba22bf3fe791d7a2,Intel Xeon Platinum 8370C CPU 2.80GHz,LcsGateBenchmarks,Band=8,Dp_Cjk,1.04
2026-08-29,5d7a580b6fa8b8891f7c3ddfba22bf3fe791d7a2,Intel Xeon Platinum 8370C CPU 2.80GHz,LcsGateBenchmarks,Band=8,Kernel_Cjk,0.76
2026-08-29,5d7a580b6fa8b8891f7c3ddfba22bf3fe791d7a2,Intel Xeon Platinum 8370C CPU 2.80GHz,LcsGateBenchmarks,Band=12,Dp,1.0
2026-08-29,5d7a580b6fa8b8891f7c3ddfba22bf3fe791d7a2,Intel Xeon Platinum 8370C CPU 2.80GHz,LcsGateBenchmarks,Band=12,Kernel,0.3
2026-08-29,5d7a580b6fa8b8891f7c3ddfba22bf3fe791d7a2,Intel Xeon Platinum 8370C CPU 2.80GHz,LcsGateBenchmarks,Band=12,Dp_Cjk,1.0
2026-08-29,5d7a580b6fa8b8891f7c3ddfba22bf3fe791d7a2,Intel Xeon Platinum 8370C CPU 2.80GHz,LcsGateBenchmarks,Band=12,Kernel_Cjk,0.53
2026-08-29,5d7a580b6fa8b8891f7c3ddfba22bf3fe791d7a2,Intel Xeon Platinum 8370C CPU 2.80GHz,LcsGateBenchmarks,Band=14,Dp,1.0
2026-08-29,5d7a580b6fa8b8891f7c3ddfba22bf3fe791d7a2,Intel Xeon Platinum 8370C CPU 2.80GHz,LcsGateBenchmarks,Band=14,Kernel,0.23
2026-08-29,5d7a580b6fa8b8891f7c3ddfba22bf3fe791d7a2,Intel Xeon Platinum 8370C CPU 2.80GHz,LcsGateBenchmarks,Band=14,Dp_Cjk,0.9
2026-08-29,5d7a580b6fa8b8891f7c3ddfba22bf3fe791d7a2,Intel Xeon Platinum 8370C CPU 2.80GHz,LcsGateBenchmarks,Band=14,Kernel_Cjk,0.37
2026-08-29,5d7a580b6fa8b8891f7c3ddfba22bf3fe791d7a2,Intel Xeon Platinum 8370C CPU 2.80GHz,LcsGateBenchmarks,Band=16,Dp,1.0
2026-08-29,5d7a580b6fa8b8891f7c3ddfba22bf3fe791d7a2,Intel Xeon Platinum 8370C CPU 2.80GHz,LcsGateBenchmarks,Band=16,Kernel,0.19
2026-08-29,5d7a580b6fa8b8891f7c3ddfba22bf3fe791d7a2,Intel Xeon Platinum 8370C CPU 2.80GHz,LcsGateBenchmarks,Band=16,Dp_Cjk,1.0
2026-08-29,5d7a580b6fa8b8891f7c3ddfba22bf3fe791d7a2,Intel Xeon Platinum 8370C CPU 2.80GHz,LcsGateBenchmarks,Band=16,Kernel_Cjk,0.31
2026-08-29,5d7a580b6fa8b8891f7c3ddfba22bf3fe791d7a2,Intel Xeon Platinum 8370C CPU 2.80GHz,LcsGateBenchmarks,Band=18,Dp,1.0
2026-08-29,5d7a580b6fa8b8891f7c3ddfba22bf3fe791d7a2,Intel Xeon Platinum 8370C CPU 2.80GHz,LcsGateBenchmarks,Band=18,Kernel,0.16
2026-08-29,5d7a580b6fa8b8891f7c3ddfba22bf3fe791d7a2,Intel Xeon Platinum 8370C CPU 2.80GHz,LcsGateBenchmarks,Band=18,Dp_Cjk,1.0
2026-08-29,5d7a580b6fa8b8891f7c3ddfba22bf3fe791d7a2,Intel Xeon Platinum 8370C CPU 2.80GHz,LcsGateBenchmarks,Band=18,Kernel_Cjk,0.27
2026-08-29,5d7a580b6fa8b8891f7c3ddfba22bf3fe791d7a2,Intel Xeon Platinum 8370C CPU 2.80GHz,LcsGateBenchmarks,Band=20,Dp,1.0
2026-08-29,5d7a580b6fa8b8891f7c3ddfba22bf3fe791d7a2,Intel Xeon Platinum 8370C CPU 2.80GHz,LcsGateBenchmarks,Band=20,Kernel,0.14
2026-08-29,5d7a580b6fa8b8891f7c3ddfba22bf3fe791d7a2,Intel Xeon Platinum 8370C CPU 2.80GHz,LcsGateBenchmarks,Band=20,Dp_Cjk,1.0
2026-08-29,5d7a580b6fa8b8891f7c3ddfba22bf3fe791d7a2,Intel Xeon Platinum 8370C CPU 2.80GHz,LcsGateBenchmarks,Band=20,Kernel_Cjk,0.23
2026-08-29,5d7a580b6fa8b8891f7c3ddfba22bf3fe791d7a2,Intel Xeon Platinum 8370C CPU 2.80GHz,LcsGateBenchmarks,Band=24,Dp,1.0
2026-08-29,5d7a580b6fa8b8891f7c3ddfba22bf3fe791d7a2,Intel Xeon Platinum 8370C CPU 2.80GHz,LcsGateBenchmarks,Band=24,Kernel,0.12
2026-08-29,5d7a580b6fa8b8891f7c3ddfba22bf3fe791d7a2,Intel Xeon Platinum 8370C CPU 2.80GHz,LcsGateBenchmarks,Band=24,Dp_Cjk,1.08
2026-08-29,5d7a580b6fa8b8891f7c3ddfba22bf3fe791d7a2,Intel Xeon Platinum 8370C CPU 2.80GHz,LcsGateBenchmarks,Band=24,Kernel_Cjk,0.19
2026-08-29,5d7a580b6fa8b8891f7c3ddfba22bf3fe791d7a2,Intel Xeon Platinum 8370C CPU 2.80GHz,LcsGateBenchmarks,Band=32,Dp,1.0
2026-08-29,5d7a580b6fa8b8891f7c3ddfba22bf3fe791d7a2,Intel Xeon Platinum 8370C CPU 2.80GHz,LcsGateBenchmarks,Band=32,Kernel,0.09
2026-08-29,5d7a580b6fa8b8891f7c3ddfba22bf3fe791d7a2,Intel Xeon Platinum 8370C CPU 2.80GHz,LcsGateBenchmarks,Band=32,Dp_Cjk,1.02
2026-08-29,5d7a580b6fa8b8891f7c3ddfba22bf3fe791d7a2,Intel Xeon Platinum 8370C CPU 2.80GHz,LcsGateBenchmarks,Band=32,Kernel_Cjk,0.14
2026-08-29,5d7a580b6fa8b8891f7c3ddfba22bf3fe791d7a2,Intel Xeon Platinum 8370C CPU 2.80GHz,LcsGateBenchmarks,Band=48,Dp,1.0
2026-08-29,5d7a580b6fa8b8891f7c3ddfba22bf3fe791d7a2,Intel Xeon Platinum 8370C CPU 2.80GHz,LcsGateBenchmarks,Band=48,Kernel,0.04
2026-08-29,5d7a580b6fa8b8891f7c3ddfba22bf3fe791d7a2,Intel Xeon Platinum 8370C CPU 2.80GHz,LcsGateBenchmarks,Band=48,Dp_Cjk,1.0
2026-08-29,5d7a580b6fa8b8891f7c3ddfba22bf3fe791d7a2,Intel Xeon Platinum 8370C CPU 2.80GHz,LcsGateBenchmarks,Band=48,Kernel_Cjk,0.08
2026-08-29,5d7a580b6fa8b8891f7c3ddfba22bf3fe791d7a2,Intel Xeon Platinum 8370C CPU 2.80GHz,LcsGateBenchmarks,Band=64,Dp,1.0
2026-08-29,5d7a580b6fa8b8891f7c3ddfba22bf3fe791d7a2,Intel Xeon Platinum 8370C CPU 2.80GHz,LcsGateBenchmarks,Band=64,Kernel,0.03
2026-08-29,5d7a580b6fa8b8891f7c3ddfba22bf3fe791d7a2,Intel Xeon Platinum 8370C CPU 2.80GHz,LcsGateBenchmarks,Band=64,Dp_Cjk,1.03
2026-08-29,5d7a580b6fa8b8891f7c3ddfba22bf3fe791d7a2,Intel Xeon Platinum 8370C CPU 2.80GHz,LcsGateBenchmarks,Band=64,Kernel_Cjk,0.06
2026-08-29,5d7a580b6fa8b8891f7c3ddfba22bf3fe791d7a2,Intel Xeon Platinum 8370C CPU 2.80GHz,LcsGateBenchmarks,Band=96,Dp,1.0
2026-08-29,5d7a580b6fa8b8891f7c3ddfba22bf3fe791d7a2,Intel Xeon Platinum 8370C CPU 2.80GHz,LcsGateBenchmarks,Band=96,Kernel,0.06
2026-08-29,5d7a580b6fa8b8891f7c3ddfba22bf3fe791d7a2,Intel Xeon Platinum 8370C CPU 2.80GHz,LcsGateBenchmarks,Band=96,Dp_Cjk,0.91
2026-08-29,5d7a580b6fa8b8891f7c3ddfba22bf3fe791d7a2,Intel Xeon Platinum 8370C CPU 2.80GHz,LcsGateBenchmarks,Band=96,Kernel_Cjk,0.09
2026-08-29,5d7a580b6fa8b8891f7c3ddfba22bf3fe791d7a2,Intel Xeon Platinum 8370C CPU 2.80GHz,LevenshteinBenchmarks,Length=8,Distance_Utf16,1.0
2026-08-29,5d7a580b6fa8b8891f7c3ddfba22bf3fe791d7a2,Intel Xeon Platinum 8370C CPU 2.80GHz,LevenshteinBenchmarks,Length=8,Distance_CodePoint,5.1
2026-08-29,5d7a580b6fa8b8891f7c3ddfba22bf3fe791d7a2,Intel Xeon Platinum 8370C CPU 2.80GHz,LevenshteinBenchmarks,Length=8,NormalizedSimilarity_Utf16,0.96
2026-08-29,5d7a580b6fa8b8891f7c3ddfba22bf3fe791d7a2,Intel Xeon Platinum 8370C CPU 2.80GHz,LevenshteinBenchmarks,Length=64,Distance_Utf16,1.0
2026-08-29,5d7a580b6fa8b8891f7c3ddfba22bf3fe791d7a2,Intel Xeon Platinum 8370C CPU 2.80GHz,LevenshteinBenchmarks,Length=64,Distance_CodePoint,2.72
2026-08-29,5d7a580b6fa8b8891f7c3ddfba22bf3fe791d7a2,Intel Xeon Platinum 8370C CPU 2.80GHz,LevenshteinBenchmarks,Length=64,NormalizedSimilarity_Utf16,1.02
2026-08-29,5d7a580b6fa8b8891f7c3ddfba22bf3fe791d7a2,Intel Xeon Platinum 8370C CPU 2.80GHz,LevenshteinBenchmarks,Length=512,Distance_Utf16,1.0
2026-08-29,5d7a580b6fa8b8891f7c3ddfba22bf3fe791d7a2,Intel Xeon Platinum 8370C CPU 2.80GHz,LevenshteinBenchmarks,Length=512,Distance_CodePoint,1.17
2026-08-29,5d7a580b6fa8b8891f7c3ddfba22bf3fe791d7a2,Intel Xeon Platinum 8370C CPU 2.80GHz,LevenshteinBenchmarks,Length=512,NormalizedSimilarity_Utf16,0.98
2026-08-29,5d7a580b6fa8b8891f7c3ddfba22bf3fe791d7a2,Intel Xeon Platinum 8370C CPU 2.80GHz,LevenshteinCodePointBenchmarks,"Length=16, Distinct=32",Distance_CodePoint,1.0
2026-08-29,5d7a580b6fa8b8891f7c3ddfba22bf3fe791d7a2,Intel Xeon Platinum 8370C CPU 2.80GHz,LevenshteinCodePointBenchmarks,"Length=16, Distinct=32",Distance_Utf16,0.61
2026-08-29,5d7a580b6fa8b8891f7c3ddfba22bf3fe791d7a2,Intel Xeon Platinum 8370C CPU 2.80GHz,LevenshteinCodePointBenchmarks,"Length=16, Distinct=512",Distance_CodePoint,1.0
2026-08-29,5d7a580b6fa8b8891f7c3ddfba22bf3fe791d7a2,Intel Xeon Platinum 8370C CPU 2.80GHz,LevenshteinCodePointBenchmarks,"Length=16, Distinct=512",Distance_Utf16,0.63
2026-08-29,5d7a580b6fa8b8891f7c3ddfba22bf3fe791d7a2,Intel Xeon Platinum 8370C CPU 2.80GHz,LevenshteinCodePointBenchmarks,"Length=24, Distinct=32",Distance_CodePoint,1.0
2026-08-29,5d7a580b6fa8b8891f7c3ddfba22bf3fe791d7a2,Intel Xeon Platinum 8370C CPU 2.80GHz,LevenshteinCodePointBenchmarks,"Length=24, Distinct=32",Distance_Utf16,0.66
2026-08-29,5d7a580b6fa8b8891f7c3ddfba22bf3fe791d7a2,Intel Xeon Platinum 8370C CPU 2.80GHz,LevenshteinCodePointBenchmarks,"Length=24, Distinct=512",Distance_CodePoint,1.0
2026-08-29,5d7a580b6fa8b8891f7c3ddfba22bf3fe791d7a2,Intel Xeon Platinum 8370C CPU 2.80GHz,LevenshteinCodePointBenchmarks,"Length=24, Distinct=512",Distance_Utf16,0.69
2026-08-29,5d7a580b6fa8b8891f7c3ddfba22bf3fe791d7a2,Intel Xeon Platinum 8370C CPU 2.80GHz,LevenshteinCodePointBenchmarks,"Length=32, Distinct=32",Distance_CodePoint,1.0
2026-08-29,5d7a580b6fa8b8891f7c3ddfba22bf3fe791d7a2,Intel Xeon Platinum 8370C CPU 2.80GHz,LevenshteinCodePointBenchmarks,"Length=32, Distinct=32",Distance_Utf16,0.76
2026-08-29,5d7a580b6fa8b8891f7c3ddfba22bf3fe791d7a2,Intel Xeon Platinum 8370C CPU 2.80GHz,LevenshteinCodePointBenchmarks,"Length=32, Distinct=512",Distance_CodePoint,1.0
2026-08-29,5d7a580b6fa8b8891f7c3ddfba22bf3fe791d7a2,Intel Xeon Platinum 8370C CPU 2.80GHz,LevenshteinCodePointBenchmarks,"Length=32, Distinct=512",Distance_Utf16,0.72
2026-08-29,5d7a580b6fa8b8891f7c3ddfba22bf3fe791d7a2,Intel Xeon Platinum 8370C CPU 2.80GHz,LevenshteinCodePointBenchmarks,"Length=40, Distinct=32",Distance_CodePoint,1.0
2026-08-29,5d7a580b6fa8b8891f7c3ddfba22bf3fe791d7a2,Intel Xeon Platinum 8370C CPU 2.80GHz,LevenshteinCodePointBenchmarks,"Length=40, Distinct=32",Distance_Utf16,2.18
2026-08-29,5d7a580b6fa8b8891f7c3ddfba22bf3fe791d7a2,Intel Xeon Platinum 8370C CPU 2.80GHz,LevenshteinCodePointBenchmarks,"Length=40, Distinct=512",Distance_CodePoint,1.0
2026-08-29,5d7a580b6fa8b8891f7c3ddfba22bf3fe791d7a2,Intel Xeon Platinum 8370C CPU 2.80GHz,LevenshteinCodePointBenchmarks,"Length=40, Distinct=512",Distance_Utf16,2.01
2026-08-29,5d7a580b6fa8b8891f7c3ddfba22bf3fe791d7a2,Intel Xeon Platinum 8370C CPU 2.80GHz,LevenshteinCodePointBenchmarks,"Length=128, Distinct=32",Distance_CodePoint,1.0
2026-08-29,5d7a580b6fa8b8891f7c3ddfba22bf3fe791d7a2,Intel Xeon Platinum 8370C CPU 2.80GHz,LevenshteinCodePointBenchmarks,"Length=128, Distinct=32",Distance_Utf16,2.03
2026-08-29,5d7a580b6fa8b8891f7c3ddfba22bf3fe791d7a2,Intel Xeon Platinum 8370C CPU 2.80GHz,LevenshteinCodePointBenchmarks,"Length=128, Distinct=512",Distance_CodePoint,1.0
2026-08-29,5d7a580b6fa8b8891f7c3ddfba22bf3fe791d7a2,Intel Xeon Platinum 8370C CPU 2.80GHz,LevenshteinCodePointBenchmarks,"Length=128, Distinct=512",Distance_Utf16,1.98
2026-08-29,5d7a580b6fa8b8891f7c3ddfba22bf3fe791d7a2,Intel Xeon Platinum 8370C CPU 2.80GHz,LevenshteinCodePointBenchmarks,"Length=512, Distinct=32",Distance_CodePoint,1.0
2026-08-29,5d7a580b6fa8b8891f7c3ddfba22bf3fe791d7a2,Intel Xeon Platinum 8370C CPU 2.80GHz,LevenshteinCodePointBenchmarks,"Length=512, Distinct=32",Distance_Utf16,3.41
2026-08-29,5d7a580b6fa8b8891f7c3ddfba22bf3fe791d7a2,Intel Xeon Platinum 8370C CPU 2.80GHz,LevenshteinCodePointBenchmarks,"Length=512, Distinct=512",Distance_CodePoint,1.0
2026-08-29,5d7a580b6fa8b8891f7c3ddfba22bf3fe791d7a2,Intel Xeon Platinum 8370C CPU 2.80GHz,LevenshteinCodePointBenchmarks,"Length=512, Distinct=512",Distance_Utf16,0.12
2026-08-29,5d7a580b6fa8b8891f7c3ddfba22bf3fe791d7a2,Intel Xeon Platinum 8370C CPU 2.80GHz,MyersGateBenchmarks,Band=4,Dp,1.0
2026-08-29,5d7a580b6fa8b8891f7c3ddfba22bf3fe791d7a2,Intel Xeon Platinum 8370C CPU 2.80GHz,MyersGateBenchmarks,Band=4,Kernel,0.97
2026-08-29,5d7a580b6fa8b8891f7c3ddfba22bf3fe791d7a2,Intel Xeon Platinum 8370C CPU 2.80GHz,MyersGateBenchmarks,Band=4,Dp_Cjk,0.98
2026-08-29,5d7a580b6fa8b8891f7c3ddfba22bf3fe791d7a2,Intel Xeon Platinum 8370C CPU 2.80GHz,MyersGateBenchmarks,Band=4,Kernel_Cjk,0.96
2026-08-29,5d7a580b6fa8b8891f7c3ddfba22bf3fe791d7a2,Intel Xeon Platinum 8370C CPU 2.80GHz,MyersGateBenchmarks,Band=6,Dp,1.0
2026-08-29,5d7a580b6fa8b8891f7c3ddfba22bf3fe791d7a2,Intel Xeon Platinum 8370C CPU 2.80GHz,MyersGateBenchmarks,Band=6,Kernel,0.73
2026-08-29,5d7a580b6fa8b8891f7c3ddfba22bf3fe791d7a2,Intel Xeon Platinum 8370C CPU 2.80GHz,MyersGateBenchmarks,Band=6,Dp_Cjk,1.0
2026-08-29,5d7a580b6fa8b8891f7c3ddfba22bf3fe791d7a2,Intel Xeon Platinum 8370C CPU 2.80GHz,MyersGateBenchmarks,Band=6,Kernel_Cjk,1.21
2026-08-29,5d7a580b6fa8b8891f7c3ddfba22bf3fe791d7a2,Intel Xeon Platinum 8370C CPU 2.80GHz,MyersGateBenchmarks,Band=8,Dp,1.0
2026-08-29,5d7a580b6fa8b8891f7c3ddfba22bf3fe791d7a2,Intel Xeon Platinum 8370C CPU 2.80GHz,MyersGateBenchmarks,Band=8,Kernel,0.58
2026-08-29,5d7a580b6fa8b8891f7c3ddfba22bf3fe791d7a2,Intel Xeon Platinum 8370C CPU 2.80GHz,MyersGateBenchmarks,Band=8,Dp_Cjk,1.01
2026-08-29,5d7a580b6fa8b8891f7c3ddfba22bf3fe791d7a2,Intel Xeon Platinum 8370C CPU 2.80GHz,MyersGateBenchmarks,Band=8,Kernel_Cjk,1.2
2026-08-29,5d7a580b6fa8b8891f7c3ddfba22bf3fe791d7a2,Intel Xeon Platinum 8370C CPU 2.80GHz,MyersGateBenchmarks,Band=10,Dp,1.0
2026-08-29,5d7a580b6fa8b8891f7c3ddfba22bf3fe791d7a2,Intel Xeon Platinum 8370C CPU 2.80GHz,MyersGateBenchmarks,Band=10,Kernel,0.48
2026-08-29,5d7a580b6fa8b8891f7c3ddfba22bf3fe791d7a2,Intel Xeon Platinum 8370C CPU 2.80GHz,MyersGateBenchmarks,Band=10,Dp_Cjk,1.01
2026-08-29,5d7a580b6fa8b8891f7c3ddfba22bf3fe791d7a2,Intel Xeon Platinum 8370C CPU 2.80GHz,MyersGateBenchmarks,Band=10,Kernel_Cjk,0.7
2026-08-29,5d7a580b6fa8b8891f7c3ddfba22bf3fe791d7a2,Intel Xeon Platinum 8370C CPU 2.80GHz,MyersGateBenchmarks,Band=12,Dp,1.0
2026-08-29,5d7a580b6fa8b8891f7c3ddfba22bf3fe791d7a2,Intel Xeon Platinum 8370C CPU 2.80GHz,MyersGateBenchmarks,Band=12,Kernel,0.39
2026-08-29,5d7a580b6fa8b8891f7c3ddfba22bf3fe791d7a2,Intel Xeon Platinum 8370C CPU 2.80GHz,MyersGateBenchmarks,Band=12,Dp_Cjk,1.0
2026-08-29,5d7a580b6fa8b8891f7c3ddfba22bf3fe791d7a2,Intel Xeon Platinum 8370C CPU 2.80GHz,MyersGateBenchmarks,Band=12,Kernel_Cjk,0.56
2026-08-29,5d7a580b6fa8b8891f7c3ddfba22bf3fe791d7a2,Intel Xeon Platinum 8370C CPU 2.80GHz,MyersGateBenchmarks,Band=16,Dp,1.0
2026-08-29,5d7a580b6fa8b8891f7c3ddfba22bf3fe791d7a2,Intel Xeon Platinum 8370C CPU 2.80GHz,MyersGateBenchmarks,Band=16,Kernel,0.29
2026-08-29,5d7a580b6fa8b8891f7c3ddfba22bf3fe791d7a2,Intel Xeon Platinum 8370C CPU 2.80GHz,MyersGateBenchmarks,Band=16,Dp_Cjk,1.0
2026-08-29,5d7a580b6fa8b8891f7c3ddfba22bf3fe791d7a2,Intel Xeon Platinum 8370C CPU 2.80GHz,MyersGateBenchmarks,Band=16,Kernel_Cjk,0.41
2026-08-29,5d7a580b6fa8b8891f7c3ddfba22bf3fe791d7a2,Intel Xeon Platinum 8370C CPU 2.80GHz,MyersGateBenchmarks,Band=24,Dp,1.0
2026-08-29,5d7a580b6fa8b8891f7c3ddfba22bf3fe791d7a2,Intel Xeon Platinum 8370C CPU 2.80GHz,MyersGateBenchmarks,Band=24,Kernel,0.19
2026-08-29,5d7a580b6fa8b8891f7c3ddfba22bf3fe791d7a2,Intel Xeon Platinum 8370C CPU 2.80GHz,MyersGateBenchmarks,Band=24,Dp_Cjk,1.01
2026-08-29,5d7a580b6fa8b8891f7c3ddfba22bf3fe791d7a2,Intel Xeon Platinum 8370C CPU 2.80GHz,MyersGateBenchmarks,Band=24,Kernel_Cjk,0.27
2026-08-29,5d7a580b6fa8b8891f7c3ddfba22bf3fe791d7a2,Intel Xeon Platinum 8370C CPU 2.80GHz,MyersGateBenchmarks,Band=32,Dp,1.0
2026-08-29,5d7a580b6fa8b8891f7c3ddfba22bf3fe791d7a2,Intel Xeon Platinum 8370C CPU 2.80GHz,MyersGateBenchmarks,Band=32,Kernel,0.14
2026-08-29,5d7a580b6fa8b8891f7c3ddfba22bf3fe791d7a2,Intel Xeon Platinum 8370C CPU 2.80GHz,MyersGateBenchmarks,Band=32,Dp_Cjk,1.0
2026-08-29,5d7a580b6fa8b8891f7c3ddfba22bf3fe791d7a2,Intel Xeon Platinum 8370C CPU 2.80GHz,MyersGateBenchmarks,Band=32,Kernel_Cjk,0.18
2026-08-29,5d7a580b6fa8b8891f7c3ddfba22bf3fe791d7a2,Intel Xeon Platinum 8370C CPU 2.80GHz,MyersGateBenchmarks,Band=48,Dp,1.0
2026-08-29,5d7a580b6fa8b8891f7c3ddfba22bf3fe791d7a2,Intel Xeon Platinum 8370C CPU 2.80GHz,MyersGateBenchmarks,Band=48,Kernel,0.08
2026-08-29,5d7a580b6fa8b8891f7c3ddfba22bf3fe791d7a2,Intel Xeon Platinum 8370C CPU 2.80GHz,MyersGateBenchmarks,Band=48,Dp_Cjk,1.0
2026-08-29,5d7a580b6fa8b8891f7c3ddfba22bf3fe791d7a2,Intel Xeon Platinum 8370C CPU 2.80GHz,MyersGateBenchmarks,Band=48,Kernel_Cjk,0.11
2026-08-29,5d7a580b6fa8b8891f7c3ddfba22bf3fe791d7a2,Intel Xeon Platinum 8370C CPU 2.80GHz,MyersGateBenchmarks,Band=64,Dp,1.0
2026-08-29,5d7a580b6fa8b8891f7c3ddfba22bf3fe791d7a2,Intel Xeon Platinum 8370C CPU 2.80GHz,MyersGateBenchmarks,Band=64,Kernel,0.06
2026-08-29,5d7a580b6fa8b8891f7c3ddfba22bf3fe791d7a2,Intel Xeon Platinum 8370C CPU 2.80GHz,MyersGateBenchmarks,Band=64,Dp_Cjk,1.0
2026-08-29,5d7a580b6fa8b8891f7c3ddfba22bf3fe791d7a2,Intel Xeon Platinum 8370C CPU 2.80GHz,MyersGateBenchmarks,Band=64,Kernel_Cjk,0.08
2026-08-29,5d7a580b6fa8b8891f7c3ddfba22bf3fe791d7a2,Intel Xeon Platinum 8370C CPU 2.80GHz,MyersGateBenchmarks,Band=96,Dp,1.0
2026-08-29,5d7a580b6fa8b8891f7c3ddfba22bf3fe791d7a2,Intel Xeon Platinum 8370C CPU 2.80GHz,MyersGateBenchmarks,Band=96,Kernel,0.11
2026-08-29,5d7a580b6fa8b8891f7c3ddfba22bf3fe791d7a2,Intel Xeon Platinum 8370C CPU 2.80GHz,MyersGateBenchmarks,Band=96,Dp_Cjk,1.0
2026-08-29,5d7a580b6fa8b8891f7c3ddfba22bf3fe791d7a2,Intel Xeon Platinum 8370C CPU 2.80GHz,MyersGateBenchmarks,Band=96,Kernel_Cjk,0.14
2026-08-29,5d7a580b6fa8b8891f7c3ddfba22bf3fe791d7a2,Intel Xeon Platinum 8370C CPU 2.80GHz,StopWordBenchmarks,Documents=200,Count,1.0
2026-08-29,5d7a580b6fa8b8891f7c3ddfba22bf3fe791d7a2,Intel Xeon Platinum 8370C CPU 2.80GHz,StopWordBenchmarks,Documents=200,CountWithStopWords,0.82
2026-08-29,5d7a580b6fa8b8891f7c3ddfba22bf3fe791d7a2,Intel Xeon Platinum 8370C CPU 2.80GHz,StopWordBenchmarks,Documents=200,Hashing,1.02
2026-08-29,5d7a580b6fa8b8891f7c3ddfba22bf3fe791d7a2,Intel Xeon Platinum 8370C CPU 2.80GHz,StopWordBenchmarks,Documents=200,HashingWithStopWords,0.85
2026-08-29,5d7a580b6fa8b8891f7c3ddfba22bf3fe791d7a2,Intel Xeon Platinum 8370C CPU 2.80GHz,StopWordBenchmarks,Documents=1000,Count,1.0
2026-08-29,5d7a580b6fa8b8891f7c3ddfba22bf3fe791d7a2,Intel Xeon Platinum 8370C CPU 2.80GHz,StopWordBenchmarks,Documents=1000,CountWithStopWords,0.78
2026-08-29,5d7a580b6fa8b8891f7c3ddfba22bf3fe791d7a2,Intel Xeon Platinum 8370C CPU 2.80GHz,StopWordBenchmarks,Documents=1000,Hashing,0.95
2026-08-29,5d7a580b6fa8b8891f7c3ddfba22bf3fe791d7a2,Intel Xeon Platinum 8370C CPU 2.80GHz,StopWordBenchmarks,Documents=1000,HashingWithStopWords,0.8
2026-08-29,5d7a580b6fa8b8891f7c3ddfba22bf3fe791d7a2,Intel Xeon Platinum 8370C CPU 2.80GHz,VectorMathBenchmarks,Dim=384,Dot,1.0
2026-08-29,5d7a580b6fa8b8891f7c3ddfba22bf3fe791d7a2,Intel Xeon Platinum 8370C CPU 2.80GHz,VectorMathBenchmarks,Dim=384,L2Norm,0.95
2026-08-29,5d7a580b6fa8b8891f7c3ddfba22bf3fe791d7a2,Intel Xeon Platinum 8370C CPU 2.80GHz,VectorMathBenchmarks,Dim=768,Dot,1.0
2026-08-29,5d7a580b6fa8b8891f7c3ddfba22bf3fe791d7a2,Intel Xeon Platinum 8370C CPU 2.80GHz,VectorMathBenchmarks,Dim=768,L2Norm,1.04
2026-08-29,5d7a580b6fa8b8891f7c3ddfba22bf3fe791d7a2,Intel Xeon Platinum 8370C CPU 2.80GHz,VectorMathBenchmarks,Dim=1024,Dot,1.0
2026-08-29,5d7a580b6fa8b8891f7c3ddfba22bf3fe791d7a2,Intel Xeon Platinum 8370C CPU 2.80GHz,VectorMathBenchmarks,Dim=1024,L2Norm,0.98
2026-08-29,5d7a580b6fa8b8891f7c3ddfba22bf3fe791d7a2,Intel Xeon Platinum 8370C CPU 2.80GHz,VectorizerBenchmarks,Documents=200,Count,1.0
2026-08-29,5d7a580b6fa8b8891f7c3ddfba22bf3fe791d7a2,Intel Xeon Platinum 8370C CPU 2.80GHz,VectorizerBenchmarks,Documents=200,Tfidf,1.08
2026-08-29,5d7a580b6fa8b8891f7c3ddfba22bf3fe791d7a2,Intel Xeon Platinum 8370C CPU 2.80GHz,VectorizerBenchmarks,Documents=200,CountBigrams,1.26
2026-08-29,5d7a580b6fa8b8891f7c3ddfba22bf3fe791d7a2,Intel Xeon Platinum 8370C CPU 2.80GHz,VectorizerBenchmarks,Documents=200,Hashing,0.99
2026-08-29,5d7a580b6fa8b8891f7c3ddfba22bf3fe791d7a2,Intel Xeon Platinum 8370C CPU 2.80GHz,VectorizerBenchmarks,Documents=1000,Count,1.0
2026-08-29,5d7a580b6fa8b8891f7c3ddfba22bf3fe791d7a2,Intel Xeon Platinum 8370C CPU 2.80GHz,VectorizerBenchmarks,Documents=1000,Tfidf,1.04
2026-08-29,5d7a580b6fa8b8891f7c3ddfba22bf3fe791d7a2,Intel Xeon Platinum 8370C CPU 2.80GHz,VectorizerBenchmarks,Documents=1000,CountBigrams,1.69
2026-08-29,5d7a580b6fa8b8891f7c3ddfba22bf3fe791d7a2,Intel Xeon Platinum 8370C CPU 2.80GHz,VectorizerBenchmarks,Documents=1000,Hashing,1.01
2026-08-31,8935765306fce8e251a4916c0ee301a911724174,AMD EPYC 7763,BatchEmbeddingBenchmarks,CorpusSize=1,UnitLoop,1.0
2026-08-31,8935765306fce8e251a4916c0ee301a911724174,AMD EPYC 7763,BatchEmbeddingBenchmarks,CorpusSize=1,EmbedBatch,1.0
2026-08-31,8935765306fce8e251a4916c0ee301a911724174,AMD EPYC 7763,BatchEmbeddingBenchmarks,CorpusSize=1,EmbedBatchBucketed,0.99
2026-08-31,8935765306fce8e251a4916c0ee301a911724174,AMD EPYC 7763,BatchEmbeddingBenchmarks,CorpusSize=8,UnitLoop,1.0
2026-08-31,8935765306fce8e251a4916c0ee301a911724174,AMD EPYC 7763,BatchEmbeddingBenchmarks,CorpusSize=8,EmbedBatch,0.65
2026-08-31,8935765306fce8e251a4916c0ee301a911724174,AMD EPYC 7763,BatchEmbeddingBenchmarks,CorpusSize=8,EmbedBatchBucketed,0.66
2026-08-31,8935765306fce8e251a4916c0ee301a911724174,AMD EPYC 7763,BatchEmbeddingBenchmarks,CorpusSize=32,UnitLoop,1.0
2026-08-31,8935765306fce8e251a4916c0ee301a911724174,AMD EPYC 7763,BatchEmbeddingBenchmarks,CorpusSize=32,EmbedBatch,0.62
2026-08-31,8935765306fce8e251a4916c0ee301a911724174,AMD EPYC 7763,BatchEmbeddingBenchmarks,CorpusSize=32,EmbedBatchBucketed,0.62
2026-08-31,8935765306fce8e251a4916c0ee301a911724174,AMD EPYC 7763,BatchEmbeddingBenchmarks,CorpusSize=128,UnitLoop,1.0
2026-08-31,8935765306fce8e251a4916c0ee301a911724174,AMD EPYC 7763,BatchEmbeddingBenchmarks,CorpusSize=128,EmbedBatch,0.6
2026-08-31,8935765306fce8e251a4916c0ee301a911724174,AMD EPYC 7763,BatchEmbeddingBenchmarks,CorpusSize=128,EmbedBatchBucketed,0.62
2026-08-31,8935765306fce8e251a4916c0ee301a911724174,AMD EPYC 7763,BpeBenchmarks,,Unigram,1.0
2026-08-31,8935765306fce8e251a4916c0ee301a911724174,AMD EPYC 7763,BpeBenchmarks,,Bpe,0.97
2026-08-31,8935765306fce8e251a4916c0ee301a911724174,AMD EPYC 7763,FuzzBenchmarks,,Ratio,1.0
2026-08-31,8935765306fce8e251a4916c0ee301a911724174,AMD EPYC 7763,FuzzBenchmarks,,PartialRatio,127.71
2026-08-31,8935765306fce8e251a4916c0ee301a911724174,AMD EPYC 7763,FuzzBenchmarks,,TokenSortRatio,10.45
2026-08-31,8935765306fce8e251a4916c0ee301a911724174,AMD EPYC 7763,FuzzBenchmarks,,TokenSetRatio,33.63
2026-08-31,8935765306fce8e251a4916c0ee301a911724174,AMD EPYC 7763,FuzzBenchmarks,,WRatio,47.58
2026-08-31,8935765306fce8e251a4916c0ee301a911724174,AMD EPYC 7763,IndelBenchmarks,Length=8,Distance_Utf16,1.0
2026-08-31,8935765306fce8e251a4916c0ee301a911724174,AMD EPYC 7763,IndelBenchmarks,Length=8,Distance_CodePoint,4.94
2026-08-31,8935765306fce8e251a4916c0ee301a911724174,AMD EPYC 7763,IndelBenchmarks,Length=8,NormalizedSimilarity_Utf16,1.2
2026-08-31,8935765306fce8e251a4916c0ee301a911724174,AMD EPYC 7763,IndelBenchmarks,Length=8,SubsequenceLength_Utf16,0.99
2026-08-31,8935765306fce8e251a4916c0ee301a911724174,AMD EPYC 7763,IndelBenchmarks,Length=12,Distance_Utf16,1.0
2026-08-31,8935765306fce8e251a4916c0ee301a911724174,AMD EPYC 7763,IndelBenchmarks,Length=12,Distance_CodePoint,4.95
2026-08-31,8935765306fce8e251a4916c0ee301a911724174,AMD EPYC 7763,IndelBenchmarks,Length=12,NormalizedSimilarity_Utf16,0.97
2026-08-31,8935765306fce8e251a4916c0ee301a911724174,AMD EPYC 7763,IndelBenchmarks,Length=12,SubsequenceLength_Utf16,1.08
2026-08-31,8935765306fce8e251a4916c0ee301a911724174,AMD EPYC 7763,IndelBenchmarks,Length=16,Distance_Utf16,1.0
2026-08-31,8935765306fce8e251a4916c0ee301a911724174,AMD EPYC 7763,IndelBenchmarks,Length=16,Distance_CodePoint,5.2
2026-08-31,8935765306fce8e251a4916c0ee301a911724174,AMD EPYC 7763,IndelBenchmarks,Length=16,NormalizedSimilarity_Utf16,1.02
2026-08-31,8935765306fce8e251a4916c0ee301a911724174,AMD EPYC 7763,IndelBenchmarks,Length=16,SubsequenceLength_Utf16,1.0
2026-08-31,8935765306fce8e251a4916c0ee301a911724174,AMD EPYC 7763,IndelBenchmarks,Length=20,Distance_Utf16,1.0
2026-08-31,8935765306fce8e251a4916c0ee301a911724174,AMD EPYC 7763,IndelBenchmarks,Length=20,Distance_CodePoint,5.3
2026-08-31,8935765306fce8e251a4916c0ee301a911724174,AMD EPYC 7763,IndelBenchmarks,Length=20,NormalizedSimilarity_Utf16,1.01
2026-08-31,8935765306fce8e251a4916c0ee301a911724174,AMD EPYC 7763,IndelBenchmarks,Length=20,SubsequenceLength_Utf16,0.93
2026-08-31,8935765306fce8e251a4916c0ee301a911724174,AMD EPYC 7763,IndelBenchmarks,Length=24,Distance_Utf16,1.0
2026-08-31,8935765306fce8e251a4916c0ee301a911724174,AMD EPYC 7763,IndelBenchmarks,Length=24,Distance_CodePoint,11.79
2026-08-31,8935765306fce8e251a4916c0ee301a911724174,AMD EPYC 7763,IndelBenchmarks,Length=24,NormalizedSimilarity_Utf16,1.04
2026-08-31,8935765306fce8e251a4916c0ee301a911724174,AMD EPYC 7763,IndelBenchmarks,Length=24,SubsequenceLength_Utf16,1.16
2026-08-31,8935765306fce8e251a4916c0ee301a911724174,AMD EPYC 7763,IndelBenchmarks,Length=32,Distance_Utf16,1.0
2026-08-31,8935765306fce8e251a4916c0ee301a911724174,AMD EPYC 7763,IndelBenchmarks,Length=32,Distance_CodePoint,16.66
2026-08-31,8935765306fce8e251a4916c0ee301a911724174,AMD EPYC 7763,IndelBenchmarks,Length=32,NormalizedSimilarity_Utf16,1.06
2026-08-31,8935765306fce8e251a4916c0ee301a911724174,AMD EPYC 7763,IndelBenchmarks,Length=32,SubsequenceLength_Utf16,0.97
2026-08-31,8935765306fce8e251a4916c0ee301a911724174,AMD EPYC 7763,IndelBenchmarks,Length=128,Distance_Utf16,1.0
2026-08-31,8935765306fce8e251a4916c0ee301a911724174,AMD EPYC 7763,IndelBenchmarks,Length=128,Distance_CodePoint,21.23
2026-08-31,8935765306fce8e251a4916c0ee301a911724174,AMD EPYC 7763,IndelBenchmarks,Length=128,NormalizedSimilarity_Utf16,1.01
2026-08-31,8935765306fce8e251a4916c0ee301a911724174,AMD EPYC 7763,IndelBenchmarks,Length=128,SubsequenceLength_Utf16,0.99
2026-08-31,8935765306fce8e251a4916c0ee301a911724174,AMD EPYC 7763,IndelBenchmarks,Length=512,Distance_Utf16,1.0
2026-08-31,8935765306fce8e251a4916c0ee301a911724174,AMD EPYC 7763,IndelBenchmarks,Length=512,Distance_CodePoint,44.29
2026-08-31,8935765306fce8e251a4916c0ee301a911724174,AMD EPYC 7763,IndelBenchmarks,Length=512,NormalizedSimilarity_Utf16,1.02
2026-08-31,8935765306fce8e251a4916c0ee301a911724174,AMD EPYC 7763,IndelBenchmarks,Length=512,SubsequenceLength_Utf16,0.98
2026-08-31,8935765306fce8e251a4916c0ee301a911724174,AMD EPYC 7763,LcsGateBenchmarks,Band=8,Dp,1.0
2026-08-31,8935765306fce8e251a4916c0ee301a911724174,AMD EPYC 7763,LcsGateBenchmarks,Band=8,Kernel,0.42
2026-08-31,8935765306fce8e251a4916c0ee301a911724174,AMD EPYC 7763,LcsGateBenchmarks,Band=8,Dp_Cjk,1.01
2026-08-31,8935765306fce8e251a4916c0ee301a911724174,AMD EPYC 7763,LcsGateBenchmarks,Band=8,Kernel_Cjk,0.74
2026-08-31,8935765306fce8e251a4916c0ee301a911724174,AMD EPYC 7763,LcsGateBenchmarks,Band=12,Dp,1.0
2026-08-31,8935765306fce8e251a4916c0ee301a911724174,AMD EPYC 7763,LcsGateBenchmarks,Band=12,Kernel,0.29
2026-08-31,8935765306fce8e251a4916c0ee301a911724174,AMD EPYC 7763,LcsGateBenchmarks,Band=12,Dp_Cjk,1.05
2026-08-31,8935765306fce8e251a4916c0ee301a911724174,AMD EPYC 7763,LcsGateBenchmarks,Band=12,Kernel_Cjk,0.51
2026-08-31,8935765306fce8e251a4916c0ee301a911724174,AMD EPYC 7763,LcsGateBenchmarks,Band=14,Dp,1.0
2026-08-31,8935765306fce8e251a4916c0ee301a911724174,AMD EPYC 7763,LcsGateBenchmarks,Band=14,Kernel,0.24
2026-08-31,8935765306fce8e251a4916c0ee301a911724174,AMD EPYC 7763,LcsGateBenchmarks,Band=14,Dp_Cjk,0.97
2026-08-31,8935765306fce8e251a4916c0ee301a911724174,AMD EPYC 7763,LcsGateBenchmarks,Band=14,Kernel_Cjk,0.4
2026-08-31,8935765306fce8e251a4916c0ee301a911724174,AMD EPYC 7763,LcsGateBenchmarks,Band=16,Dp,1.0
2026-08-31,8935765306fce8e251a4916c0ee301a911724174,AMD EPYC 7763,LcsGateBenchmarks,Band=16,Kernel,0.21
2026-08-31,8935765306fce8e251a4916c0ee301a911724174,AMD EPYC 7763,LcsGateBenchmarks,Band=16,Dp_Cjk,1.05
2026-08-31,8935765306fce8e251a4916c0ee301a911724174,AMD EPYC 7763,LcsGateBenchmarks,Band=16,Kernel_Cjk,0.33
2026-08-31,8935765306fce8e251a4916c0ee301a911724174,AMD EPYC 7763,LcsGateBenchmarks,Band=18,Dp,1.0
2026-08-31,8935765306fce8e251a4916c0ee301a911724174,AMD EPYC 7763,LcsGateBenchmarks,Band=18,Kernel,0.17
2026-08-31,8935765306fce8e251a4916c0ee301a911724174,AMD EPYC 7763,LcsGateBenchmarks,Band=18,Dp_Cjk,1.12
2026-08-31,8935765306fce8e251a4916c0ee301a911724174,AMD EPYC 7763,LcsGateBenchmarks,Band=18,Kernel_Cjk,0.29
2026-08-31,8935765306fce8e251a4916c0ee301a911724174,AMD EPYC 7763,LcsGateBenchmarks,Band=20,Dp,1.0
2026-08-31,8935765306fce8e251a4916c0ee301a911724174,AMD EPYC 7763,LcsGateBenchmarks,Band=20,Kernel,0.11
2026-08-31,8935765306fce8e251a4916c0ee301a911724174,AMD EPYC 7763,LcsGateBenchmarks,Band=20,Dp_Cjk,1.02
2026-08-31,8935765306fce8e251a4916c0ee301a911724174,AMD EPYC 7763,LcsGateBenchmarks,Band=20,Kernel_Cjk,0.17
2026-08-31,8935765306fce8e251a4916c0ee301a911724174,AMD EPYC 7763,LcsGateBenchmarks,Band=24,Dp,1.0
2026-08-31,8935765306fce8e251a4916c0ee301a911724174,AMD EPYC 7763,LcsGateBenchmarks,Band=24,Kernel,0.09
2026-08-31,8935765306fce8e251a4916c0ee301a911724174,AMD EPYC 7763,LcsGateBenchmarks,Band=24,Dp_Cjk,1.02
2026-08-31,8935765306fce8e251a4916c0ee301a911724174,AMD EPYC 7763,LcsGateBenchmarks,Band=24,Kernel_Cjk,0.14
2026-08-31,8935765306fce8e251a4916c0ee301a911724174,AMD EPYC 7763,LcsGateBenchmarks,Band=32,Dp,1.0
2026-08-31,8935765306fce8e251a4916c0ee301a911724174,AMD EPYC 7763,LcsGateBenchmarks,Band=32,Kernel,0.07
2026-08-31,8935765306fce8e251a4916c0ee301a911724174,AMD EPYC 7763,LcsGateBenchmarks,Band=32,Dp_Cjk,1.03
2026-08-31,8935765306fce8e251a4916c0ee301a911724174,AMD EPYC 7763,LcsGateBenchmarks,Band=32,Kernel_Cjk,0.11
2026-08-31,8935765306fce8e251a4916c0ee301a911724174,AMD EPYC 7763,LcsGateBenchmarks,Band=48,Dp,1.0
2026-08-31,8935765306fce8e251a4916c0ee301a911724174,AMD EPYC 7763,LcsGateBenchmarks,Band=48,Kernel,0.04
2026-08-31,8935765306fce8e251a4916c0ee301a911724174,AMD EPYC 7763,LcsGateBenchmarks,Band=48,Dp_Cjk,0.99
2026-08-31,8935765306fce8e251a4916c0ee301a911724174,AMD EPYC 7763,LcsGateBenchmarks,Band=48,Kernel_Cjk,0.07
2026-08-31,8935765306fce8e251a4916c0ee301a911724174,AMD EPYC 7763,LcsGateBenchmarks,Band=64,Dp,1.0
2026-08-31,8935765306fce8e251a4916c0ee301a911724174,AMD EPYC 7763,LcsGateBenchmarks,Band=64,Kernel,0.03
2026-08-31,8935765306fce8e251a4916c0ee301a911724174,AMD EPYC 7763,LcsGateBenchmarks,Band=64,Dp_Cjk,0.9
2026-08-31,8935765306fce8e251a4916c0ee301a911724174,AMD EPYC 7763,LcsGateBenchmarks,Band=64,Kernel_Cjk,0.05
2026-08-31,8935765306fce8e251a4916c0ee301a911724174,AMD EPYC 7763,LcsGateBenchmarks,Band=96,Dp,1.0
2026-08-31,8935765306fce8e251a4916c0ee301a911724174,AMD EPYC 7763,LcsGateBenchmarks,Band=96,Kernel,0.07
2026-08-31,8935765306fce8e251a4916c0ee301a911724174,AMD EPYC 7763,LcsGateBenchmarks,Band=96,Dp_Cjk,1.08
2026-08-31,8935765306fce8e251a4916c0ee301a911724174,AMD EPYC 7763,LcsGateBenchmarks,Band=96,Kernel_Cjk,0.09
2026-08-31,8935765306fce8e251a4916c0ee301a911724174,AMD EPYC 7763,LevenshteinBenchmarks,Length=8,Distance_Utf16,1.0
2026-08-31,8935765306fce8e251a4916c0ee301a911724174,AMD EPYC 7763,LevenshteinBenchmarks,Length=8,Distance_CodePoint,4.74
2026-08-31,8935765306fce8e251a4916c0ee301a911724174,AMD EPYC 7763,LevenshteinBenchmarks,Length=8,NormalizedSimilarity_Utf16,1.0
2026-08-31,8935765306fce8e251a4916c0ee301a911724174,AMD EPYC 7763,LevenshteinBenchmarks,Length=64,Distance_Utf16,1.0
2026-08-31,8935765306fce8e251a4916c0ee301a911724174,AMD EPYC 7763,LevenshteinBenchmarks,Length=64,Distance_CodePoint,2.56
2026-08-31,8935765306fce8e251a4916c0ee301a911724174,AMD EPYC 7763,LevenshteinBenchmarks,Length=64,NormalizedSimilarity_Utf16,1.01
2026-08-31,8935765306fce8e251a4916c0ee301a911724174,AMD EPYC 7763,LevenshteinBenchmarks,Length=512,Distance_Utf16,1.0
2026-08-31,8935765306fce8e251a4916c0ee301a911724174,AMD EPYC 7763,LevenshteinBenchmarks,Length=512,Distance_CodePoint,1.17
2026-08-31,8935765306fce8e251a4916c0ee301a911724174,AMD EPYC 7763,LevenshteinBenchmarks,Length=512,NormalizedSimilarity_Utf16,0.99
2026-08-31,8935765306fce8e251a4916c0ee301a911724174,AMD EPYC 7763,LevenshteinCodePointBenchmarks,"Length=16, Distinct=32",Distance_CodePoint,1.0
2026-08-31,8935765306fce8e251a4916c0ee301a911724174,AMD EPYC 7763,LevenshteinCodePointBenchmarks,"Length=16, Distinct=32",Distance_Utf16,0.72
2026-08-31,8935765306fce8e251a4916c0ee301a911724174,AMD EPYC 7763,LevenshteinCodePointBenchmarks,"Length=16, Distinct=512",Distance_CodePoint,1.0
2026-08-31,8935765306fce8e251a4916c0ee301a911724174,AMD EPYC 7763,LevenshteinCodePointBenchmarks,"Length=16, Distinct=512",Distance_Utf16,0.72
2026-08-31,8935765306fce8e251a4916c0ee301a911724174,AMD EPYC 7763,LevenshteinCodePointBenchmarks,"Length=24, Distinct=32",Distance_CodePoint,1.0
2026-08-31,8935765306fce8e251a4916c0ee301a911724174,AMD EPYC 7763,LevenshteinCodePointBenchmarks,"Length=24, Distinct=32",Distance_Utf16,0.76
2026-08-31,8935765306fce8e251a4916c0ee301a911724174,AMD EPYC 7763,LevenshteinCodePointBenchmarks,"Length=24, Distinct=512",Distance_CodePoint,1.0
2026-08-31,8935765306fce8e251a4916c0ee301a911724174,AMD EPYC 7763,LevenshteinCodePointBenchmarks,"Length=24, Distinct=512",Distance_Utf16,0.75
2026-08-31,8935765306fce8e251a4916c0ee301a911724174,AMD EPYC 7763,LevenshteinCodePointBenchmarks,"Length=32, Distinct=32",Distance_CodePoint,1.0
2026-08-31,8935765306fce8e251a4916c0ee301a911724174,AMD EPYC 7763,LevenshteinCodePointBenchmarks,"Length=32, Distinct=32",Distance_Utf16,0.81
2026-08-31,8935765306fce8e251a4916c0ee301a911724174,AMD EPYC 7763,LevenshteinCodePointBenchmarks,"Length=32, Distinct=512",Distance_CodePoint,1.0
2026-08-31,8935765306fce8e251a4916c0ee301a911724174,AMD EPYC 7763,LevenshteinCodePointBenchmarks,"Length=32, Distinct=512",Distance_Utf16,0.8
2026-08-31,8935765306fce8e251a4916c0ee301a911724174,AMD EPYC 7763,LevenshteinCodePointBenchmarks,"Length=40, Distinct=32",Distance_CodePoint,1.0
2026-08-31,8935765306fce8e251a4916c0ee301a911724174,AMD EPYC 7763,LevenshteinCodePointBenchmarks,"Length=40, Distinct=32",Distance_Utf16,2.2
2026-08-31,8935765306fce8e251a4916c0ee301a911724174,AMD EPYC 7763,LevenshteinCodePointBenchmarks,"Length=40, Distinct=512",Distance_CodePoint,1.0
2026-08-31,8935765306fce8e251a4916c0ee301a911724174,AMD EPYC 7763,LevenshteinCodePointBenchmarks,"Length=40, Distinct=512",Distance_Utf16,2.15
2026-08-31,8935765306fce8e251a4916c0ee301a911724174,AMD EPYC 7763,LevenshteinCodePointBenchmarks,"Length=128, Distinct=32",Distance_CodePoint,1.0
2026-08-31,8935765306fce8e251a4916c0ee301a911724174,AMD EPYC 7763,LevenshteinCodePointBenchmarks,"Length=128, Distinct=32",Distance_Utf16,2.18
2026-08-31,8935765306fce8e251a4916c0ee301a911724174,AMD EPYC 7763,LevenshteinCodePointBenchmarks,"Length=128, Distinct=512",Distance_CodePoint,1.0
2026-08-31,8935765306fce8e251a4916c0ee301a911724174,AMD EPYC 7763,LevenshteinCodePointBenchmarks,"Length=128, Distinct=512",Distance_Utf16,2.09
2026-08-31,8935765306fce8e251a4916c0ee301a911724174,AMD EPYC 7763,LevenshteinCodePointBenchmarks,"Length=512, Distinct=32",Distance_CodePoint,1.0
2026-08-31,8935765306fce8e251a4916c0ee301a911724174,AMD EPYC 7763,LevenshteinCodePointBenchmarks,"Length=512, Distinct=32",Distance_Utf16,3.54
2026-08-31,8935765306fce8e251a4916c0ee301a911724174,AMD EPYC 7763,LevenshteinCodePointBenchmarks,"Length=512, Distinct=512",Distance_CodePoint,1.0
2026-08-31,8935765306fce8e251a4916c0ee301a911724174,AMD EPYC 7763,LevenshteinCodePointBenchmarks,"Length=512, Distinct=512",Distance_Utf16,0.15
2026-08-31,8935765306fce8e251a4916c0ee301a911724174,AMD EPYC 7763,MyersGateBenchmarks,Band=4,Dp,1.0
2026-08-31,8935765306fce8e251a4916c0ee301a911724174,AMD EPYC 7763,MyersGateBenchmarks,Band=4,Kernel,1.0
2026-08-31,8935765306fce8e251a4916c0ee301a911724174,AMD EPYC 7763,MyersGateBenchmarks,Band=4,Dp_Cjk,0.99
2026-08-31,8935765306fce8e251a4916c0ee301a911724174,AMD EPYC 7763,MyersGateBenchmarks,Band=4,Kernel_Cjk,1.0
2026-08-31,8935765306fce8e251a4916c0ee301a911724174,AMD EPYC 7763,MyersGateBenchmarks,Band=6,Dp,1.0
2026-08-31,8935765306fce8e251a4916c0ee301a911724174,AMD EPYC 7763,MyersGateBenchmarks,Band=6,Kernel,0.74
2026-08-31,8935765306fce8e251a4916c0ee301a911724174,AMD EPYC 7763,MyersGateBenchmarks,Band=6,Dp_Cjk,1.04
2026-08-31,8935765306fce8e251a4916c0ee301a911724174,AMD EPYC 7763,MyersGateBenchmarks,Band=6,Kernel_Cjk,1.28
2026-08-31,8935765306fce8e251a4916c0ee301a911724174,AMD EPYC 7763,MyersGateBenchmarks,Band=8,Dp,1.0
2026-08-31,8935765306fce8e251a4916c0ee301a911724174,AMD EPYC 7763,MyersGateBenchmarks,Band=8,Kernel,0.58
2026-08-31,8935765306fce8e251a4916c0ee301a911724174,AMD EPYC 7763,MyersGateBenchmarks,Band=8,Dp_Cjk,1.0
2026-08-31,8935765306fce8e251a4916c0ee301a911724174,AMD EPYC 7763,MyersGateBenchmarks,Band=8,Kernel_Cjk,1.16
2026-08-31,8935765306fce8e251a4916c0ee301a911724174,AMD EPYC 7763,MyersGateBenchmarks,Band=10,Dp,1.0
2026-08-31,8935765306fce8e251a4916c0ee301a911724174,AMD EPYC 7763,MyersGateBenchmarks,Band=10,Kernel,0.48
2026-08-31,8935765306fce8e251a4916c0ee301a911724174,AMD EPYC 7763,MyersGateBenchmarks,Band=10,Dp_Cjk,1.01
2026-08-31,8935765306fce8e251a4916c0ee301a911724174,AMD EPYC 7763,MyersGateBenchmarks,Band=10,Kernel_Cjk,0.77
2026-08-31,8935765306fce8e251a4916c0ee301a911724174,AMD EPYC 7763,MyersGateBenchmarks,Band=12,Dp,1.0
2026-08-31,8935765306fce8e251a4916c0ee301a911724174,AMD EPYC 7763,MyersGateBenchmarks,Band=12,Kernel,0.42
2026-08-31,8935765306fce8e251a4916c0ee301a911724174,AMD EPYC 7763,MyersGateBenchmarks,Band=12,Dp_Cjk,1.06
2026-08-31,8935765306fce8e251a4916c0ee301a911724174,AMD EPYC 7763,MyersGateBenchmarks,Band=12,Kernel_Cjk,0.68
2026-08-31,8935765306fce8e251a4916c0ee301a911724174,AMD EPYC 7763,MyersGateBenchmarks,Band=16,Dp,1.0
2026-08-31,8935765306fce8e251a4916c0ee301a911724174,AMD EPYC 7763,MyersGateBenchmarks,Band=16,Kernel,0.29
2026-08-31,8935765306fce8e251a4916c0ee301a911724174,AMD EPYC 7763,MyersGateBenchmarks,Band=16,Dp_Cjk,0.98
2026-08-31,8935765306fce8e251a4916c0ee301a911724174,AMD EPYC 7763,MyersGateBenchmarks,Band=16,Kernel_Cjk,0.43
2026-08-31,8935765306fce8e251a4916c0ee301a911724174,AMD EPYC 7763,MyersGateBenchmarks,Band=24,Dp,1.0
2026-08-31,8935765306fce8e251a4916c0ee301a911724174,AMD EPYC 7763,MyersGateBenchmarks,Band=24,Kernel,0.19
2026-08-31,8935765306fce8e251a4916c0ee301a911724174,AMD EPYC 7763,MyersGateBenchmarks,Band=24,Dp_Cjk,1.0
2026-08-31,8935765306fce8e251a4916c0ee301a911724174,AMD EPYC 7763,MyersGateBenchmarks,Band=24,Kernel_Cjk,0.27
2026-08-31,8935765306fce8e251a4916c0ee301a911724174,AMD EPYC 7763,MyersGateBenchmarks,Band=32,Dp,1.0
2026-08-31,8935765306fce8e251a4916c0ee301a911724174,AMD EPYC 7763,MyersGateBenchmarks,Band=32,Kernel,0.13
2026-08-31,8935765306fce8e251a4916c0ee301a911724174,AMD EPYC 7763,MyersGateBenchmarks,Band=32,Dp_Cjk,0.99
2026-08-31,8935765306fce8e251a4916c0ee301a911724174,AMD EPYC 7763,MyersGateBenchmarks,Band=32,Kernel_Cjk,0.19
2026-08-31,8935765306fce8e251a4916c0ee301a911724174,AMD EPYC 7763,MyersGateBenchmarks,Band=48,Dp,1.0
2026-08-31,8935765306fce8e251a4916c0ee301a911724174,AMD EPYC 7763,MyersGateBenchmarks,Band=48,Kernel,0.08
2026-08-31,8935765306fce8e251a4916c0ee301a911724174,AMD EPYC 7763,MyersGateBenchmarks,Band=48,Dp_Cjk,0.99
2026-08-31,8935765306fce8e251a4916c0ee301a911724174,AMD EPYC 7763,MyersGateBenchmarks,Band=48,Kernel_Cjk,0.11
2026-08-31,8935765306fce8e251a4916c0ee301a911724174,AMD EPYC 7763,MyersGateBenchmarks,Band=64,Dp,1.0
2026-08-31,8935765306fce8e251a4916c0ee301a911724174,AMD EPYC 7763,MyersGateBenchmarks,Band=64,Kernel,0.06
2026-08-31,8935765306fce8e251a4916c0ee301a911724174,AMD EPYC 7763,MyersGateBenchmarks,Band=64,Dp_Cjk,1.01
2026-08-31,8935765306fce8e251a4916c0ee301a911724174,AMD EPYC 7763,MyersGateBenchmarks,Band=64,Kernel_Cjk,0.07
2026-08-31,8935765306fce8e251a4916c0ee301a911724174,AMD EPYC 7763,MyersGateBenchmarks,Band=96,Dp,1.0
2026-08-31,8935765306fce8e251a4916c0ee301a911724174,AMD EPYC 7763,MyersGateBenchmarks,Band=96,Kernel,0.09
2026-08-31,8935765306fce8e251a4916c0ee301a911724174,AMD EPYC 7763,MyersGateBenchmarks,Band=96,Dp_Cjk,0.97
2026-08-31,8935765306fce8e251a4916c0ee301a911724174,AMD EPYC 7763,MyersGateBenchmarks,Band=96,Kernel_Cjk,0.11
2026-08-31,8935765306fce8e251a4916c0ee301a911724174,AMD EPYC 7763,StopWordBenchmarks,Documents=200,Count,1.0
2026-08-31,8935765306fce8e251a4916c0ee301a911724174,AMD EPYC 7763,StopWordBenchmarks,Documents=200,CountWithStopWords,0.83
2026-08-31,8935765306fce8e251a4916c0ee301a911724174,AMD EPYC 7763,StopWordBenchmarks,Documents=200,Hashing,0.98
2026-08-31,8935765306fce8e251a4916c0ee301a911724174,AMD EPYC 7763,StopWordBenchmarks,Documents=200,HashingWithStopWords,0.86
2026-08-31,8935765306fce8e251a4916c0ee301a911724174,AMD EPYC 7763,StopWordBenchmarks,Documents=1000,Count,1.0
2026-08-31,8935765306fce8e251a4916c0ee301a911724174,AMD EPYC 7763,StopWordBenchmarks,Documents=1000,CountWithStopWords,0.78
2026-08-31,8935765306fce8e251a4916c0ee301a911724174,AMD EPYC 7763,StopWordBenchmarks,Documents=1000,Hashing,0.94
2026-08-31,8935765306fce8e251a4916c0ee301a911724174,AMD EPYC 7763,StopWordBenchmarks,Documents=1000,HashingWithStopWords,0.81
2026-08-31,8935765306fce8e251a4916c0ee301a911724174,AMD EPYC 7763,VectorMathBenchmarks,Dim=384,Dot,1.0
2026-08-31,8935765306fce8e251a4916c0ee301a911724174,AMD EPYC 7763,VectorMathBenchmarks,Dim=384,L2Norm,1.01
2026-08-31,8935765306fce8e251a4916c0ee301a911724174,AMD EPYC 7763,VectorMathBenchmarks,Dim=768,Dot,1.0
2026-08-31,8935765306fce8e251a4916c0ee301a911724174,AMD EPYC 7763,VectorMathBenchmarks,Dim=768,L2Norm,0.98
2026-08-31,8935765306fce8e251a4916c0ee301a911724174,AMD EPYC 7763,VectorMathBenchmarks,Dim=1024,Dot,1.0
2026-08-31,8935765306fce8e251a4916c0ee301a911724174,AMD EPYC 7763,VectorMathBenchmarks,Dim=1024,L2Norm,0.99
2026-08-31,8935765306fce8e251a4916c0ee301a911724174,AMD EPYC 7763,VectorizerBenchmarks,Documents=200,Count,1.0
2026-08-31,8935765306fce8e251a4916c0ee301a911724174,AMD EPYC 7763,VectorizerBenchmarks,Documents=200,Tfidf,1.01
2026-08-31,8935765306fce8e251a4916c0ee301a911724174,AMD EPYC 7763,VectorizerBenchmarks,Documents=200,CountBigrams,1.29
2026-08-31,8935765306fce8e251a4916c0ee301a911724174,AMD EPYC 7763,VectorizerBenchmarks,Documents=200,Hashing,1.01
2026-08-31,8935765306fce8e251a4916c0ee301a911724174,AMD EPYC 7763,VectorizerBenchmarks,Documents=1000,Count,1.0
2026-08-31,8935765306fce8e251a4916c0ee301a911724174,AMD EPYC 7763,VectorizerBenchmarks,Documents=1000,Tfidf,1.03
2026-08-31,8935765306fce8e251a4916c0ee301a911724174,AMD EPYC 7763,VectorizerBenchmarks,Documents=1000,CountBigrams,1.65
2026-08-31,8935765306fce8e251a4916c0ee301a911724174,AMD EPYC 7763,VectorizerBenchmarks,Documents=1000,Hashing,0.98
2026-09-01,7f4b67f36418eeb64123c90433169a72a849b6b6,AMD EPYC 9V74,BatchEmbeddingBenchmarks,CorpusSize=1,UnitLoop,1.0
2026-09-01,7f4b67f36418eeb64123c90433169a72a849b6b6,AMD EPYC 9V74,BatchEmbeddingBenchmarks,CorpusSize=1,EmbedBatch,0.98
2026-09-01,7f4b67f36418eeb64123c90433169a72a849b6b6,AMD EPYC 9V74,BatchEmbeddingBenchmarks,CorpusSize=1,EmbedBatchBucketed,1.01
2026-09-01,7f4b67f36418eeb64123c90433169a72a849b6b6,AMD EPYC 9V74,BatchEmbeddingBenchmarks,CorpusSize=8,UnitLoop,1.0
2026-09-01,7f4b67f36418eeb64123c90433169a72a849b6b6,AMD EPYC 9V74,BatchEmbeddingBenchmarks,CorpusSize=8,EmbedBatch,0.59
2026-09-01,7f4b67f36418eeb64123c90433169a72a849b6b6,AMD EPYC 9V74,BatchEmbeddingBenchmarks,CorpusSize=8,EmbedBatchBucketed,0.6
2026-09-01,7f4b67f36418eeb64123c90433169a72a849b6b6,AMD EPYC 9V74,BatchEmbeddingBenchmarks,CorpusSize=32,UnitLoop,1.0
2026-09-01,7f4b67f36418eeb64123c90433169a72a849b6b6,AMD EPYC 9V74,BatchEmbeddingBenchmarks,CorpusSize=32,EmbedBatch,0.57
2026-09-01,7f4b67f36418eeb64123c90433169a72a849b6b6,AMD EPYC 9V74,BatchEmbeddingBenchmarks,CorpusSize=32,EmbedBatchBucketed,0.55
2026-09-01,7f4b67f36418eeb64123c90433169a72a849b6b6,AMD EPYC 9V74,BatchEmbeddingBenchmarks,CorpusSize=128,UnitLoop,1.0
2026-09-01,7f4b67f36418eeb64123c90433169a72a849b6b6,AMD EPYC 9V74,BatchEmbeddingBenchmarks,CorpusSize=128,EmbedBatch,0.59
2026-09-01,7f4b67f36418eeb64123c90433169a72a849b6b6,AMD EPYC 9V74,BatchEmbeddingBenchmarks,CorpusSize=128,EmbedBatchBucketed,0.54
2026-09-01,7f4b67f36418eeb64123c90433169a72a849b6b6,AMD EPYC 9V74,BpeBenchmarks,,Unigram,1.0
2026-09-01,7f4b67f36418eeb64123c90433169a72a849b6b6,AMD EPYC 9V74,BpeBenchmarks,,Bpe,1.65
2026-09-01,7f4b67f36418eeb64123c90433169a72a849b6b6,AMD EPYC 9V74,FuzzBenchmarks,,Ratio,1.0
2026-09-01,7f4b67f36418eeb64123c90433169a72a849b6b6,AMD EPYC 9V74,FuzzBenchmarks,,PartialRatio,102.97
2026-09-01,7f4b67f36418eeb64123c90433169a72a849b6b6,AMD EPYC 9V74,FuzzBenchmarks,,TokenSortRatio,8.75
2026-09-01,7f4b67f36418eeb64123c90433169a72a849b6b6,AMD EPYC 9V74,FuzzBenchmarks,,TokenSetRatio,9.79
2026-09-01,7f4b67f36418eeb64123c90433169a72a849b6b6,AMD EPYC 9V74,FuzzBenchmarks,,WRatio,19.98
2026-09-01,7f4b67f36418eeb64123c90433169a72a849b6b6,AMD EPYC 9V74,FuzzIncumbentBenchmarks,Operation=Ratio,Lodestar,1.0
2026-09-01,7f4b67f36418eeb64123c90433169a72a849b6b6,AMD EPYC 9V74,FuzzIncumbentBenchmarks,Operation=Ratio,FuzzySharp,2.1
2026-09-01,7f4b67f36418eeb64123c90433169a72a849b6b6,AMD EPYC 9V74,FuzzIncumbentBenchmarks,Operation=PartialRatio,Lodestar,1.0
2026-09-01,7f4b67f36418eeb64123c90433169a72a849b6b6,AMD EPYC 9V74,FuzzIncumbentBenchmarks,Operation=PartialRatio,FuzzySharp,0.85
2026-09-01,7f4b67f36418eeb64123c90433169a72a849b6b6,AMD EPYC 9V74,FuzzIncumbentBenchmarks,Operation=TokenSetRatio,Lodestar,1.0
2026-09-01,7f4b67f36418eeb64123c90433169a72a849b6b6,AMD EPYC 9V74,FuzzIncumbentBenchmarks,Operation=TokenSetRatio,FuzzySharp,1.89
2026-09-01,7f4b67f36418eeb64123c90433169a72a849b6b6,AMD EPYC 9V74,FuzzIncumbentBenchmarks,Operation=WRatio,Lodestar,1.0
2026-09-01,7f4b67f36418eeb64123c90433169a72a849b6b6,AMD EPYC 9V74,FuzzIncumbentBenchmarks,Operation=WRatio,FuzzySharp,2.19
2026-09-01,7f4b67f36418eeb64123c90433169a72a849b6b6,AMD EPYC 9V74,IndelBenchmarks,Length=8,Distance_Utf16,1.0
2026-09-01,7f4b67f36418eeb64123c90433169a72a849b6b6,AMD EPYC 9V74,IndelBenchmarks,Length=8,Distance_CodePoint,4.47
2026-09-01,7f4b67f36418eeb64123c90433169a72a849b6b6,AMD EPYC 9V74,IndelBenchmarks,Length=8,NormalizedSimilarity_Utf16,1.0
2026-09-01,7f4b67f36418eeb64123c90433169a72a849b6b6,AMD EPYC 9V74,IndelBenchmarks,Length=8,SubsequenceLength_Utf16,0.97
2026-09-01,7f4b67f36418eeb64123c90433169a72a849b6b6,AMD EPYC 9V74,IndelBenchmarks,Length=12,Distance_Utf16,1.0
2026-09-01,7f4b67f36418eeb64123c90433169a72a849b6b6,AMD EPYC 9V74,IndelBenchmarks,Length=12,Distance_CodePoint,4.36
2026-09-01,7f4b67f36418eeb64123c90433169a72a849b6b6,AMD EPYC 9V74,IndelBenchmarks,Length=12,NormalizedSimilarity_Utf16,1.01
2026-09-01,7f4b67f36418eeb64123c90433169a72a849b6b6,AMD EPYC 9V74,IndelBenchmarks,Length=12,SubsequenceLength_Utf16,0.98
2026-09-01,7f4b67f36418eeb64123c90433169a72a849b6b6,AMD EPYC 9V74,IndelBenchmarks,Length=16,Distance_Utf16,1.0
2026-09-01,7f4b67f36418eeb64123c90433169a72a849b6b6,AMD EPYC 9V74,IndelBenchmarks,Length=16,Distance_CodePoint,4.33
2026-09-01,7f4b67f36418eeb64123c90433169a72a849b6b6,AMD EPYC 9V74,IndelBenchmarks,Length=16,NormalizedSimilarity_Utf16,1.08
2026-09-01,7f4b67f36418eeb64123c90433169a72a849b6b6,AMD EPYC 9V74,IndelBenchmarks,Length=16,SubsequenceLength_Utf16,1.0
2026-09-01,7f4b67f36418eeb64123c90433169a72a849b6b6,AMD EPYC 9V74,IndelBenchmarks,Length=20,Distance_Utf16,1.0
2026-09-01,7f4b67f36418eeb64123c90433169a72a849b6b6,AMD EPYC 9V74,IndelBenchmarks,Length=20,Distance_CodePoint,4.92
2026-09-01,7f4b67f36418eeb64123c90433169a72a849b6b6,AMD EPYC 9V74,IndelBenchmarks,Length=20,NormalizedSimilarity_Utf16,1.04
2026-09-01,7f4b67f36418eeb64123c90433169a72a849b6b6,AMD EPYC 9V74,IndelBenchmarks,Length=20,SubsequenceLength_Utf16,1.02
2026-09-01,7f4b67f36418eeb64123c90433169a72a849b6b6,AMD EPYC 9V74,IndelBenchmarks,Length=24,Distance_Utf16,1.0
2026-09-01,7f4b67f36418eeb64123c90433169a72a849b6b6,AMD EPYC 9V74,IndelBenchmarks,Length=24,Distance_CodePoint,14.93
2026-09-01,7f4b67f36418eeb64123c90433169a72a849b6b6,AMD EPYC 9V74,IndelBenchmarks,Length=24,NormalizedSimilarity_Utf16,1.08
2026-09-01,7f4b67f36418eeb64123c90433169a72a849b6b6,AMD EPYC 9V74,IndelBenchmarks,Length=24,SubsequenceLength_Utf16,1.07
2026-09-01,7f4b67f36418eeb64123c90433169a72a849b6b6,AMD EPYC 9V74,IndelBenchmarks,Length=32,Distance_Utf16,1.0
2026-09-01,7f4b67f36418eeb64123c90433169a72a849b6b6,AMD EPYC 9V74,IndelBenchmarks,Length=32,Distance_CodePoint,15.05
2026-09-01,7f4b67f36418eeb64123c90433169a72a849b6b6,AMD EPYC 9V74,IndelBenchmarks,Length=32,NormalizedSimilarity_Utf16,1.06
2026-09-01,7f4b67f36418eeb64123c90433169a72a849b6b6,AMD EPYC 9V74,IndelBenchmarks,Length=32,SubsequenceLength_Utf16,1.0
2026-09-01,7f4b67f36418eeb64123c90433169a72a849b6b6,AMD EPYC 9V74,IndelBenchmarks,Length=128,Distance_Utf16,1.0
2026-09-01,7f4b67f36418eeb64123c90433169a72a849b6b6,AMD EPYC 9V74,IndelBenchmarks,Length=128,Distance_CodePoint,20.79
2026-09-01,7f4b67f36418eeb64123c90433169a72a849b6b6,AMD EPYC 9V74,IndelBenchmarks,Length=128,NormalizedSimilarity_Utf16,1.04
2026-09-01,7f4b67f36418eeb64123c90433169a72a849b6b6,AMD EPYC 9V74,IndelBenchmarks,Length=128,SubsequenceLength_Utf16,1.0
2026-09-01,7f4b67f36418eeb64123c90433169a72a849b6b6,AMD EPYC 9V74,IndelBenchmarks,Length=512,Distance_Utf16,1.0
2026-09-01,7f4b67f36418eeb64123c90433169a72a849b6b6,AMD EPYC 9V74,IndelBenchmarks,Length=512,Distance_CodePoint,41.51
2026-09-01,7f4b67f36418eeb64123c90433169a72a849b6b6,AMD EPYC 9V74,IndelBenchmarks,Length=512,NormalizedSimilarity_Utf16,1.0
2026-09-01,7f4b67f36418eeb64123c90433169a72a849b6b6,AMD EPYC 9V74,IndelBenchmarks,Length=512,SubsequenceLength_Utf16,1.01
2026-09-01,7f4b67f36418eeb64123c90433169a72a849b6b6,AMD EPYC 9V74,LcsGateBenchmarks,Band=8,Dp,1.0
2026-09-01,7f4b67f36418eeb64123c90433169a72a849b6b6,AMD EPYC 9V74,LcsGateBenchmarks,Band=8,Kernel,0.46
2026-09-01,7f4b67f36418eeb64123c90433169a72a849b6b6,AMD EPYC 9V74,LcsGateBenchmarks,Band=8,Dp_Cjk,1.0
2026-09-01,7f4b67f36418eeb64123c90433169a72a849b6b6,AMD EPYC 9V74,LcsGateBenchmarks,Band=8,Kernel_Cjk,0.82
2026-09-01,7f4b67f36418eeb64123c90433169a72a849b6b6,AMD EPYC 9V74,LcsGateBenchmarks,Band=12,Dp,1.0
2026-09-01,7f4b67f36418eeb64123c90433169a72a849b6b6,AMD EPYC 9V74,LcsGateBenchmarks,Band=12,Kernel,0.31
2026-09-01,7f4b67f36418eeb64123c90433169a72a849b6b6,AMD EPYC 9V74,LcsGateBenchmarks,Band=12,Dp_Cjk,1.0
2026-09-01,7f4b67f36418eeb64123c90433169a72a849b6b6,AMD EPYC 9V74,LcsGateBenchmarks,Band=12,Kernel_Cjk,0.54
2026-09-01,7f4b67f36418eeb64123c90433169a72a849b6b6,AMD EPYC 9V74,LcsGateBenchmarks,Band=14,Dp,1.0
2026-09-01,7f4b67f36418eeb64123c90433169a72a849b6b6,AMD EPYC 9V74,LcsGateBenchmarks,Band=14,Kernel,0.25
2026-09-01,7f4b67f36418eeb64123c90433169a72a849b6b6,AMD EPYC 9V74,LcsGateBenchmarks,Band=14,Dp_Cjk,0.97
2026-09-01,7f4b67f36418eeb64123c90433169a72a849b6b6,AMD EPYC 9V74,LcsGateBenchmarks,Band=14,Kernel_Cjk,0.42
2026-09-01,7f4b67f36418eeb64123c90433169a72a849b6b6,AMD EPYC 9V74,LcsGateBenchmarks,Band=16,Dp,1.0
2026-09-01,7f4b67f36418eeb64123c90433169a72a849b6b6,AMD EPYC 9V74,LcsGateBenchmarks,Band=16,Kernel,0.2
2026-09-01,7f4b67f36418eeb64123c90433169a72a849b6b6,AMD EPYC 9V74,LcsGateBenchmarks,Band=16,Dp_Cjk,1.0
2026-09-01,7f4b67f36418eeb64123c90433169a72a849b6b6,AMD EPYC 9V74,LcsGateBenchmarks,Band=16,Kernel_Cjk,0.35
2026-09-01,7f4b67f36418eeb64123c90433169a72a849b6b6,AMD EPYC 9V74,LcsGateBenchmarks,Band=18,Dp,1.0
2026-09-01,7f4b67f36418eeb64123c90433169a72a849b6b6,AMD EPYC 9V74,LcsGateBenchmarks,Band=18,Kernel,0.12
2026-09-01,7f4b67f36418eeb64123c90433169a72a849b6b6,AMD EPYC 9V74,LcsGateBenchmarks,Band=18,Dp_Cjk,1.02
2026-09-01,7f4b67f36418eeb64123c90433169a72a849b6b6,AMD EPYC 9V74,LcsGateBenchmarks,Band=18,Kernel_Cjk,0.19
2026-09-01,7f4b67f36418eeb64123c90433169a72a849b6b6,AMD EPYC 9V74,LcsGateBenchmarks,Band=20,Dp,1.0
2026-09-01,7f4b67f36418eeb64123c90433169a72a849b6b6,AMD EPYC 9V74,LcsGateBenchmarks,Band=20,Kernel,0.11
2026-09-01,7f4b67f36418eeb64123c90433169a72a849b6b6,AMD EPYC 9V74,LcsGateBenchmarks,Band=20,Dp_Cjk,1.0
2026-09-01,7f4b67f36418eeb64123c90433169a72a849b6b6,AMD EPYC 9V74,LcsGateBenchmarks,Band=20,Kernel_Cjk,0.17
2026-09-01,7f4b67f36418eeb64123c90433169a72a849b6b6,AMD EPYC 9V74,LcsGateBenchmarks,Band=24,Dp,1.0
2026-09-01,7f4b67f36418eeb64123c90433169a72a849b6b6,AMD EPYC 9V74,LcsGateBenchmarks,Band=24,Kernel,0.1
2026-09-01,7f4b67f36418eeb64123c90433169a72a849b6b6,AMD EPYC 9V74,LcsGateBenchmarks,Band=24,Dp_Cjk,1.0
2026-09-01,7f4b67f36418eeb64123c90433169a72a849b6b6,AMD EPYC 9V74,LcsGateBenchmarks,Band=24,Kernel_Cjk,0.15
2026-09-01,7f4b67f36418eeb64123c90433169a72a849b6b6,AMD EPYC 9V74,LcsGateBenchmarks,Band=32,Dp,1.0
2026-09-01,7f4b67f36418eeb64123c90433169a72a849b6b6,AMD EPYC 9V74,LcsGateBenchmarks,Band=32,Kernel,0.07
2026-09-01,7f4b67f36418eeb64123c90433169a72a849b6b6,AMD EPYC 9V74,LcsGateBenchmarks,Band=32,Dp_Cjk,1.01
2026-09-01,7f4b67f36418eeb64123c90433169a72a849b6b6,AMD EPYC 9V74,LcsGateBenchmarks,Band=32,Kernel_Cjk,0.11
2026-09-01,7f4b67f36418eeb64123c90433169a72a849b6b6,AMD EPYC 9V74,LcsGateBenchmarks,Band=48,Dp,1.0
2026-09-01,7f4b67f36418eeb64123c90433169a72a849b6b6,AMD EPYC 9V74,LcsGateBenchmarks,Band=48,Kernel,0.05
2026-09-01,7f4b67f36418eeb64123c90433169a72a849b6b6,AMD EPYC 9V74,LcsGateBenchmarks,Band=48,Dp_Cjk,1.05
2026-09-01,7f4b67f36418eeb64123c90433169a72a849b6b6,AMD EPYC 9V74,LcsGateBenchmarks,Band=48,Kernel_Cjk,0.08
2026-09-01,7f4b67f36418eeb64123c90433169a72a849b6b6,AMD EPYC 9V74,LcsGateBenchmarks,Band=64,Dp,1.0
2026-09-01,7f4b67f36418eeb64123c90433169a72a849b6b6,AMD EPYC 9V74,LcsGateBenchmarks,Band=64,Kernel,0.03
2026-09-01,7f4b67f36418eeb64123c90433169a72a849b6b6,AMD EPYC 9V74,LcsGateBenchmarks,Band=64,Dp_Cjk,0.99
2026-09-01,7f4b67f36418eeb64123c90433169a72a849b6b6,AMD EPYC 9V74,LcsGateBenchmarks,Band=64,Kernel_Cjk,0.06
2026-09-01,7f4b67f36418eeb64123c90433169a72a849b6b6,AMD EPYC 9V74,LcsGateBenchmarks,Band=96,Dp,1.0
2026-09-01,7f4b67f36418eeb64123c90433169a72a849b6b6,AMD EPYC 9V74,LcsGateBenchmarks,Band=96,Kernel,0.07
2026-09-01,7f4b67f36418eeb64123c90433169a72a849b6b6,AMD EPYC 9V74,LcsGateBenchmarks,Band=96,Dp_Cjk,0.99
2026-09-01,7f4b67f36418eeb64123c90433169a72a849b6b6,AMD EPYC 9V74,LcsGateBenchmarks,Band=96,Kernel_Cjk,0.1
2026-09-01,7f4b67f36418eeb64123c90433169a72a849b6b6,AMD EPYC 9V74,LevenshteinBenchmarks,Length=8,Distance_Utf16,1.0
2026-09-01,7f4b67f36418eeb64123c90433169a72a849b6b6,AMD EPYC 9V74,LevenshteinBenchmarks,Length=8,Distance_CodePoint,5.06
2026-09-01,7f4b67f36418eeb64123c90433169a72a849b6b6,AMD EPYC 9V74,LevenshteinBenchmarks,Length=8,NormalizedSimilarity_Utf16,0.99
2026-09-01,7f4b67f36418eeb64123c90433169a72a849b6b6,AMD EPYC 9V74,LevenshteinBenchmarks,Length=64,Distance_Utf16,1.0
2026-09-01,7f4b67f36418eeb64123c90433169a72a849b6b6,AMD EPYC 9V74,LevenshteinBenchmarks,Length=64,Distance_CodePoint,2.34
2026-09-01,7f4b67f36418eeb64123c90433169a72a849b6b6,AMD EPYC 9V74,LevenshteinBenchmarks,Length=64,NormalizedSimilarity_Utf16,1.0
2026-09-01,7f4b67f36418eeb64123c90433169a72a849b6b6,AMD EPYC 9V74,LevenshteinBenchmarks,Length=512,Distance_Utf16,1.0
2026-09-01,7f4b67f36418eeb64123c90433169a72a849b6b6,AMD EPYC 9V74,LevenshteinBenchmarks,Length=512,Distance_CodePoint,1.11
2026-09-01,7f4b67f36418eeb64123c90433169a72a849b6b6,AMD EPYC 9V74,LevenshteinBenchmarks,Length=512,NormalizedSimilarity_Utf16,0.96
2026-09-01,7f4b67f36418eeb64123c90433169a72a849b6b6,AMD EPYC 9V74,LevenshteinCodePointBenchmarks,"Length=16, Distinct=32",Distance_CodePoint,1.0
2026-09-01,7f4b67f36418eeb64123c90433169a72a849b6b6,AMD EPYC 9V74,LevenshteinCodePointBenchmarks,"Length=16, Distinct=32",Distance_Utf16,0.75
2026-09-01,7f4b67f36418eeb64123c90433169a72a849b6b6,AMD EPYC 9V74,LevenshteinCodePointBenchmarks,"Length=16, Distinct=512",Distance_CodePoint,1.0
2026-09-01,7f4b67f36418eeb64123c90433169a72a849b6b6,AMD EPYC 9V74,LevenshteinCodePointBenchmarks,"Length=16, Distinct=512",Distance_Utf16,0.73
2026-09-01,7f4b67f36418eeb64123c90433169a72a849b6b6,AMD EPYC 9V74,LevenshteinCodePointBenchmarks,"Length=24, Distinct=32",Distance_CodePoint,1.0
2026-09-01,7f4b67f36418eeb64123c90433169a72a849b6b6,AMD EPYC 9V74,LevenshteinCodePointBenchmarks,"Length=24, Distinct=32",Distance_Utf16,0.77
2026-09-01,7f4b67f36418eeb64123c90433169a72a849b6b6,AMD EPYC 9V74,LevenshteinCodePointBenchmarks,"Length=24, Distinct=512",Distance_CodePoint,1.0
2026-09-01,7f4b67f36418eeb64123c90433169a72a849b6b6,AMD EPYC 9V74,LevenshteinCodePointBenchmarks,"Length=24, Distinct=512",Distance_Utf16,0.8
2026-09-01,7f4b67f36418eeb64123c90433169a72a849b6b6,AMD EPYC 9V74,LevenshteinCodePointBenchmarks,"Length=32, Distinct=32",Distance_CodePoint,1.0
2026-09-01,7f4b67f36418eeb64123c90433169a72a849b6b6,AMD EPYC 9V74,LevenshteinCodePointBenchmarks,"Length=32, Distinct=32",Distance_Utf16,0.83
2026-09-01,7f4b67f36418eeb64123c90433169a72a849b6b6,AMD EPYC 9V74,LevenshteinCodePointBenchmarks,"Length=32, Distinct=512",Distance_CodePoint,1.0
2026-09-01,7f4b67f36418eeb64123c90433169a72a849b6b6,AMD EPYC 9V74,LevenshteinCodePointBenchmarks,"Length=32, Distinct=512",Distance_Utf16,0.82
2026-09-01,7f4b67f36418eeb64123c90433169a72a849b6b6,AMD EPYC 9V74,LevenshteinCodePointBenchmarks,"Length=40, Distinct=32",Distance_CodePoint,1.0
2026-09-01,7f4b67f36418eeb64123c90433169a72a849b6b6,AMD EPYC 9V74,LevenshteinCodePointBenchmarks,"Length=40, Distinct=32",Distance_Utf16,2.08
2026-09-01,7f4b67f36418eeb64123c90433169a72a849b6b6,AMD EPYC 9V74,LevenshteinCodePointBenchmarks,"Length=40, Distinct=512",Distance_CodePoint,1.0
2026-09-01,7f4b67f36418eeb64123c90433169a72a849b6b6,AMD EPYC 9V74,LevenshteinCodePointBenchmarks,"Length=40, Distinct=512",Distance_Utf16,2.06
2026-09-01,7f4b67f36418eeb64123c90433169a72a849b6b6,AMD EPYC 9V74,LevenshteinCodePointBenchmarks,"Length=128, Distinct=32",Distance_CodePoint,1.0
2026-09-01,7f4b67f36418eeb64123c90433169a72a849b6b6,AMD EPYC 9V74,LevenshteinCodePointBenchmarks,"Length=128, Distinct=32",Distance_Utf16,2.27
2026-09-01,7f4b67f36418eeb64123c90433169a72a849b6b6,AMD EPYC 9V74,LevenshteinCodePointBenchmarks,"Length=128, Distinct=512",Distance_CodePoint,1.0
2026-09-01,7f4b67f36418eeb64123c90433169a72a849b6b6,AMD EPYC 9V74,LevenshteinCodePointBenchmarks,"Length=128, Distinct=512",Distance_Utf16,2.2
2026-09-01,7f4b67f36418eeb64123c90433169a72a849b6b6,AMD EPYC 9V74,LevenshteinCodePointBenchmarks,"Length=512, Distinct=32",Distance_CodePoint,1.0
2026-09-01,7f4b67f36418eeb64123c90433169a72a849b6b6,AMD EPYC 9V74,LevenshteinCodePointBenchmarks,"Length=512, Distinct=32",Distance_Utf16,3.27
2026-09-01,7f4b67f36418eeb64123c90433169a72a849b6b6,AMD EPYC 9V74,LevenshteinCodePointBenchmarks,"Length=512, Distinct=512",Distance_CodePoint,1.0
2026-09-01,7f4b67f36418eeb64123c90433169a72a849b6b6,AMD EPYC 9V74,LevenshteinCodePointBenchmarks,"Length=512, Distinct=512",Distance_Utf16,0.15
2026-09-01,7f4b67f36418eeb64123c90433169a72a849b6b6,AMD EPYC 9V74,LevenshteinIncumbentBenchmarks,Length=8,Lodestar,1.0
2026-09-01,7f4b67f36418eeb64123c90433169a72a849b6b6,AMD EPYC 9V74,LevenshteinIncumbentBenchmarks,Length=8,Fastenshtein,3.02
2026-09-01,7f4b67f36418eeb64123c90433169a72a849b6b6,AMD EPYC 9V74,LevenshteinIncumbentBenchmarks,Length=8,Quickenshtein,3.04
2026-09-01,7f4b67f36418eeb64123c90433169a72a849b6b6,AMD EPYC 9V74,LevenshteinIncumbentBenchmarks,Length=8,F23_StringSimilarity,6.26
2026-09-01,7f4b67f36418eeb64123c90433169a72a849b6b6,AMD EPYC 9V74,LevenshteinIncumbentBenchmarks,Length=64,Lodestar,1.0
2026-09-01,7f4b67f36418eeb64123c90433169a72a849b6b6,AMD EPYC 9V74,LevenshteinIncumbentBenchmarks,Length=64,Fastenshtein,17.47
2026-09-01,7f4b67f36418eeb64123c90433169a72a849b6b6,AMD EPYC 9V74,LevenshteinIncumbentBenchmarks,Length=64,Quickenshtein,4.35
2026-09-01,7f4b67f36418eeb64123c90433169a72a849b6b6,AMD EPYC 9V74,LevenshteinIncumbentBenchmarks,Length=64,F23_StringSimilarity,29.49
2026-09-01,7f4b67f36418eeb64123c90433169a72a849b6b6,AMD EPYC 9V74,LevenshteinIncumbentBenchmarks,Length=512,Lodestar,1.0
2026-09-01,7f4b67f36418eeb64123c90433169a72a849b6b6,AMD EPYC 9V74,LevenshteinIncumbentBenchmarks,Length=512,Fastenshtein,26.34
2026-09-01,7f4b67f36418eeb64123c90433169a72a849b6b6,AMD EPYC 9V74,LevenshteinIncumbentBenchmarks,Length=512,Quickenshtein,2.22
2026-09-01,7f4b67f36418eeb64123c90433169a72a849b6b6,AMD EPYC 9V74,LevenshteinIncumbentBenchmarks,Length=512,F23_StringSimilarity,51.04
2026-09-01,7f4b67f36418eeb64123c90433169a72a849b6b6,AMD EPYC 9V74,MetricsIncumbentBenchmarks,"Samples=100000, Request=Bundle",Lodestar,1.0
2026-09-01,7f4b67f36418eeb64123c90433169a72a849b6b6,AMD EPYC 9V74,MetricsIncumbentBenchmarks,"Samples=100000, Request=Bundle",MlNet,5.23
2026-09-01,7f4b67f36418eeb64123c90433169a72a849b6b6,AMD EPYC 9V74,MetricsIncumbentBenchmarks,"Samples=100000, Request=AccuracyAlone",Lodestar,1.0
2026-09-01,7f4b67f36418eeb64123c90433169a72a849b6b6,AMD EPYC 9V74,MetricsIncumbentBenchmarks,"Samples=100000, Request=AccuracyAlone",MlNet,313.32
2026-09-01,7f4b67f36418eeb64123c90433169a72a849b6b6,AMD EPYC 9V74,MetricsIncumbentBenchmarks,"Samples=1000000, Request=Bundle",Lodestar,1.0
2026-09-01,7f4b67f36418eeb64123c90433169a72a849b6b6,AMD EPYC 9V74,MetricsIncumbentBenchmarks,"Samples=1000000, Request=Bundle",MlNet,2.45
2026-09-01,7f4b67f36418eeb64123c90433169a72a849b6b6,AMD EPYC 9V74,MetricsIncumbentBenchmarks,"Samples=1000000, Request=AccuracyAlone",Lodestar,1.0
2026-09-01,7f4b67f36418eeb64123c90433169a72a849b6b6,AMD EPYC 9V74,MetricsIncumbentBenchmarks,"Samples=1000000, Request=AccuracyAlone",MlNet,85.26
2026-09-01,7f4b67f36418eeb64123c90433169a72a849b6b6,AMD EPYC 9V74,MyersGateBenchmarks,Band=4,Dp,1.0
2026-09-01,7f4b67f36418eeb64123c90433169a72a849b6b6,AMD EPYC 9V74,MyersGateBenchmarks,Band=4,Kernel,0.98
2026-09-01,7f4b67f36418eeb64123c90433169a72a849b6b6,AMD EPYC 9V74,MyersGateBenchmarks,Band=4,Dp_Cjk,1.01
2026-09-01,7f4b67f36418eeb64123c90433169a72a849b6b6,AMD EPYC 9V74,MyersGateBenchmarks,Band=4,Kernel_Cjk,0.99
2026-09-01,7f4b67f36418eeb64123c90433169a72a849b6b6,AMD EPYC 9V74,MyersGateBenchmarks,Band=6,Dp,1.0
2026-09-01,7f4b67f36418eeb64123c90433169a72a849b6b6,AMD EPYC 9V74,MyersGateBenchmarks,Band=6,Kernel,0.72
2026-09-01,7f4b67f36418eeb64123c90433169a72a849b6b6,AMD EPYC 9V74,MyersGateBenchmarks,Band=6,Dp_Cjk,1.0
2026-09-01,7f4b67f36418eeb64123c90433169a72a849b6b6,AMD EPYC 9V74,MyersGateBenchmarks,Band=6,Kernel_Cjk,1.2
2026-09-01,7f4b67f36418eeb64123c90433169a72a849b6b6,AMD EPYC 9V74,MyersGateBenchmarks,Band=8,Dp,1.0
2026-09-01,7f4b67f36418eeb64123c90433169a72a849b6b6,AMD EPYC 9V74,MyersGateBenchmarks,Band=8,Kernel,0.64
2026-09-01,7f4b67f36418eeb64123c90433169a72a849b6b6,AMD EPYC 9V74,MyersGateBenchmarks,Band=8,Dp_Cjk,1.02
2026-09-01,7f4b67f36418eeb64123c90433169a72a849b6b6,AMD EPYC 9V74,MyersGateBenchmarks,Band=8,Kernel_Cjk,1.28
2026-09-01,7f4b67f36418eeb64123c90433169a72a849b6b6,AMD EPYC 9V74,MyersGateBenchmarks,Band=10,Dp,1.0
2026-09-01,7f4b67f36418eeb64123c90433169a72a849b6b6,AMD EPYC 9V74,MyersGateBenchmarks,Band=10,Kernel,0.52
2026-09-01,7f4b67f36418eeb64123c90433169a72a849b6b6,AMD EPYC 9V74,MyersGateBenchmarks,Band=10,Dp_Cjk,1.0
2026-09-01,7f4b67f36418eeb64123c90433169a72a849b6b6,AMD EPYC 9V74,MyersGateBenchmarks,Band=10,Kernel_Cjk,0.9
2026-09-01,7f4b67f36418eeb64123c90433169a72a849b6b6,AMD EPYC 9V74,MyersGateBenchmarks,Band=12,Dp,1.0
2026-09-01,7f4b67f36418eeb64123c90433169a72a849b6b6,AMD EPYC 9V74,MyersGateBenchmarks,Band=12,Kernel,0.44
2026-09-01,7f4b67f36418eeb64123c90433169a72a849b6b6,AMD EPYC 9V74,MyersGateBenchmarks,Band=12,Dp_Cjk,1.01
2026-09-01,7f4b67f36418eeb64123c90433169a72a849b6b6,AMD EPYC 9V74,MyersGateBenchmarks,Band=12,Kernel_Cjk,0.67
2026-09-01,7f4b67f36418eeb64123c90433169a72a849b6b6,AMD EPYC 9V74,MyersGateBenchmarks,Band=16,Dp,1.0
2026-09-01,7f4b67f36418eeb64123c90433169a72a849b6b6,AMD EPYC 9V74,MyersGateBenchmarks,Band=16,Kernel,0.33
2026-09-01,7f4b67f36418eeb64123c90433169a72a849b6b6,AMD EPYC 9V74,MyersGateBenchmarks,Band=16,Dp_Cjk,0.99
2026-09-01,7f4b67f36418eeb64123c90433169a72a849b6b6,AMD EPYC 9V74,MyersGateBenchmarks,Band=16,Kernel_Cjk,0.46
2026-09-01,7f4b67f36418eeb64123c90433169a72a849b6b6,AMD EPYC 9V74,MyersGateBenchmarks,Band=24,Dp,1.0
2026-09-01,7f4b67f36418eeb64123c90433169a72a849b6b6,AMD EPYC 9V74,MyersGateBenchmarks,Band=24,Kernel,0.21
2026-09-01,7f4b67f36418eeb64123c90433169a72a849b6b6,AMD EPYC 9V74,MyersGateBenchmarks,Band=24,Dp_Cjk,1.0
2026-09-01,7f4b67f36418eeb64123c90433169a72a849b6b6,AMD EPYC 9V74,MyersGateBenchmarks,Band=24,Kernel_Cjk,0.28
2026-09-01,7f4b67f36418eeb64123c90433169a72a849b6b6,AMD EPYC 9V74,MyersGateBenchmarks,Band=32,Dp,1.0
2026-09-01,7f4b67f36418eeb64123c90433169a72a849b6b6,AMD EPYC 9V74,MyersGateBenchmarks,Band=32,Kernel,0.15
2026-09-01,7f4b67f36418eeb64123c90433169a72a849b6b6,AMD EPYC 9V74,MyersGateBenchmarks,Band=32,Dp_Cjk,0.99
2026-09-01,7f4b67f36418eeb64123c90433169a72a849b6b6,AMD EPYC 9V74,MyersGateBenchmarks,Band=32,Kernel_Cjk,0.2
2026-09-01,7f4b67f36418eeb64123c90433169a72a849b6b6,AMD EPYC 9V74,MyersGateBenchmarks,Band=48,Dp,1.0
2026-09-01,7f4b67f36418eeb64123c90433169a72a849b6b6,AMD EPYC 9V74,MyersGateBenchmarks,Band=48,Kernel,0.09
2026-09-01,7f4b67f36418eeb64123c90433169a72a849b6b6,AMD EPYC 9V74,MyersGateBenchmarks,Band=48,Dp_Cjk,1.04
2026-09-01,7f4b67f36418eeb64123c90433169a72a849b6b6,AMD EPYC 9V74,MyersGateBenchmarks,Band=48,Kernel_Cjk,0.12
2026-09-01,7f4b67f36418eeb64123c90433169a72a849b6b6,AMD EPYC 9V74,MyersGateBenchmarks,Band=64,Dp,1.0
2026-09-01,7f4b67f36418eeb64123c90433169a72a849b6b6,AMD EPYC 9V74,MyersGateBenchmarks,Band=64,Kernel,0.07
2026-09-01,7f4b67f36418eeb64123c90433169a72a849b6b6,AMD EPYC 9V74,MyersGateBenchmarks,Band=64,Dp_Cjk,1.0
2026-09-01,7f4b67f36418eeb64123c90433169a72a849b6b6,AMD EPYC 9V74,MyersGateBenchmarks,Band=64,Kernel_Cjk,0.09
2026-09-01,7f4b67f36418eeb64123c90433169a72a849b6b6,AMD EPYC 9V74,MyersGateBenchmarks,Band=96,Dp,1.0
2026-09-01,7f4b67f36418eeb64123c90433169a72a849b6b6,AMD EPYC 9V74,MyersGateBenchmarks,Band=96,Kernel,0.1
2026-09-01,7f4b67f36418eeb64123c90433169a72a849b6b6,AMD EPYC 9V74,MyersGateBenchmarks,Band=96,Dp_Cjk,1.03
2026-09-01,7f4b67f36418eeb64123c90433169a72a849b6b6,AMD EPYC 9V74,MyersGateBenchmarks,Band=96,Kernel_Cjk,0.13
2026-09-01,7f4b67f36418eeb64123c90433169a72a849b6b6,AMD EPYC 9V74,StopWordBenchmarks,Documents=200,Count,1.0
2026-09-01,7f4b67f36418eeb64123c90433169a72a849b6b6,AMD EPYC 9V74,StopWordBenchmarks,Documents=200,CountWithStopWords,0.83
2026-09-01,7f4b67f36418eeb64123c90433169a72a849b6b6,AMD EPYC 9V74,StopWordBenchmarks,Documents=200,Hashing,0.99
2026-09-01,7f4b67f36418eeb64123c90433169a72a849b6b6,AMD EPYC 9V74,StopWordBenchmarks,Documents=200,HashingWithStopWords,0.87
2026-09-01,7f4b67f36418eeb64123c90433169a72a849b6b6,AMD EPYC 9V74,StopWordBenchmarks,Documents=1000,Count,1.0
2026-09-01,7f4b67f36418eeb64123c90433169a72a849b6b6,AMD EPYC 9V74,StopWordBenchmarks,Documents=1000,CountWithStopWords,0.76
2026-09-01,7f4b67f36418eeb64123c90433169a72a849b6b6,AMD EPYC 9V74,StopWordBenchmarks,Documents=1000,Hashing,0.94
2026-09-01,7f4b67f36418eeb64123c90433169a72a849b6b6,AMD EPYC 9V74,StopWordBenchmarks,Documents=1000,HashingWithStopWords,0.8
2026-09-01,7f4b67f36418eeb64123c90433169a72a849b6b6,AMD EPYC 9V74,TokenizerIncumbentBenchmarks,Model=WordPiece,Lodestar,1.0
2026-09-01,7f4b67f36418eeb64123c90433169a72a849b6b6,AMD EPYC 9V74,TokenizerIncumbentBenchmarks,Model=WordPiece,MlTokenizers,0.83
2026-09-01,7f4b67f36418eeb64123c90433169a72a849b6b6,AMD EPYC 9V74,TokenizerIncumbentBenchmarks,Model=SentencePiece,Lodestar,1.0
2026-09-01,7f4b67f36418eeb64123c90433169a72a849b6b6,AMD EPYC 9V74,TokenizerIncumbentBenchmarks,Model=SentencePiece,MlTokenizers,0.15
2026-09-01,7f4b67f36418eeb64123c90433169a72a849b6b6,AMD EPYC 9V74,VectorMathBenchmarks,Dim=384,Dot,1.0
2026-09-01,7f4b67f36418eeb64123c90433169a72a849b6b6,AMD EPYC 9V74,VectorMathBenchmarks,Dim=384,L2Norm,0.95
2026-09-01,7f4b67f36418eeb64123c90433169a72a849b6b6,AMD EPYC 9V74,VectorMathBenchmarks,Dim=768,Dot,1.0
2026-09-01,7f4b67f36418eeb64123c90433169a72a849b6b6,AMD EPYC 9V74,VectorMathBenchmarks,Dim=768,L2Norm,0.92
2026-09-01,7f4b67f36418eeb64123c90433169a72a849b6b6,AMD EPYC 9V74,VectorMathBenchmarks,Dim=1024,Dot,1.0
2026-09-01,7f4b67f36418eeb64123c90433169a72a849b6b6,AMD EPYC 9V74,VectorMathBenchmarks,Dim=1024,L2Norm,0.94
2026-09-01,7f4b67f36418eeb64123c90433169a72a849b6b6,AMD EPYC 9V74,VectorizerBenchmarks,Documents=200,Count,1.0
2026-09-01,7f4b67f36418eeb64123c90433169a72a849b6b6,AMD EPYC 9V74,VectorizerBenchmarks,Documents=200,Tfidf,1.08
2026-09-01,7f4b67f36418eeb64123c90433169a72a849b6b6,AMD EPYC 9V74,VectorizerBenchmarks,Documents=200,CountBigrams,1.31
2026-09-01,7f4b67f36418eeb64123c90433169a72a849b6b6,AMD EPYC 9V74,VectorizerBenchmarks,Documents=200,Hashing,1.03
2026-09-01,7f4b67f36418eeb64123c90433169a72a849b6b6,AMD EPYC 9V74,VectorizerBenchmarks,Documents=1000,Count,1.0
2026-09-01,7f4b67f36418eeb64123c90433169a72a849b6b6,AMD EPYC 9V74,VectorizerBenchmarks,Documents=1000,Tfidf,1.02
2026-09-01,7f4b67f36418eeb64123c90433169a72a849b6b6,AMD EPYC 9V74,VectorizerBenchmarks,Documents=1000,CountBigrams,1.63
2026-09-01,7f4b67f36418eeb64123c90433169a72a849b6b6,AMD EPYC 9V74,VectorizerBenchmarks,Documents=1000,Hashing,0.99
2026-09-01,7f4b67f36418eeb64123c90433169a72a849b6b6,AMD EPYC 9V74,VectorizerIncumbentBenchmarks,Documents=200,Lodestar,1.0
2026-09-01,7f4b67f36418eeb64123c90433169a72a849b6b6,AMD EPYC 9V74,VectorizerIncumbentBenchmarks,Documents=200,MlNet,6.89
2026-09-01,7f4b67f36418eeb64123c90433169a72a849b6b6,AMD EPYC 9V74,VectorizerIncumbentBenchmarks,Documents=1000,Lodestar,1.0
2026-09-01,7f4b67f36418eeb64123c90433169a72a849b6b6,AMD EPYC 9V74,VectorizerIncumbentBenchmarks,Documents=1000,MlNet,14.58
2026-09-02,61c67f300c69292b5f2743f80508b1e0903991f6,AMD EPYC 7763,BatchEmbeddingBenchmarks,CorpusSize=1,UnitLoop,1.0
2026-09-02,61c67f300c69292b5f2743f80508b1e0903991f6,AMD EPYC 7763,BatchEmbeddingBenchmarks,CorpusSize=1,EmbedBatch,0.98
2026-09-02,61c67f300c69292b5f2743f80508b1e0903991f6,AMD EPYC 7763,BatchEmbeddingBenchmarks,CorpusSize=1,EmbedBatchBucketed,0.99
2026-09-02,61c67f300c69292b5f2743f80508b1e0903991f6,AMD EPYC 7763,BatchEmbeddingBenchmarks,CorpusSize=8,UnitLoop,1.0
2026-09-02,61c67f300c69292b5f2743f80508b1e0903991f6,AMD EPYC 7763,BatchEmbeddingBenchmarks,CorpusSize=8,EmbedBatch,0.58
2026-09-02,61c67f300c69292b5f2743f80508b1e0903991f6,AMD EPYC 7763,BatchEmbeddingBenchmarks,CorpusSize=8,EmbedBatchBucketed,0.57
2026-09-02,61c67f300c69292b5f2743f80508b1e0903991f6,AMD EPYC 7763,BatchEmbeddingBenchmarks,CorpusSize=32,UnitLoop,1.0
2026-09-02,61c67f300c69292b5f2743f80508b1e0903991f6,AMD EPYC 7763,BatchEmbeddingBenchmarks,CorpusSize=32,EmbedBatch,0.55
2026-09-02,61c67f300c69292b5f2743f80508b1e0903991f6,AMD EPYC 7763,BatchEmbeddingBenchmarks,CorpusSize=32,EmbedBatchBucketed,0.53
2026-09-02,61c67f300c69292b5f2743f80508b1e0903991f6,AMD EPYC 7763,BatchEmbeddingBenchmarks,CorpusSize=128,UnitLoop,1.0
2026-09-02,61c67f300c69292b5f2743f80508b1e0903991f6,AMD EPYC 7763,BatchEmbeddingBenchmarks,CorpusSize=128,EmbedBatch,0.56
2026-09-02,61c67f300c69292b5f2743f80508b1e0903991f6,AMD EPYC 7763,BatchEmbeddingBenchmarks,CorpusSize=128,EmbedBatchBucketed,0.51
2026-09-02,61c67f300c69292b5f2743f80508b1e0903991f6,AMD EPYC 7763,BpeBenchmarks,,Unigram,1.0
2026-09-02,61c67f300c69292b5f2743f80508b1e0903991f6,AMD EPYC 7763,BpeBenchmarks,,Bpe,1.72
2026-09-02,61c67f300c69292b5f2743f80508b1e0903991f6,AMD EPYC 7763,DecompositionBenchmarks,,TruncatedSvd_Rank20,1.0
2026-09-02,61c67f300c69292b5f2743f80508b1e0903991f6,AMD EPYC 7763,DecompositionBenchmarks,,Nmf_Rank20,7.17
2026-09-02,61c67f300c69292b5f2743f80508b1e0903991f6,AMD EPYC 7763,DecompositionBenchmarks,,MlNet_ProjectToPrincipalComponents_Rank20,0.84
2026-09-02,61c67f300c69292b5f2743f80508b1e0903991f6,AMD EPYC 7763,FuzzBenchmarks,,Ratio,1.0
2026-09-02,61c67f300c69292b5f2743f80508b1e0903991f6,AMD EPYC 7763,FuzzBenchmarks,,PartialRatio,115.57
2026-09-02,61c67f300c69292b5f2743f80508b1e0903991f6,AMD EPYC 7763,FuzzBenchmarks,,TokenSortRatio,11.44
2026-09-02,61c67f300c69292b5f2743f80508b1e0903991f6,AMD EPYC 7763,FuzzBenchmarks,,TokenSetRatio,11.67
2026-09-02,61c67f300c69292b5f2743f80508b1e0903991f6,AMD EPYC 7763,FuzzBenchmarks,,WRatio,23.78
2026-09-02,61c67f300c69292b5f2743f80508b1e0903991f6,AMD EPYC 7763,FuzzIncumbentBenchmarks,Operation=Ratio,Lodestar,1.0
2026-09-02,61c67f300c69292b5f2743f80508b1e0903991f6,AMD EPYC 7763,FuzzIncumbentBenchmarks,Operation=Ratio,FuzzySharp,2.12
2026-09-02,61c67f300c69292b5f2743f80508b1e0903991f6,AMD EPYC 7763,FuzzIncumbentBenchmarks,Operation=PartialRatio,Lodestar,1.0
2026-09-02,61c67f300c69292b5f2743f80508b1e0903991f6,AMD EPYC 7763,FuzzIncumbentBenchmarks,Operation=PartialRatio,FuzzySharp,0.89
2026-09-02,61c67f300c69292b5f2743f80508b1e0903991f6,AMD EPYC 7763,FuzzIncumbentBenchmarks,Operation=TokenSetRatio,Lodestar,1.0
2026-09-02,61c67f300c69292b5f2743f80508b1e0903991f6,AMD EPYC 7763,FuzzIncumbentBenchmarks,Operation=TokenSetRatio,FuzzySharp,1.73
2026-09-02,61c67f300c69292b5f2743f80508b1e0903991f6,AMD EPYC 7763,FuzzIncumbentBenchmarks,Operation=WRatio,Lodestar,1.0
2026-09-02,61c67f300c69292b5f2743f80508b1e0903991f6,AMD EPYC 7763,FuzzIncumbentBenchmarks,Operation=WRatio,FuzzySharp,2.19
2026-09-02,61c67f300c69292b5f2743f80508b1e0903991f6,AMD EPYC 7763,IndelBenchmarks,Length=8,Distance_Utf16,1.0
2026-09-02,61c67f300c69292b5f2743f80508b1e0903991f6,AMD EPYC 7763,IndelBenchmarks,Length=8,Distance_CodePoint,3.89
2026-09-02,61c67f300c69292b5f2743f80508b1e0903991f6,AMD EPYC 7763,IndelBenchmarks,Length=8,NormalizedSimilarity_Utf16,0.81
2026-09-02,61c67f300c69292b5f2743f80508b1e0903991f6,AMD EPYC 7763,IndelBenchmarks,Length=8,SubsequenceLength_Utf16,0.79
2026-09-02,61c67f300c69292b5f2743f80508b1e0903991f6,AMD EPYC 7763,IndelBenchmarks,Length=12,Distance_Utf16,1.0
2026-09-02,61c67f300c69292b5f2743f80508b1e0903991f6,AMD EPYC 7763,IndelBenchmarks,Length=12,Distance_CodePoint,5.26
2026-09-02,61c67f300c69292b5f2743f80508b1e0903991f6,AMD EPYC 7763,IndelBenchmarks,Length=12,NormalizedSimilarity_Utf16,1.03
2026-09-02,61c67f300c69292b5f2743f80508b1e0903991f6,AMD EPYC 7763,IndelBenchmarks,Length=12,SubsequenceLength_Utf16,1.02
2026-09-02,61c67f300c69292b5f2743f80508b1e0903991f6,AMD EPYC 7763,IndelBenchmarks,Length=16,Distance_Utf16,1.0
2026-09-02,61c67f300c69292b5f2743f80508b1e0903991f6,AMD EPYC 7763,IndelBenchmarks,Length=16,Distance_CodePoint,5.14
2026-09-02,61c67f300c69292b5f2743f80508b1e0903991f6,AMD EPYC 7763,IndelBenchmarks,Length=16,NormalizedSimilarity_Utf16,1.0
2026-09-02,61c67f300c69292b5f2743f80508b1e0903991f6,AMD EPYC 7763,IndelBenchmarks,Length=16,SubsequenceLength_Utf16,0.99
2026-09-02,61c67f300c69292b5f2743f80508b1e0903991f6,AMD EPYC 7763,IndelBenchmarks,Length=20,Distance_Utf16,1.0
2026-09-02,61c67f300c69292b5f2743f80508b1e0903991f6,AMD EPYC 7763,IndelBenchmarks,Length=20,Distance_CodePoint,5.22
2026-09-02,61c67f300c69292b5f2743f80508b1e0903991f6,AMD EPYC 7763,IndelBenchmarks,Length=20,NormalizedSimilarity_Utf16,0.98
2026-09-02,61c67f300c69292b5f2743f80508b1e0903991f6,AMD EPYC 7763,IndelBenchmarks,Length=20,SubsequenceLength_Utf16,0.92
2026-09-02,61c67f300c69292b5f2743f80508b1e0903991f6,AMD EPYC 7763,IndelBenchmarks,Length=24,Distance_Utf16,1.0
2026-09-02,61c67f300c69292b5f2743f80508b1e0903991f6,AMD EPYC 7763,IndelBenchmarks,Length=24,Distance_CodePoint,12.94
2026-09-02,61c67f300c69292b5f2743f80508b1e0903991f6,AMD EPYC 7763,IndelBenchmarks,Length=24,NormalizedSimilarity_Utf16,1.03
2026-09-02,61c67f300c69292b5f2743f80508b1e0903991f6,AMD EPYC 7763,IndelBenchmarks,Length=24,SubsequenceLength_Utf16,1.08
2026-09-02,61c67f300c69292b5f2743f80508b1e0903991f6,AMD EPYC 7763,IndelBenchmarks,Length=32,Distance_Utf16,1.0
2026-09-02,61c67f300c69292b5f2743f80508b1e0903991f6,AMD EPYC 7763,IndelBenchmarks,Length=32,Distance_CodePoint,16.61
2026-09-02,61c67f300c69292b5f2743f80508b1e0903991f6,AMD EPYC 7763,IndelBenchmarks,Length=32,NormalizedSimilarity_Utf16,1.06
2026-09-02,61c67f300c69292b5f2743f80508b1e0903991f6,AMD EPYC 7763,IndelBenchmarks,Length=32,SubsequenceLength_Utf16,0.97
2026-09-02,61c67f300c69292b5f2743f80508b1e0903991f6,AMD EPYC 7763,IndelBenchmarks,Length=128,Distance_Utf16,1.0
2026-09-02,61c67f300c69292b5f2743f80508b1e0903991f6,AMD EPYC 7763,IndelBenchmarks,Length=128,Distance_CodePoint,23.2
2026-09-02,61c67f300c69292b5f2743f80508b1e0903991f6,AMD EPYC 7763,IndelBenchmarks,Length=128,NormalizedSimilarity_Utf16,0.98
2026-09-02,61c67f300c69292b5f2743f80508b1e0903991f6,AMD EPYC 7763,IndelBenchmarks,Length=128,SubsequenceLength_Utf16,0.98
2026-09-02,61c67f300c69292b5f2743f80508b1e0903991f6,AMD EPYC 7763,IndelBenchmarks,Length=512,Distance_Utf16,1.0
2026-09-02,61c67f300c69292b5f2743f80508b1e0903991f6,AMD EPYC 7763,IndelBenchmarks,Length=512,Distance_CodePoint,43.93
2026-09-02,61c67f300c69292b5f2743f80508b1e0903991f6,AMD EPYC 7763,IndelBenchmarks,Length=512,NormalizedSimilarity_Utf16,0.97
2026-09-02,61c67f300c69292b5f2743f80508b1e0903991f6,AMD EPYC 7763,IndelBenchmarks,Length=512,SubsequenceLength_Utf16,0.99
2026-09-02,61c67f300c69292b5f2743f80508b1e0903991f6,AMD EPYC 7763,LcsGateBenchmarks,Band=8,Dp,1.0
2026-09-02,61c67f300c69292b5f2743f80508b1e0903991f6,AMD EPYC 7763,LcsGateBenchmarks,Band=8,Kernel,0.42
2026-09-02,61c67f300c69292b5f2743f80508b1e0903991f6,AMD EPYC 7763,LcsGateBenchmarks,Band=8,Dp_Cjk,1.01
2026-09-02,61c67f300c69292b5f2743f80508b1e0903991f6,AMD EPYC 7763,LcsGateBenchmarks,Band=8,Kernel_Cjk,0.74
2026-09-02,61c67f300c69292b5f2743f80508b1e0903991f6,AMD EPYC 7763,LcsGateBenchmarks,Band=12,Dp,1.0
2026-09-02,61c67f300c69292b5f2743f80508b1e0903991f6,AMD EPYC 7763,LcsGateBenchmarks,Band=12,Kernel,0.28
2026-09-02,61c67f300c69292b5f2743f80508b1e0903991f6,AMD EPYC 7763,LcsGateBenchmarks,Band=12,Dp_Cjk,1.07
2026-09-02,61c67f300c69292b5f2743f80508b1e0903991f6,AMD EPYC 7763,LcsGateBenchmarks,Band=12,Kernel_Cjk,0.5
2026-09-02,61c67f300c69292b5f2743f80508b1e0903991f6,AMD EPYC 7763,LcsGateBenchmarks,Band=14,Dp,1.0
2026-09-02,61c67f300c69292b5f2743f80508b1e0903991f6,AMD EPYC 7763,LcsGateBenchmarks,Band=14,Kernel,0.25
2026-09-02,61c67f300c69292b5f2743f80508b1e0903991f6,AMD EPYC 7763,LcsGateBenchmarks,Band=14,Dp_Cjk,1.02
2026-09-02,61c67f300c69292b5f2743f80508b1e0903991f6,AMD EPYC 7763,LcsGateBenchmarks,Band=14,Kernel_Cjk,0.42
2026-09-02,61c67f300c69292b5f2743f80508b1e0903991f6,AMD EPYC 7763,LcsGateBenchmarks,Band=16,Dp,1.0
2026-09-02,61c67f300c69292b5f2743f80508b1e0903991f6,AMD EPYC 7763,LcsGateBenchmarks,Band=16,Kernel,0.2
2026-09-02,61c67f300c69292b5f2743f80508b1e0903991f6,AMD EPYC 7763,LcsGateBenchmarks,Band=16,Dp_Cjk,1.01
2026-09-02,61c67f300c69292b5f2743f80508b1e0903991f6,AMD EPYC 7763,LcsGateBenchmarks,Band=16,Kernel_Cjk,0.33
2026-09-02,61c67f300c69292b5f2743f80508b1e0903991f6,AMD EPYC 7763,LcsGateBenchmarks,Band=18,Dp,1.0
2026-09-02,61c67f300c69292b5f2743f80508b1e0903991f6,AMD EPYC 7763,LcsGateBenchmarks,Band=18,Kernel,0.17
2026-09-02,61c67f300c69292b5f2743f80508b1e0903991f6,AMD EPYC 7763,LcsGateBenchmarks,Band=18,Dp_Cjk,1.02
2026-09-02,61c67f300c69292b5f2743f80508b1e0903991f6,AMD EPYC 7763,LcsGateBenchmarks,Band=18,Kernel_Cjk,0.29
2026-09-02,61c67f300c69292b5f2743f80508b1e0903991f6,AMD EPYC 7763,LcsGateBenchmarks,Band=20,Dp,1.0
2026-09-02,61c67f300c69292b5f2743f80508b1e0903991f6,AMD EPYC 7763,LcsGateBenchmarks,Band=20,Kernel,0.11
2026-09-02,61c67f300c69292b5f2743f80508b1e0903991f6,AMD EPYC 7763,LcsGateBenchmarks,Band=20,Dp_Cjk,0.98
2026-09-02,61c67f300c69292b5f2743f80508b1e0903991f6,AMD EPYC 7763,LcsGateBenchmarks,Band=20,Kernel_Cjk,0.17
2026-09-02,61c67f300c69292b5f2743f80508b1e0903991f6,AMD EPYC 7763,LcsGateBenchmarks,Band=24,Dp,1.0
2026-09-02,61c67f300c69292b5f2743f80508b1e0903991f6,AMD EPYC 7763,LcsGateBenchmarks,Band=24,Kernel,0.09
2026-09-02,61c67f300c69292b5f2743f80508b1e0903991f6,AMD EPYC 7763,LcsGateBenchmarks,Band=24,Dp_Cjk,1.01
2026-09-02,61c67f300c69292b5f2743f80508b1e0903991f6,AMD EPYC 7763,LcsGateBenchmarks,Band=24,Kernel_Cjk,0.14
2026-09-02,61c67f300c69292b5f2743f80508b1e0903991f6,AMD EPYC 7763,LcsGateBenchmarks,Band=32,Dp,1.0
2026-09-02,61c67f300c69292b5f2743f80508b1e0903991f6,AMD EPYC 7763,LcsGateBenchmarks,Band=32,Kernel,0.07
2026-09-02,61c67f300c69292b5f2743f80508b1e0903991f6,AMD EPYC 7763,LcsGateBenchmarks,Band=32,Dp_Cjk,1.0
2026-09-02,61c67f300c69292b5f2743f80508b1e0903991f6,AMD EPYC 7763,LcsGateBenchmarks,Band=32,Kernel_Cjk,0.11
2026-09-02,61c67f300c69292b5f2743f80508b1e0903991f6,AMD EPYC 7763,LcsGateBenchmarks,Band=48,Dp,1.0
2026-09-02,61c67f300c69292b5f2743f80508b1e0903991f6,AMD EPYC 7763,LcsGateBenchmarks,Band=48,Kernel,0.04
2026-09-02,61c67f300c69292b5f2743f80508b1e0903991f6,AMD EPYC 7763,LcsGateBenchmarks,Band=48,Dp_Cjk,0.98
2026-09-02,61c67f300c69292b5f2743f80508b1e0903991f6,AMD EPYC 7763,LcsGateBenchmarks,Band=48,Kernel_Cjk,0.08
2026-09-02,61c67f300c69292b5f2743f80508b1e0903991f6,AMD EPYC 7763,LcsGateBenchmarks,Band=64,Dp,1.0
2026-09-02,61c67f300c69292b5f2743f80508b1e0903991f6,AMD EPYC 7763,LcsGateBenchmarks,Band=64,Kernel,0.03
2026-09-02,61c67f300c69292b5f2743f80508b1e0903991f6,AMD EPYC 7763,LcsGateBenchmarks,Band=64,Dp_Cjk,1.15
2026-09-02,61c67f300c69292b5f2743f80508b1e0903991f6,AMD EPYC 7763,LcsGateBenchmarks,Band=64,Kernel_Cjk,0.06
2026-09-02,61c67f300c69292b5f2743f80508b1e0903991f6,AMD EPYC 7763,LcsGateBenchmarks,Band=96,Dp,1.0
2026-09-02,61c67f300c69292b5f2743f80508b1e0903991f6,AMD EPYC 7763,LcsGateBenchmarks,Band=96,Kernel,0.06
2026-09-02,61c67f300c69292b5f2743f80508b1e0903991f6,AMD EPYC 7763,LcsGateBenchmarks,Band=96,Dp_Cjk,0.9
2026-09-02,61c67f300c69292b5f2743f80508b1e0903991f6,AMD EPYC 7763,LcsGateBenchmarks,Band=96,Kernel_Cjk,0.07
2026-09-02,61c67f300c69292b5f2743f80508b1e0903991f6,AMD EPYC 7763,LevenshteinBenchmarks,Length=8,Distance_Utf16,1.0
2026-09-02,61c67f300c69292b5f2743f80508b1e0903991f6,AMD EPYC 7763,LevenshteinBenchmarks,Length=8,Distance_CodePoint,4.89
2026-09-02,61c67f300c69292b5f2743f80508b1e0903991f6,AMD EPYC 7763,LevenshteinBenchmarks,Length=8,NormalizedSimilarity_Utf16,1.01
2026-09-02,61c67f300c69292b5f2743f80508b1e0903991f6,AMD EPYC 7763,LevenshteinBenchmarks,Length=64,Distance_Utf16,1.0
2026-09-02,61c67f300c69292b5f2743f80508b1e0903991f6,AMD EPYC 7763,LevenshteinBenchmarks,Length=64,Distance_CodePoint,2.48
2026-09-02,61c67f300c69292b5f2743f80508b1e0903991f6,AMD EPYC 7763,LevenshteinBenchmarks,Length=64,NormalizedSimilarity_Utf16,1.0
2026-09-02,61c67f300c69292b5f2743f80508b1e0903991f6,AMD EPYC 7763,LevenshteinBenchmarks,Length=512,Distance_Utf16,1.0
2026-09-02,61c67f300c69292b5f2743f80508b1e0903991f6,AMD EPYC 7763,LevenshteinBenchmarks,Length=512,Distance_CodePoint,1.18
2026-09-02,61c67f300c69292b5f2743f80508b1e0903991f6,AMD EPYC 7763,LevenshteinBenchmarks,Length=512,NormalizedSimilarity_Utf16,1.0
2026-09-02,61c67f300c69292b5f2743f80508b1e0903991f6,AMD EPYC 7763,LevenshteinCodePointBenchmarks,"Length=16, Distinct=32",Distance_CodePoint,1.0
2026-09-02,61c67f300c69292b5f2743f80508b1e0903991f6,AMD EPYC 7763,LevenshteinCodePointBenchmarks,"Length=16, Distinct=32",Distance_Utf16,0.68
2026-09-02,61c67f300c69292b5f2743f80508b1e0903991f6,AMD EPYC 7763,LevenshteinCodePointBenchmarks,"Length=16, Distinct=512",Distance_CodePoint,1.0
2026-09-02,61c67f300c69292b5f2743f80508b1e0903991f6,AMD EPYC 7763,LevenshteinCodePointBenchmarks,"Length=16, Distinct=512",Distance_Utf16,0.72
2026-09-02,61c67f300c69292b5f2743f80508b1e0903991f6,AMD EPYC 7763,LevenshteinCodePointBenchmarks,"Length=24, Distinct=32",Distance_CodePoint,1.0
2026-09-02,61c67f300c69292b5f2743f80508b1e0903991f6,AMD EPYC 7763,LevenshteinCodePointBenchmarks,"Length=24, Distinct=32",Distance_Utf16,0.77
2026-09-02,61c67f300c69292b5f2743f80508b1e0903991f6,AMD EPYC 7763,LevenshteinCodePointBenchmarks,"Length=24, Distinct=512",Distance_CodePoint,1.0
2026-09-02,61c67f300c69292b5f2743f80508b1e0903991f6,AMD EPYC 7763,LevenshteinCodePointBenchmarks,"Length=24, Distinct=512",Distance_Utf16,0.76
2026-09-02,61c67f300c69292b5f2743f80508b1e0903991f6,AMD EPYC 7763,LevenshteinCodePointBenchmarks,"Length=32, Distinct=32",Distance_CodePoint,1.0
2026-09-02,61c67f300c69292b5f2743f80508b1e0903991f6,AMD EPYC 7763,LevenshteinCodePointBenchmarks,"Length=32, Distinct=32",Distance_Utf16,0.8
2026-09-02,61c67f300c69292b5f2743f80508b1e0903991f6,AMD EPYC 7763,LevenshteinCodePointBenchmarks,"Length=32, Distinct=512",Distance_CodePoint,1.0
2026-09-02,61c67f300c69292b5f2743f80508b1e0903991f6,AMD EPYC 7763,LevenshteinCodePointBenchmarks,"Length=32, Distinct=512",Distance_Utf16,0.82
2026-09-02,61c67f300c69292b5f2743f80508b1e0903991f6,AMD EPYC 7763,LevenshteinCodePointBenchmarks,"Length=40, Distinct=32",Distance_CodePoint,1.0
2026-09-02,61c67f300c69292b5f2743f80508b1e0903991f6,AMD EPYC 7763,LevenshteinCodePointBenchmarks,"Length=40, Distinct=32",Distance_Utf16,2.18
2026-09-02,61c67f300c69292b5f2743f80508b1e0903991f6,AMD EPYC 7763,LevenshteinCodePointBenchmarks,"Length=40, Distinct=512",Distance_CodePoint,1.0
2026-09-02,61c67f300c69292b5f2743f80508b1e0903991f6,AMD EPYC 7763,LevenshteinCodePointBenchmarks,"Length=40, Distinct=512",Distance_Utf16,2.23
2026-09-02,61c67f300c69292b5f2743f80508b1e0903991f6,AMD EPYC 7763,LevenshteinCodePointBenchmarks,"Length=128, Distinct=32",Distance_CodePoint,1.0
2026-09-02,61c67f300c69292b5f2743f80508b1e0903991f6,AMD EPYC 7763,LevenshteinCodePointBenchmarks,"Length=128, Distinct=32",Distance_Utf16,2.12
2026-09-02,61c67f300c69292b5f2743f80508b1e0903991f6,AMD EPYC 7763,LevenshteinCodePointBenchmarks,"Length=128, Distinct=512",Distance_CodePoint,1.0
2026-09-02,61c67f300c69292b5f2743f80508b1e0903991f6,AMD EPYC 7763,LevenshteinCodePointBenchmarks,"Length=128, Distinct=512",Distance_Utf16,2.13
2026-09-02,61c67f300c69292b5f2743f80508b1e0903991f6,AMD EPYC 7763,LevenshteinCodePointBenchmarks,"Length=512, Distinct=32",Distance_CodePoint,1.0
2026-09-02,61c67f300c69292b5f2743f80508b1e0903991f6,AMD EPYC 7763,LevenshteinCodePointBenchmarks,"Length=512, Distinct=32",Distance_Utf16,3.17
2026-09-02,61c67f300c69292b5f2743f80508b1e0903991f6,AMD EPYC 7763,LevenshteinCodePointBenchmarks,"Length=512, Distinct=512",Distance_CodePoint,1.0
2026-09-02,61c67f300c69292b5f2743f80508b1e0903991f6,AMD EPYC 7763,LevenshteinCodePointBenchmarks,"Length=512, Distinct=512",Distance_Utf16,0.14
2026-09-02,61c67f300c69292b5f2743f80508b1e0903991f6,AMD EPYC 7763,LevenshteinIncumbentBenchmarks,Length=8,Lodestar,1.0
2026-09-02,61c67f300c69292b5f2743f80508b1e0903991f6,AMD EPYC 7763,LevenshteinIncumbentBenchmarks,Length=8,Fastenshtein,3.58
2026-09-02,61c67f300c69292b5f2743f80508b1e0903991f6,AMD EPYC 7763,LevenshteinIncumbentBenchmarks,Length=8,Quickenshtein,3.43
2026-09-02,61c67f300c69292b5f2743f80508b1e0903991f6,AMD EPYC 7763,LevenshteinIncumbentBenchmarks,Length=8,F23_StringSimilarity,7.27
2026-09-02,61c67f300c69292b5f2743f80508b1e0903991f6,AMD EPYC 7763,LevenshteinIncumbentBenchmarks,Length=64,Lodestar,1.0
2026-09-02,61c67f300c69292b5f2743f80508b1e0903991f6,AMD EPYC 7763,LevenshteinIncumbentBenchmarks,Length=64,Fastenshtein,24.75
2026-09-02,61c67f300c69292b5f2743f80508b1e0903991f6,AMD EPYC 7763,LevenshteinIncumbentBenchmarks,Length=64,Quickenshtein,5.0
2026-09-02,61c67f300c69292b5f2743f80508b1e0903991f6,AMD EPYC 7763,LevenshteinIncumbentBenchmarks,Length=64,F23_StringSimilarity,37.22
2026-09-02,61c67f300c69292b5f2743f80508b1e0903991f6,AMD EPYC 7763,LevenshteinIncumbentBenchmarks,Length=512,Lodestar,1.0
2026-09-02,61c67f300c69292b5f2743f80508b1e0903991f6,AMD EPYC 7763,LevenshteinIncumbentBenchmarks,Length=512,Fastenshtein,30.4
2026-09-02,61c67f300c69292b5f2743f80508b1e0903991f6,AMD EPYC 7763,LevenshteinIncumbentBenchmarks,Length=512,Quickenshtein,2.75
2026-09-02,61c67f300c69292b5f2743f80508b1e0903991f6,AMD EPYC 7763,LevenshteinIncumbentBenchmarks,Length=512,F23_StringSimilarity,50.37
2026-09-02,61c67f300c69292b5f2743f80508b1e0903991f6,AMD EPYC 7763,MetricsIncumbentBenchmarks,"Samples=100000, Request=Bundle",Lodestar,1.0
2026-09-02,61c67f300c69292b5f2743f80508b1e0903991f6,AMD EPYC 7763,MetricsIncumbentBenchmarks,"Samples=100000, Request=Bundle",MlNet,3.87
2026-09-02,61c67f300c69292b5f2743f80508b1e0903991f6,AMD EPYC 7763,MetricsIncumbentBenchmarks,"Samples=100000, Request=AccuracyAlone",Lodestar,1.0
2026-09-02,61c67f300c69292b5f2743f80508b1e0903991f6,AMD EPYC 7763,MetricsIncumbentBenchmarks,"Samples=100000, Request=AccuracyAlone",MlNet,147.17
2026-09-02,61c67f300c69292b5f2743f80508b1e0903991f6,AMD EPYC 7763,MetricsIncumbentBenchmarks,"Samples=1000000, Request=Bundle",Lodestar,1.0
2026-09-02,61c67f300c69292b5f2743f80508b1e0903991f6,AMD EPYC 7763,MetricsIncumbentBenchmarks,"Samples=1000000, Request=Bundle",MlNet,2.05
2026-09-02,61c67f300c69292b5f2743f80508b1e0903991f6,AMD EPYC 7763,MetricsIncumbentBenchmarks,"Samples=1000000, Request=AccuracyAlone",Lodestar,1.0
2026-09-02,61c67f300c69292b5f2743f80508b1e0903991f6,AMD EPYC 7763,MetricsIncumbentBenchmarks,"Samples=1000000, Request=AccuracyAlone",MlNet,93.72
2026-09-02,61c67f300c69292b5f2743f80508b1e0903991f6,AMD EPYC 7763,MyersGateBenchmarks,Band=4,Dp,1.0
2026-09-02,61c67f300c69292b5f2743f80508b1e0903991f6,AMD EPYC 7763,MyersGateBenchmarks,Band=4,Kernel,0.99
2026-09-02,61c67f300c69292b5f2743f80508b1e0903991f6,AMD EPYC 7763,MyersGateBenchmarks,Band=4,Dp_Cjk,1.0
2026-09-02,61c67f300c69292b5f2743f80508b1e0903991f6,AMD EPYC 7763,MyersGateBenchmarks,Band=4,Kernel_Cjk,1.0
2026-09-02,61c67f300c69292b5f2743f80508b1e0903991f6,AMD EPYC 7763,MyersGateBenchmarks,Band=6,Dp,1.0
2026-09-02,61c67f300c69292b5f2743f80508b1e0903991f6,AMD EPYC 7763,MyersGateBenchmarks,Band=6,Kernel,0.72
2026-09-02,61c67f300c69292b5f2743f80508b1e0903991f6,AMD EPYC 7763,MyersGateBenchmarks,Band=6,Dp_Cjk,1.0
2026-09-02,61c67f300c69292b5f2743f80508b1e0903991f6,AMD EPYC 7763,MyersGateBenchmarks,Band=6,Kernel_Cjk,1.44
2026-09-02,61c67f300c69292b5f2743f80508b1e0903991f6,AMD EPYC 7763,MyersGateBenchmarks,Band=8,Dp,1.0
2026-09-02,61c67f300c69292b5f2743f80508b1e0903991f6,AMD EPYC 7763,MyersGateBenchmarks,Band=8,Kernel,0.55
2026-09-02,61c67f300c69292b5f2743f80508b1e0903991f6,AMD EPYC 7763,MyersGateBenchmarks,Band=8,Dp_Cjk,0.99
2026-09-02,61c67f300c69292b5f2743f80508b1e0903991f6,AMD EPYC 7763,MyersGateBenchmarks,Band=8,Kernel_Cjk,1.28
2026-09-02,61c67f300c69292b5f2743f80508b1e0903991f6,AMD EPYC 7763,MyersGateBenchmarks,Band=10,Dp,1.0
2026-09-02,61c67f300c69292b5f2743f80508b1e0903991f6,AMD EPYC 7763,MyersGateBenchmarks,Band=10,Kernel,0.48
2026-09-02,61c67f300c69292b5f2743f80508b1e0903991f6,AMD EPYC 7763,MyersGateBenchmarks,Band=10,Dp_Cjk,0.97
2026-09-02,61c67f300c69292b5f2743f80508b1e0903991f6,AMD EPYC 7763,MyersGateBenchmarks,Band=10,Kernel_Cjk,0.76
2026-09-02,61c67f300c69292b5f2743f80508b1e0903991f6,AMD EPYC 7763,MyersGateBenchmarks,Band=12,Dp,1.0
2026-09-02,61c67f300c69292b5f2743f80508b1e0903991f6,AMD EPYC 7763,MyersGateBenchmarks,Band=12,Kernel,0.43
2026-09-02,61c67f300c69292b5f2743f80508b1e0903991f6,AMD EPYC 7763,MyersGateBenchmarks,Band=12,Dp_Cjk,1.0
2026-09-02,61c67f300c69292b5f2743f80508b1e0903991f6,AMD EPYC 7763,MyersGateBenchmarks,Band=12,Kernel_Cjk,0.67
2026-09-02,61c67f300c69292b5f2743f80508b1e0903991f6,AMD EPYC 7763,MyersGateBenchmarks,Band=16,Dp,1.0
2026-09-02,61c67f300c69292b5f2743f80508b1e0903991f6,AMD EPYC 7763,MyersGateBenchmarks,Band=16,Kernel,0.3
2026-09-02,61c67f300c69292b5f2743f80508b1e0903991f6,AMD EPYC 7763,MyersGateBenchmarks,Band=16,Dp_Cjk,1.02
2026-09-02,61c67f300c69292b5f2743f80508b1e0903991f6,AMD EPYC 7763,MyersGateBenchmarks,Band=16,Kernel_Cjk,0.44
2026-09-02,61c67f300c69292b5f2743f80508b1e0903991f6,AMD EPYC 7763,MyersGateBenchmarks,Band=24,Dp,1.0
2026-09-02,61c67f300c69292b5f2743f80508b1e0903991f6,AMD EPYC 7763,MyersGateBenchmarks,Band=24,Kernel,0.19
2026-09-02,61c67f300c69292b5f2743f80508b1e0903991f6,AMD EPYC 7763,MyersGateBenchmarks,Band=24,Dp_Cjk,0.99
2026-09-02,61c67f300c69292b5f2743f80508b1e0903991f6,AMD EPYC 7763,MyersGateBenchmarks,Band=24,Kernel_Cjk,0.27
2026-09-02,61c67f300c69292b5f2743f80508b1e0903991f6,AMD EPYC 7763,MyersGateBenchmarks,Band=32,Dp,1.0
2026-09-02,61c67f300c69292b5f2743f80508b1e0903991f6,AMD EPYC 7763,MyersGateBenchmarks,Band=32,Kernel,0.14
2026-09-02,61c67f300c69292b5f2743f80508b1e0903991f6,AMD EPYC 7763,MyersGateBenchmarks,Band=32,Dp_Cjk,1.0
2026-09-02,61c67f300c69292b5f2743f80508b1e0903991f6,AMD EPYC 7763,MyersGateBenchmarks,Band=32,Kernel_Cjk,0.19
2026-09-02,61c67f300c69292b5f2743f80508b1e0903991f6,AMD EPYC 7763,MyersGateBenchmarks,Band=48,Dp,1.0
2026-09-02,61c67f300c69292b5f2743f80508b1e0903991f6,AMD EPYC 7763,MyersGateBenchmarks,Band=48,Kernel,0.08
2026-09-02,61c67f300c69292b5f2743f80508b1e0903991f6,AMD EPYC 7763,MyersGateBenchmarks,Band=48,Dp_Cjk,1.0
2026-09-02,61c67f300c69292b5f2743f80508b1e0903991f6,AMD EPYC 7763,MyersGateBenchmarks,Band=48,Kernel_Cjk,0.11
2026-09-02,61c67f300c69292b5f2743f80508b1e0903991f6,AMD EPYC 7763,MyersGateBenchmarks,Band=64,Dp,1.0
2026-09-02,61c67f300c69292b5f2743f80508b1e0903991f6,AMD EPYC 7763,MyersGateBenchmarks,Band=64,Kernel,0.05
2026-09-02,61c67f300c69292b5f2743f80508b1e0903991f6,AMD EPYC 7763,MyersGateBenchmarks,Band=64,Dp_Cjk,1.15
2026-09-02,61c67f300c69292b5f2743f80508b1e0903991f6,AMD EPYC 7763,MyersGateBenchmarks,Band=64,Kernel_Cjk,0.07
2026-09-02,61c67f300c69292b5f2743f80508b1e0903991f6,AMD EPYC 7763,MyersGateBenchmarks,Band=96,Dp,1.0
2026-09-02,61c67f300c69292b5f2743f80508b1e0903991f6,AMD EPYC 7763,MyersGateBenchmarks,Band=96,Kernel,0.12
2026-09-02,61c67f300c69292b5f2743f80508b1e0903991f6,AMD EPYC 7763,MyersGateBenchmarks,Band=96,Dp_Cjk,0.97
2026-09-02,61c67f300c69292b5f2743f80508b1e0903991f6,AMD EPYC 7763,MyersGateBenchmarks,Band=96,Kernel_Cjk,0.11
2026-09-02,61c67f300c69292b5f2743f80508b1e0903991f6,AMD EPYC 7763,StopWordBenchmarks,Documents=200,Count,1.0
2026-09-02,61c67f300c69292b5f2743f80508b1e0903991f6,AMD EPYC 7763,StopWordBenchmarks,Documents=200,CountWithStopWords,0.82
2026-09-02,61c67f300c69292b5f2743f80508b1e0903991f6,AMD EPYC 7763,StopWordBenchmarks,Documents=200,Hashing,0.98
2026-09-02,61c67f300c69292b5f2743f80508b1e0903991f6,AMD EPYC 7763,StopWordBenchmarks,Documents=200,HashingWithStopWords,0.85
2026-09-02,61c67f300c69292b5f2743f80508b1e0903991f6,AMD EPYC 7763,StopWordBenchmarks,Documents=1000,Count,1.0
2026-09-02,61c67f300c69292b5f2743f80508b1e0903991f6,AMD EPYC 7763,StopWordBenchmarks,Documents=1000,CountWithStopWords,0.8
2026-09-02,61c67f300c69292b5f2743f80508b1e0903991f6,AMD EPYC 7763,StopWordBenchmarks,Documents=1000,Hashing,0.97
2026-09-02,61c67f300c69292b5f2743f80508b1e0903991f6,AMD EPYC 7763,StopWordBenchmarks,Documents=1000,HashingWithStopWords,0.81
2026-09-02,61c67f300c69292b5f2743f80508b1e0903991f6,AMD EPYC 7763,TokenizerIncumbentBenchmarks,Model=WordPiece,Lodestar,1.0
2026-09-02,61c67f300c69292b5f2743f80508b1e0903991f6,AMD EPYC 7763,TokenizerIncumbentBenchmarks,Model=WordPiece,MlTokenizers,0.81
2026-09-02,61c67f300c69292b5f2743f80508b1e0903991f6,AMD EPYC 7763,TokenizerIncumbentBenchmarks,Model=SentencePiece,Lodestar,1.0
2026-09-02,61c67f300c69292b5f2743f80508b1e0903991f6,AMD EPYC 7763,TokenizerIncumbentBenchmarks,Model=SentencePiece,MlTokenizers,0.15
2026-09-02,61c67f300c69292b5f2743f80508b1e0903991f6,AMD EPYC 7763,VectorMathBenchmarks,Dim=384,Dot,1.0
2026-09-02,61c67f300c69292b5f2743f80508b1e0903991f6,AMD EPYC 7763,VectorMathBenchmarks,Dim=384,L2Norm,0.39
2026-09-02,61c67f300c69292b5f2743f80508b1e0903991f6,AMD EPYC 7763,VectorMathBenchmarks,Dim=768,Dot,1.0
2026-09-02,61c67f300c69292b5f2743f80508b1e0903991f6,AMD EPYC 7763,VectorMathBenchmarks,Dim=768,L2Norm,0.97
2026-09-02,61c67f300c69292b5f2743f80508b1e0903991f6,AMD EPYC 7763,VectorMathBenchmarks,Dim=1024,Dot,1.0
2026-09-02,61c67f300c69292b5f2743f80508b1e0903991f6,AMD EPYC 7763,VectorMathBenchmarks,Dim=1024,L2Norm,0.99
2026-09-02,61c67f300c69292b5f2743f80508b1e0903991f6,AMD EPYC 7763,VectorizerBenchmarks,Documents=200,Count,1.01
2026-09-02,61c67f300c69292b5f2743f80508b1e0903991f6,AMD EPYC 7763,VectorizerBenchmarks,Documents=200,Tfidf,0.98
2026-09-02,61c67f300c69292b5f2743f80508b1e0903991f6,AMD EPYC 7763,VectorizerBenchmarks,Documents=200,CountBigrams,1.24
2026-09-02,61c67f300c69292b5f2743f80508b1e0903991f6,AMD EPYC 7763,VectorizerBenchmarks,Documents=200,Hashing,0.97
2026-09-02,61c67f300c69292b5f2743f80508b1e0903991f6,AMD EPYC 7763,VectorizerBenchmarks,Documents=1000,Count,1.0
2026-09-02,61c67f300c69292b5f2743f80508b1e0903991f6,AMD EPYC 7763,VectorizerBenchmarks,Documents=1000,Tfidf,1.05
2026-09-02,61c67f300c69292b5f2743f80508b1e0903991f6,AMD EPYC 7763,VectorizerBenchmarks,Documents=1000,CountBigrams,1.64
2026-09-02,61c67f300c69292b5f2743f80508b1e0903991f6,AMD EPYC 7763,VectorizerBenchmarks,Documents=1000,Hashing,0.98
2026-09-02,61c67f300c69292b5f2743f80508b1e0903991f6,AMD EPYC 7763,VectorizerIncumbentBenchmarks,Documents=200,Lodestar,1.0
2026-09-02,61c67f300c69292b5f2743f80508b1e0903991f6,AMD EPYC 7763,VectorizerIncumbentBenchmarks,Documents=200,MlNet,7.09
2026-09-02,61c67f300c69292b5f2743f80508b1e0903991f6,AMD EPYC 7763,VectorizerIncumbentBenchmarks,Documents=1000,Lodestar,1.0
2026-09-02,61c67f300c69292b5f2743f80508b1e0903991f6,AMD EPYC 7763,VectorizerIncumbentBenchmarks,Documents=1000,MlNet,12.89
2026-09-03,3aab1281a849e2b8790dd705f6e031dc5a79eb73,AMD EPYC 7763,BatchEmbeddingBenchmarks,CorpusSize=1,UnitLoop,1.0
2026-09-03,3aab1281a849e2b8790dd705f6e031dc5a79eb73,AMD EPYC 7763,BatchEmbeddingBenchmarks,CorpusSize=1,EmbedBatch,1.06
2026-09-03,3aab1281a849e2b8790dd705f6e031dc5a79eb73,AMD EPYC 7763,BatchEmbeddingBenchmarks,CorpusSize=1,EmbedBatchBucketed,1.02
2026-09-03,3aab1281a849e2b8790dd705f6e031dc5a79eb73,AMD EPYC 7763,BatchEmbeddingBenchmarks,CorpusSize=8,UnitLoop,1.0
2026-09-03,3aab1281a849e2b8790dd705f6e031dc5a79eb73,AMD EPYC 7763,BatchEmbeddingBenchmarks,CorpusSize=8,EmbedBatch,0.58
2026-09-03,3aab1281a849e2b8790dd705f6e031dc5a79eb73,AMD EPYC 7763,BatchEmbeddingBenchmarks,CorpusSize=8,EmbedBatchBucketed,0.58
2026-09-03,3aab1281a849e2b8790dd705f6e031dc5a79eb73,AMD EPYC 7763,BatchEmbeddingBenchmarks,CorpusSize=32,UnitLoop,1.0
2026-09-03,3aab1281a849e2b8790dd705f6e031dc5a79eb73,AMD EPYC 7763,BatchEmbeddingBenchmarks,CorpusSize=32,EmbedBatch,0.52
2026-09-03,3aab1281a849e2b8790dd705f6e031dc5a79eb73,AMD EPYC 7763,BatchEmbeddingBenchmarks,CorpusSize=32,EmbedBatchBucketed,0.54
2026-09-03,3aab1281a849e2b8790dd705f6e031dc5a79eb73,AMD EPYC 7763,BatchEmbeddingBenchmarks,CorpusSize=128,UnitLoop,1.0
2026-09-03,3aab1281a849e2b8790dd705f6e031dc5a79eb73,AMD EPYC 7763,BatchEmbeddingBenchmarks,CorpusSize=128,EmbedBatch,0.55
2026-09-03,3aab1281a849e2b8790dd705f6e031dc5a79eb73,AMD EPYC 7763,BatchEmbeddingBenchmarks,CorpusSize=128,EmbedBatchBucketed,0.5
2026-09-03,3aab1281a849e2b8790dd705f6e031dc5a79eb73,AMD EPYC 7763,BkTreeBenchmarks,"Radius=1, Shape=clustered",LengthFilteredScan,1.0
2026-09-03,3aab1281a849e2b8790dd705f6e031dc5a79eb73,AMD EPYC 7763,BkTreeBenchmarks,"Radius=1, Shape=clustered",TreeWithinDistance,0.5
2026-09-03,3aab1281a849e2b8790dd705f6e031dc5a79eb73,AMD EPYC 7763,BkTreeBenchmarks,"Radius=1, Shape=uniform",LengthFilteredScan,1.0
2026-09-03,3aab1281a849e2b8790dd705f6e031dc5a79eb73,AMD EPYC 7763,BkTreeBenchmarks,"Radius=1, Shape=uniform",TreeWithinDistance,0.44
2026-09-03,3aab1281a849e2b8790dd705f6e031dc5a79eb73,AMD EPYC 7763,BkTreeBenchmarks,"Radius=2, Shape=clustered",LengthFilteredScan,1.0
2026-09-03,3aab1281a849e2b8790dd705f6e031dc5a79eb73,AMD EPYC 7763,BkTreeBenchmarks,"Radius=2, Shape=clustered",TreeWithinDistance,1.21
2026-09-03,3aab1281a849e2b8790dd705f6e031dc5a79eb73,AMD EPYC 7763,BkTreeBenchmarks,"Radius=2, Shape=uniform",LengthFilteredScan,1.0
2026-09-03,3aab1281a849e2b8790dd705f6e031dc5a79eb73,AMD EPYC 7763,BkTreeBenchmarks,"Radius=2, Shape=uniform",TreeWithinDistance,1.03
2026-09-03,3aab1281a849e2b8790dd705f6e031dc5a79eb73,AMD EPYC 7763,BkTreeBenchmarks,"Radius=3, Shape=clustered",LengthFilteredScan,1.0
2026-09-03,3aab1281a849e2b8790dd705f6e031dc5a79eb73,AMD EPYC 7763,BkTreeBenchmarks,"Radius=3, Shape=clustered",TreeWithinDistance,1.36
2026-09-03,3aab1281a849e2b8790dd705f6e031dc5a79eb73,AMD EPYC 7763,BkTreeBenchmarks,"Radius=3, Shape=uniform",LengthFilteredScan,1.0
2026-09-03,3aab1281a849e2b8790dd705f6e031dc5a79eb73,AMD EPYC 7763,BkTreeBenchmarks,"Radius=3, Shape=uniform",TreeWithinDistance,1.21
2026-09-03,3aab1281a849e2b8790dd705f6e031dc5a79eb73,AMD EPYC 7763,BkTreeBenchmarks,"Radius=4, Shape=clustered",LengthFilteredScan,1.0
2026-09-03,3aab1281a849e2b8790dd705f6e031dc5a79eb73,AMD EPYC 7763,BkTreeBenchmarks,"Radius=4, Shape=clustered",TreeWithinDistance,1.33
2026-09-03,3aab1281a849e2b8790dd705f6e031dc5a79eb73,AMD EPYC 7763,BkTreeBenchmarks,"Radius=4, Shape=uniform",LengthFilteredScan,1.0
2026-09-03,3aab1281a849e2b8790dd705f6e031dc5a79eb73,AMD EPYC 7763,BkTreeBenchmarks,"Radius=4, Shape=uniform",TreeWithinDistance,1.32
2026-09-03,3aab1281a849e2b8790dd705f6e031dc5a79eb73,AMD EPYC 7763,BpeBenchmarks,,Unigram,1.0
2026-09-03,3aab1281a849e2b8790dd705f6e031dc5a79eb73,AMD EPYC 7763,BpeBenchmarks,,Bpe,1.72
2026-09-03,3aab1281a849e2b8790dd705f6e031dc5a79eb73,AMD EPYC 7763,DecompositionBenchmarks,,TruncatedSvd_Rank20,1.0
2026-09-03,3aab1281a849e2b8790dd705f6e031dc5a79eb73,AMD EPYC 7763,DecompositionBenchmarks,,Nmf_Rank20,7.17
2026-09-03,3aab1281a849e2b8790dd705f6e031dc5a79eb73,AMD EPYC 7763,DecompositionBenchmarks,,MlNet_ProjectToPrincipalComponents_Rank20,0.84
2026-09-03,3aab1281a849e2b8790dd705f6e031dc5a79eb73,AMD EPYC 7763,FuzzBenchmarks,,Ratio,1.0
2026-09-03,3aab1281a849e2b8790dd705f6e031dc5a79eb73,AMD EPYC 7763,FuzzBenchmarks,,PartialRatio,117.71
2026-09-03,3aab1281a849e2b8790dd705f6e031dc5a79eb73,AMD EPYC 7763,FuzzBenchmarks,,TokenSortRatio,10.79
2026-09-03,3aab1281a849e2b8790dd705f6e031dc5a79eb73,AMD EPYC 7763,FuzzBenchmarks,,TokenSetRatio,11.76
2026-09-03,3aab1281a849e2b8790dd705f6e031dc5a79eb73,AMD EPYC 7763,FuzzBenchmarks,,WRatio,23.38
2026-09-03,3aab1281a849e2b8790dd705f6e031dc5a79eb73,AMD EPYC 7763,FuzzIncumbentBenchmarks,Operation=Ratio,Lodestar,1.0
2026-09-03,3aab1281a849e2b8790dd705f6e031dc5a79eb73,AMD EPYC 7763,FuzzIncumbentBenchmarks,Operation=Ratio,FuzzySharp,2.17
2026-09-03,3aab1281a849e2b8790dd705f6e031dc5a79eb73,AMD EPYC 7763,FuzzIncumbentBenchmarks,Operation=PartialRatio,Lodestar,1.0
2026-09-03,3aab1281a849e2b8790dd705f6e031dc5a79eb73,AMD EPYC 7763,FuzzIncumbentBenchmarks,Operation=PartialRatio,FuzzySharp,0.85
2026-09-03,3aab1281a849e2b8790dd705f6e031dc5a79eb73,AMD EPYC 7763,FuzzIncumbentBenchmarks,Operation=TokenSetRatio,Lodestar,1.0
2026-09-03,3aab1281a849e2b8790dd705f6e031dc5a79eb73,AMD EPYC 7763,FuzzIncumbentBenchmarks,Operation=TokenSetRatio,FuzzySharp,1.8
2026-09-03,3aab1281a849e2b8790dd705f6e031dc5a79eb73,AMD EPYC 7763,FuzzIncumbentBenchmarks,Operation=WRatio,Lodestar,1.0
2026-09-03,3aab1281a849e2b8790dd705f6e031dc5a79eb73,AMD EPYC 7763,FuzzIncumbentBenchmarks,Operation=WRatio,FuzzySharp,2.07
2026-09-03,3aab1281a849e2b8790dd705f6e031dc5a79eb73,AMD EPYC 7763,IndelBenchmarks,Length=8,Distance_Utf16,1.0
2026-09-03,3aab1281a849e2b8790dd705f6e031dc5a79eb73,AMD EPYC 7763,IndelBenchmarks,Length=8,Distance_CodePoint,4.82
2026-09-03,3aab1281a849e2b8790dd705f6e031dc5a79eb73,AMD EPYC 7763,IndelBenchmarks,Length=8,NormalizedSimilarity_Utf16,1.01
2026-09-03,3aab1281a849e2b8790dd705f6e031dc5a79eb73,AMD EPYC 7763,IndelBenchmarks,Length=8,SubsequenceLength_Utf16,1.0
2026-09-03,3aab1281a849e2b8790dd705f6e031dc5a79eb73,AMD EPYC 7763,IndelBenchmarks,Length=12,Distance_Utf16,1.0
2026-09-03,3aab1281a849e2b8790dd705f6e031dc5a79eb73,AMD EPYC 7763,IndelBenchmarks,Length=12,Distance_CodePoint,5.4
2026-09-03,3aab1281a849e2b8790dd705f6e031dc5a79eb73,AMD EPYC 7763,IndelBenchmarks,Length=12,NormalizedSimilarity_Utf16,1.01
2026-09-03,3aab1281a849e2b8790dd705f6e031dc5a79eb73,AMD EPYC 7763,IndelBenchmarks,Length=12,SubsequenceLength_Utf16,0.98
2026-09-03,3aab1281a849e2b8790dd705f6e031dc5a79eb73,AMD EPYC 7763,IndelBenchmarks,Length=16,Distance_Utf16,1.0
2026-09-03,3aab1281a849e2b8790dd705f6e031dc5a79eb73,AMD EPYC 7763,IndelBenchmarks,Length=16,Distance_CodePoint,5.36
2026-09-03,3aab1281a849e2b8790dd705f6e031dc5a79eb73,AMD EPYC 7763,IndelBenchmarks,Length=16,NormalizedSimilarity_Utf16,1.04
2026-09-03,3aab1281a849e2b8790dd705f6e031dc5a79eb73,AMD EPYC 7763,IndelBenchmarks,Length=16,SubsequenceLength_Utf16,1.0
2026-09-03,3aab1281a849e2b8790dd705f6e031dc5a79eb73,AMD EPYC 7763,IndelBenchmarks,Length=20,Distance_Utf16,1.0
2026-09-03,3aab1281a849e2b8790dd705f6e031dc5a79eb73,AMD EPYC 7763,IndelBenchmarks,Length=20,Distance_CodePoint,4.98
2026-09-03,3aab1281a849e2b8790dd705f6e031dc5a79eb73,AMD EPYC 7763,IndelBenchmarks,Length=20,NormalizedSimilarity_Utf16,0.98
2026-09-03,3aab1281a849e2b8790dd705f6e031dc5a79eb73,AMD EPYC 7763,IndelBenchmarks,Length=20,SubsequenceLength_Utf16,0.91
2026-09-03,3aab1281a849e2b8790dd705f6e031dc5a79eb73,AMD EPYC 7763,IndelBenchmarks,Length=24,Distance_Utf16,1.0
2026-09-03,3aab1281a849e2b8790dd705f6e031dc5a79eb73,AMD EPYC 7763,IndelBenchmarks,Length=24,Distance_CodePoint,12.86
2026-09-03,3aab1281a849e2b8790dd705f6e031dc5a79eb73,AMD EPYC 7763,IndelBenchmarks,Length=24,NormalizedSimilarity_Utf16,1.03
2026-09-03,3aab1281a849e2b8790dd705f6e031dc5a79eb73,AMD EPYC 7763,IndelBenchmarks,Length=24,SubsequenceLength_Utf16,1.08
2026-09-03,3aab1281a849e2b8790dd705f6e031dc5a79eb73,AMD EPYC 7763,IndelBenchmarks,Length=32,Distance_Utf16,1.0
2026-09-03,3aab1281a849e2b8790dd705f6e031dc5a79eb73,AMD EPYC 7763,IndelBenchmarks,Length=32,Distance_CodePoint,16.77
2026-09-03,3aab1281a849e2b8790dd705f6e031dc5a79eb73,AMD EPYC 7763,IndelBenchmarks,Length=32,NormalizedSimilarity_Utf16,1.07
2026-09-03,3aab1281a849e2b8790dd705f6e031dc5a79eb73,AMD EPYC 7763,IndelBenchmarks,Length=32,SubsequenceLength_Utf16,0.96
2026-09-03,3aab1281a849e2b8790dd705f6e031dc5a79eb73,AMD EPYC 7763,IndelBenchmarks,Length=128,Distance_Utf16,1.0
2026-09-03,3aab1281a849e2b8790dd705f6e031dc5a79eb73,AMD EPYC 7763,IndelBenchmarks,Length=128,Distance_CodePoint,22.68
2026-09-03,3aab1281a849e2b8790dd705f6e031dc5a79eb73,AMD EPYC 7763,IndelBenchmarks,Length=128,NormalizedSimilarity_Utf16,0.95
2026-09-03,3aab1281a849e2b8790dd705f6e031dc5a79eb73,AMD EPYC 7763,IndelBenchmarks,Length=128,SubsequenceLength_Utf16,0.97
2026-09-03,3aab1281a849e2b8790dd705f6e031dc5a79eb73,AMD EPYC 7763,IndelBenchmarks,Length=512,Distance_Utf16,1.0
2026-09-03,3aab1281a849e2b8790dd705f6e031dc5a79eb73,AMD EPYC 7763,IndelBenchmarks,Length=512,Distance_CodePoint,44.79
2026-09-03,3aab1281a849e2b8790dd705f6e031dc5a79eb73,AMD EPYC 7763,IndelBenchmarks,Length=512,NormalizedSimilarity_Utf16,1.0
2026-09-03,3aab1281a849e2b8790dd705f6e031dc5a79eb73,AMD EPYC 7763,IndelBenchmarks,Length=512,SubsequenceLength_Utf16,1.0
2026-09-03,3aab1281a849e2b8790dd705f6e031dc5a79eb73,AMD EPYC 7763,LcsGateBenchmarks,Band=8,Dp,1.0
2026-09-03,3aab1281a849e2b8790dd705f6e031dc5a79eb73,AMD EPYC 7763,LcsGateBenchmarks,Band=8,Kernel,0.42
2026-09-03,3aab1281a849e2b8790dd705f6e031dc5a79eb73,AMD EPYC 7763,LcsGateBenchmarks,Band=8,Dp_Cjk,0.99
2026-09-03,3aab1281a849e2b8790dd705f6e031dc5a79eb73,AMD EPYC 7763,LcsGateBenchmarks,Band=8,Kernel_Cjk,0.73
2026-09-03,3aab1281a849e2b8790dd705f6e031dc5a79eb73,AMD EPYC 7763,LcsGateBenchmarks,Band=12,Dp,1.0
2026-09-03,3aab1281a849e2b8790dd705f6e031dc5a79eb73,AMD EPYC 7763,LcsGateBenchmarks,Band=12,Kernel,0.27
2026-09-03,3aab1281a849e2b8790dd705f6e031dc5a79eb73,AMD EPYC 7763,LcsGateBenchmarks,Band=12,Dp_Cjk,0.95
2026-09-03,3aab1281a849e2b8790dd705f6e031dc5a79eb73,AMD EPYC 7763,LcsGateBenchmarks,Band=12,Kernel_Cjk,0.48
2026-09-03,3aab1281a849e2b8790dd705f6e031dc5a79eb73,AMD EPYC 7763,LcsGateBenchmarks,Band=14,Dp,1.0
2026-09-03,3aab1281a849e2b8790dd705f6e031dc5a79eb73,AMD EPYC 7763,LcsGateBenchmarks,Band=14,Kernel,0.23
2026-09-03,3aab1281a849e2b8790dd705f6e031dc5a79eb73,AMD EPYC 7763,LcsGateBenchmarks,Band=14,Dp_Cjk,0.97
2026-09-03,3aab1281a849e2b8790dd705f6e031dc5a79eb73,AMD EPYC 7763,LcsGateBenchmarks,Band=14,Kernel_Cjk,0.4
2026-09-03,3aab1281a849e2b8790dd705f6e031dc5a79eb73,AMD EPYC 7763,LcsGateBenchmarks,Band=16,Dp,1.0
2026-09-03,3aab1281a849e2b8790dd705f6e031dc5a79eb73,AMD EPYC 7763,LcsGateBenchmarks,Band=16,Kernel,0.2
2026-09-03,3aab1281a849e2b8790dd705f6e031dc5a79eb73,AMD EPYC 7763,LcsGateBenchmarks,Band=16,Dp_Cjk,0.97
2026-09-03,3aab1281a849e2b8790dd705f6e031dc5a79eb73,AMD EPYC 7763,LcsGateBenchmarks,Band=16,Kernel_Cjk,0.33
2026-09-03,3aab1281a849e2b8790dd705f6e031dc5a79eb73,AMD EPYC 7763,LcsGateBenchmarks,Band=18,Dp,1.0
2026-09-03,3aab1281a849e2b8790dd705f6e031dc5a79eb73,AMD EPYC 7763,LcsGateBenchmarks,Band=18,Kernel,0.17
2026-09-03,3aab1281a849e2b8790dd705f6e031dc5a79eb73,AMD EPYC 7763,LcsGateBenchmarks,Band=18,Dp_Cjk,0.99
2026-09-03,3aab1281a849e2b8790dd705f6e031dc5a79eb73,AMD EPYC 7763,LcsGateBenchmarks,Band=18,Kernel_Cjk,0.28
2026-09-03,3aab1281a849e2b8790dd705f6e031dc5a79eb73,AMD EPYC 7763,LcsGateBenchmarks,Band=20,Dp,1.0
2026-09-03,3aab1281a849e2b8790dd705f6e031dc5a79eb73,AMD EPYC 7763,LcsGateBenchmarks,Band=20,Kernel,0.1
2026-09-03,3aab1281a849e2b8790dd705f6e031dc5a79eb73,AMD EPYC 7763,LcsGateBenchmarks,Band=20,Dp_Cjk,1.0
2026-09-03,3aab1281a849e2b8790dd705f6e031dc5a79eb73,AMD EPYC 7763,LcsGateBenchmarks,Band=20,Kernel_Cjk,0.17
2026-09-03,3aab1281a849e2b8790dd705f6e031dc5a79eb73,AMD EPYC 7763,LcsGateBenchmarks,Band=24,Dp,1.0
2026-09-03,3aab1281a849e2b8790dd705f6e031dc5a79eb73,AMD EPYC 7763,LcsGateBenchmarks,Band=24,Kernel,0.09
2026-09-03,3aab1281a849e2b8790dd705f6e031dc5a79eb73,AMD EPYC 7763,LcsGateBenchmarks,Band=24,Dp_Cjk,1.0
2026-09-03,3aab1281a849e2b8790dd705f6e031dc5a79eb73,AMD EPYC 7763,LcsGateBenchmarks,Band=24,Kernel_Cjk,0.14
2026-09-03,3aab1281a849e2b8790dd705f6e031dc5a79eb73,AMD EPYC 7763,LcsGateBenchmarks,Band=32,Dp,1.0
2026-09-03,3aab1281a849e2b8790dd705f6e031dc5a79eb73,AMD EPYC 7763,LcsGateBenchmarks,Band=32,Kernel,0.07
2026-09-03,3aab1281a849e2b8790dd705f6e031dc5a79eb73,AMD EPYC 7763,LcsGateBenchmarks,Band=32,Dp_Cjk,0.97
2026-09-03,3aab1281a849e2b8790dd705f6e031dc5a79eb73,AMD EPYC 7763,LcsGateBenchmarks,Band=32,Kernel_Cjk,0.11
2026-09-03,3aab1281a849e2b8790dd705f6e031dc5a79eb73,AMD EPYC 7763,LcsGateBenchmarks,Band=48,Dp,1.0
2026-09-03,3aab1281a849e2b8790dd705f6e031dc5a79eb73,AMD EPYC 7763,LcsGateBenchmarks,Band=48,Kernel,0.04
2026-09-03,3aab1281a849e2b8790dd705f6e031dc5a79eb73,AMD EPYC 7763,LcsGateBenchmarks,Band=48,Dp_Cjk,1.01
2026-09-03,3aab1281a849e2b8790dd705f6e031dc5a79eb73,AMD EPYC 7763,LcsGateBenchmarks,Band=48,Kernel_Cjk,0.08
2026-09-03,3aab1281a849e2b8790dd705f6e031dc5a79eb73,AMD EPYC 7763,LcsGateBenchmarks,Band=64,Dp,1.0
2026-09-03,3aab1281a849e2b8790dd705f6e031dc5a79eb73,AMD EPYC 7763,LcsGateBenchmarks,Band=64,Kernel,0.03
2026-09-03,3aab1281a849e2b8790dd705f6e031dc5a79eb73,AMD EPYC 7763,LcsGateBenchmarks,Band=64,Dp_Cjk,1.16
2026-09-03,3aab1281a849e2b8790dd705f6e031dc5a79eb73,AMD EPYC 7763,LcsGateBenchmarks,Band=64,Kernel_Cjk,0.05
2026-09-03,3aab1281a849e2b8790dd705f6e031dc5a79eb73,AMD EPYC 7763,LcsGateBenchmarks,Band=96,Dp,1.0
2026-09-03,3aab1281a849e2b8790dd705f6e031dc5a79eb73,AMD EPYC 7763,LcsGateBenchmarks,Band=96,Kernel,0.06
2026-09-03,3aab1281a849e2b8790dd705f6e031dc5a79eb73,AMD EPYC 7763,LcsGateBenchmarks,Band=96,Dp_Cjk,1.1
2026-09-03,3aab1281a849e2b8790dd705f6e031dc5a79eb73,AMD EPYC 7763,LcsGateBenchmarks,Band=96,Kernel_Cjk,0.08
2026-09-03,3aab1281a849e2b8790dd705f6e031dc5a79eb73,AMD EPYC 7763,LevenshteinBenchmarks,Length=8,Distance_Utf16,1.0
2026-09-03,3aab1281a849e2b8790dd705f6e031dc5a79eb73,AMD EPYC 7763,LevenshteinBenchmarks,Length=8,Distance_CodePoint,4.82
2026-09-03,3aab1281a849e2b8790dd705f6e031dc5a79eb73,AMD EPYC 7763,LevenshteinBenchmarks,Length=8,NormalizedSimilarity_Utf16,1.02
2026-09-03,3aab1281a849e2b8790dd705f6e031dc5a79eb73,AMD EPYC 7763,LevenshteinBenchmarks,Length=64,Distance_Utf16,1.0
2026-09-03,3aab1281a849e2b8790dd705f6e031dc5a79eb73,AMD EPYC 7763,LevenshteinBenchmarks,Length=64,Distance_CodePoint,2.45
2026-09-03,3aab1281a849e2b8790dd705f6e031dc5a79eb73,AMD EPYC 7763,LevenshteinBenchmarks,Length=64,NormalizedSimilarity_Utf16,1.0
2026-09-03,3aab1281a849e2b8790dd705f6e031dc5a79eb73,AMD EPYC 7763,LevenshteinBenchmarks,Length=512,Distance_Utf16,1.0
2026-09-03,3aab1281a849e2b8790dd705f6e031dc5a79eb73,AMD EPYC 7763,LevenshteinBenchmarks,Length=512,Distance_CodePoint,1.18
2026-09-03,3aab1281a849e2b8790dd705f6e031dc5a79eb73,AMD EPYC 7763,LevenshteinBenchmarks,Length=512,NormalizedSimilarity_Utf16,1.03
2026-09-03,3aab1281a849e2b8790dd705f6e031dc5a79eb73,AMD EPYC 7763,LevenshteinCodePointBenchmarks,"Length=16, Distinct=32",Distance_CodePoint,1.0
2026-09-03,3aab1281a849e2b8790dd705f6e031dc5a79eb73,AMD EPYC 7763,LevenshteinCodePointBenchmarks,"Length=16, Distinct=32",Distance_Utf16,0.73
2026-09-03,3aab1281a849e2b8790dd705f6e031dc5a79eb73,AMD EPYC 7763,LevenshteinCodePointBenchmarks,"Length=16, Distinct=512",Distance_CodePoint,1.0
2026-09-03,3aab1281a849e2b8790dd705f6e031dc5a79eb73,AMD EPYC 7763,LevenshteinCodePointBenchmarks,"Length=16, Distinct=512",Distance_Utf16,0.73
2026-09-03,3aab1281a849e2b8790dd705f6e031dc5a79eb73,AMD EPYC 7763,LevenshteinCodePointBenchmarks,"Length=24, Distinct=32",Distance_CodePoint,1.0
2026-09-03,3aab1281a849e2b8790dd705f6e031dc5a79eb73,AMD EPYC 7763,LevenshteinCodePointBenchmarks,"Length=24, Distinct=32",Distance_Utf16,0.77
2026-09-03,3aab1281a849e2b8790dd705f6e031dc5a79eb73,AMD EPYC 7763,LevenshteinCodePointBenchmarks,"Length=24, Distinct=512",Distance_CodePoint,1.0
2026-09-03,3aab1281a849e2b8790dd705f6e031dc5a79eb73,AMD EPYC 7763,LevenshteinCodePointBenchmarks,"Length=24, Distinct=512",Distance_Utf16,0.77
2026-09-03,3aab1281a849e2b8790dd705f6e031dc5a79eb73,AMD EPYC 7763,LevenshteinCodePointBenchmarks,"Length=32, Distinct=32",Distance_CodePoint,1.0
2026-09-03,3aab1281a849e2b8790dd705f6e031dc5a79eb73,AMD EPYC 7763,LevenshteinCodePointBenchmarks,"Length=32, Distinct=32",Distance_Utf16,0.84
2026-09-03,3aab1281a849e2b8790dd705f6e031dc5a79eb73,AMD EPYC 7763,LevenshteinCodePointBenchmarks,"Length=32, Distinct=512",Distance_CodePoint,1.0
2026-09-03,3aab1281a849e2b8790dd705f6e031dc5a79eb73,AMD EPYC 7763,LevenshteinCodePointBenchmarks,"Length=32, Distinct=512",Distance_Utf16,0.83
2026-09-03,3aab1281a849e2b8790dd705f6e031dc5a79eb73,AMD EPYC 7763,LevenshteinCodePointBenchmarks,"Length=40, Distinct=32",Distance_CodePoint,1.0
2026-09-03,3aab1281a849e2b8790dd705f6e031dc5a79eb73,AMD EPYC 7763,LevenshteinCodePointBenchmarks,"Length=40, Distinct=32",Distance_Utf16,2.22
2026-09-03,3aab1281a849e2b8790dd705f6e031dc5a79eb73,AMD EPYC 7763,LevenshteinCodePointBenchmarks,"Length=40, Distinct=512",Distance_CodePoint,1.0
2026-09-03,3aab1281a849e2b8790dd705f6e031dc5a79eb73,AMD EPYC 7763,LevenshteinCodePointBenchmarks,"Length=40, Distinct=512",Distance_Utf16,2.14
2026-09-03,3aab1281a849e2b8790dd705f6e031dc5a79eb73,AMD EPYC 7763,LevenshteinCodePointBenchmarks,"Length=128, Distinct=32",Distance_CodePoint,1.0
2026-09-03,3aab1281a849e2b8790dd705f6e031dc5a79eb73,AMD EPYC 7763,LevenshteinCodePointBenchmarks,"Length=128, Distinct=32",Distance_Utf16,2.14
2026-09-03,3aab1281a849e2b8790dd705f6e031dc5a79eb73,AMD EPYC 7763,LevenshteinCodePointBenchmarks,"Length=128, Distinct=512",Distance_CodePoint,1.0
2026-09-03,3aab1281a849e2b8790dd705f6e031dc5a79eb73,AMD EPYC 7763,LevenshteinCodePointBenchmarks,"Length=128, Distinct=512",Distance_Utf16,2.11
2026-09-03,3aab1281a849e2b8790dd705f6e031dc5a79eb73,AMD EPYC 7763,LevenshteinCodePointBenchmarks,"Length=512, Distinct=32",Distance_CodePoint,1.0
2026-09-03,3aab1281a849e2b8790dd705f6e031dc5a79eb73,AMD EPYC 7763,LevenshteinCodePointBenchmarks,"Length=512, Distinct=32",Distance_Utf16,3.51
2026-09-03,3aab1281a849e2b8790dd705f6e031dc5a79eb73,AMD EPYC 7763,LevenshteinCodePointBenchmarks,"Length=512, Distinct=512",Distance_CodePoint,1.0
2026-09-03,3aab1281a849e2b8790dd705f6e031dc5a79eb73,AMD EPYC 7763,LevenshteinCodePointBenchmarks,"Length=512, Distinct=512",Distance_Utf16,0.14
2026-09-03,3aab1281a849e2b8790dd705f6e031dc5a79eb73,AMD EPYC 7763,LevenshteinIncumbentBenchmarks,Length=8,Lodestar,1.0
2026-09-03,3aab1281a849e2b8790dd705f6e031dc5a79eb73,AMD EPYC 7763,LevenshteinIncumbentBenchmarks,Length=8,Fastenshtein,3.06
2026-09-03,3aab1281a849e2b8790dd705f6e031dc5a79eb73,AMD EPYC 7763,LevenshteinIncumbentBenchmarks,Length=8,Quickenshtein,3.31
2026-09-03,3aab1281a849e2b8790dd705f6e031dc5a79eb73,AMD EPYC 7763,LevenshteinIncumbentBenchmarks,Length=8,F23_StringSimilarity,7.47
2026-09-03,3aab1281a849e2b8790dd705f6e031dc5a79eb73,AMD EPYC 7763,LevenshteinIncumbentBenchmarks,Length=64,Lodestar,1.0
2026-09-03,3aab1281a849e2b8790dd705f6e031dc5a79eb73,AMD EPYC 7763,LevenshteinIncumbentBenchmarks,Length=64,Fastenshtein,22.45
2026-09-03,3aab1281a849e2b8790dd705f6e031dc5a79eb73,AMD EPYC 7763,LevenshteinIncumbentBenchmarks,Length=64,Quickenshtein,5.15
2026-09-03,3aab1281a849e2b8790dd705f6e031dc5a79eb73,AMD EPYC 7763,LevenshteinIncumbentBenchmarks,Length=64,F23_StringSimilarity,40.59
2026-09-03,3aab1281a849e2b8790dd705f6e031dc5a79eb73,AMD EPYC 7763,LevenshteinIncumbentBenchmarks,Length=512,Lodestar,1.0
2026-09-03,3aab1281a849e2b8790dd705f6e031dc5a79eb73,AMD EPYC 7763,LevenshteinIncumbentBenchmarks,Length=512,Fastenshtein,29.94
2026-09-03,3aab1281a849e2b8790dd705f6e031dc5a79eb73,AMD EPYC 7763,LevenshteinIncumbentBenchmarks,Length=512,Quickenshtein,2.61
2026-09-03,3aab1281a849e2b8790dd705f6e031dc5a79eb73,AMD EPYC 7763,LevenshteinIncumbentBenchmarks,Length=512,F23_StringSimilarity,49.99
2026-09-03,3aab1281a849e2b8790dd705f6e031dc5a79eb73,AMD EPYC 7763,MetricsIncumbentBenchmarks,"Samples=100000, Request=Bundle",Lodestar,1.0
2026-09-03,3aab1281a849e2b8790dd705f6e031dc5a79eb73,AMD EPYC 7763,MetricsIncumbentBenchmarks,"Samples=100000, Request=Bundle",MlNet,4.17
2026-09-03,3aab1281a849e2b8790dd705f6e031dc5a79eb73,AMD EPYC 7763,MetricsIncumbentBenchmarks,"Samples=100000, Request=AccuracyAlone",Lodestar,1.0
2026-09-03,3aab1281a849e2b8790dd705f6e031dc5a79eb73,AMD EPYC 7763,MetricsIncumbentBenchmarks,"Samples=100000, Request=AccuracyAlone",MlNet,133.83
2026-09-03,3aab1281a849e2b8790dd705f6e031dc5a79eb73,AMD EPYC 7763,MetricsIncumbentBenchmarks,"Samples=1000000, Request=Bundle",Lodestar,1.0
2026-09-03,3aab1281a849e2b8790dd705f6e031dc5a79eb73,AMD EPYC 7763,MetricsIncumbentBenchmarks,"Samples=1000000, Request=Bundle",MlNet,2.14
2026-09-03,3aab1281a849e2b8790dd705f6e031dc5a79eb73,AMD EPYC 7763,MetricsIncumbentBenchmarks,"Samples=1000000, Request=AccuracyAlone",Lodestar,1.0
2026-09-03,3aab1281a849e2b8790dd705f6e031dc5a79eb73,AMD EPYC 7763,MetricsIncumbentBenchmarks,"Samples=1000000, Request=AccuracyAlone",MlNet,84.42
2026-09-03,3aab1281a849e2b8790dd705f6e031dc5a79eb73,AMD EPYC 7763,MyersGateBenchmarks,Band=4,Dp,1.0
2026-09-03,3aab1281a849e2b8790dd705f6e031dc5a79eb73,AMD EPYC 7763,MyersGateBenchmarks,Band=4,Kernel,0.99
2026-09-03,3aab1281a849e2b8790dd705f6e031dc5a79eb73,AMD EPYC 7763,MyersGateBenchmarks,Band=4,Dp_Cjk,1.0
2026-09-03,3aab1281a849e2b8790dd705f6e031dc5a79eb73,AMD EPYC 7763,MyersGateBenchmarks,Band=4,Kernel_Cjk,1.0
2026-09-03,3aab1281a849e2b8790dd705f6e031dc5a79eb73,AMD EPYC 7763,MyersGateBenchmarks,Band=6,Dp,1.0
2026-09-03,3aab1281a849e2b8790dd705f6e031dc5a79eb73,AMD EPYC 7763,MyersGateBenchmarks,Band=6,Kernel,0.75
2026-09-03,3aab1281a849e2b8790dd705f6e031dc5a79eb73,AMD EPYC 7763,MyersGateBenchmarks,Band=6,Dp_Cjk,1.0
2026-09-03,3aab1281a849e2b8790dd705f6e031dc5a79eb73,AMD EPYC 7763,MyersGateBenchmarks,Band=6,Kernel_Cjk,1.26
2026-09-03,3aab1281a849e2b8790dd705f6e031dc5a79eb73,AMD EPYC 7763,MyersGateBenchmarks,Band=8,Dp,1.0
2026-09-03,3aab1281a849e2b8790dd705f6e031dc5a79eb73,AMD EPYC 7763,MyersGateBenchmarks,Band=8,Kernel,0.57
2026-09-03,3aab1281a849e2b8790dd705f6e031dc5a79eb73,AMD EPYC 7763,MyersGateBenchmarks,Band=8,Dp_Cjk,1.01
2026-09-03,3aab1281a849e2b8790dd705f6e031dc5a79eb73,AMD EPYC 7763,MyersGateBenchmarks,Band=8,Kernel_Cjk,1.17
2026-09-03,3aab1281a849e2b8790dd705f6e031dc5a79eb73,AMD EPYC 7763,MyersGateBenchmarks,Band=10,Dp,1.0
2026-09-03,3aab1281a849e2b8790dd705f6e031dc5a79eb73,AMD EPYC 7763,MyersGateBenchmarks,Band=10,Kernel,0.48
2026-09-03,3aab1281a849e2b8790dd705f6e031dc5a79eb73,AMD EPYC 7763,MyersGateBenchmarks,Band=10,Dp_Cjk,1.0
2026-09-03,3aab1281a849e2b8790dd705f6e031dc5a79eb73,AMD EPYC 7763,MyersGateBenchmarks,Band=10,Kernel_Cjk,0.76
2026-09-03,3aab1281a849e2b8790dd705f6e031dc5a79eb73,AMD EPYC 7763,MyersGateBenchmarks,Band=12,Dp,1.0
2026-09-03,3aab1281a849e2b8790dd705f6e031dc5a79eb73,AMD EPYC 7763,MyersGateBenchmarks,Band=12,Kernel,0.42
2026-09-03,3aab1281a849e2b8790dd705f6e031dc5a79eb73,AMD EPYC 7763,MyersGateBenchmarks,Band=12,Dp_Cjk,0.99
2026-09-03,3aab1281a849e2b8790dd705f6e031dc5a79eb73,AMD EPYC 7763,MyersGateBenchmarks,Band=12,Kernel_Cjk,0.72
2026-09-03,3aab1281a849e2b8790dd705f6e031dc5a79eb73,AMD EPYC 7763,MyersGateBenchmarks,Band=16,Dp,1.0
2026-09-03,3aab1281a849e2b8790dd705f6e031dc5a79eb73,AMD EPYC 7763,MyersGateBenchmarks,Band=16,Kernel,0.3
2026-09-03,3aab1281a849e2b8790dd705f6e031dc5a79eb73,AMD EPYC 7763,MyersGateBenchmarks,Band=16,Dp_Cjk,1.07
2026-09-03,3aab1281a849e2b8790dd705f6e031dc5a79eb73,AMD EPYC 7763,MyersGateBenchmarks,Band=16,Kernel_Cjk,0.43
2026-09-03,3aab1281a849e2b8790dd705f6e031dc5a79eb73,AMD EPYC 7763,MyersGateBenchmarks,Band=24,Dp,1.0
2026-09-03,3aab1281a849e2b8790dd705f6e031dc5a79eb73,AMD EPYC 7763,MyersGateBenchmarks,Band=24,Kernel,0.19
2026-09-03,3aab1281a849e2b8790dd705f6e031dc5a79eb73,AMD EPYC 7763,MyersGateBenchmarks,Band=24,Dp_Cjk,1.01
2026-09-03,3aab1281a849e2b8790dd705f6e031dc5a79eb73,AMD EPYC 7763,MyersGateBenchmarks,Band=24,Kernel_Cjk,0.26
2026-09-03,3aab1281a849e2b8790dd705f6e031dc5a79eb73,AMD EPYC 7763,MyersGateBenchmarks,Band=32,Dp,1.0
2026-09-03,3aab1281a849e2b8790dd705f6e031dc5a79eb73,AMD EPYC 7763,MyersGateBenchmarks,Band=32,Kernel,0.14
2026-09-03,3aab1281a849e2b8790dd705f6e031dc5a79eb73,AMD EPYC 7763,MyersGateBenchmarks,Band=32,Dp_Cjk,1.0
2026-09-03,3aab1281a849e2b8790dd705f6e031dc5a79eb73,AMD EPYC 7763,MyersGateBenchmarks,Band=32,Kernel_Cjk,0.19
2026-09-03,3aab1281a849e2b8790dd705f6e031dc5a79eb73,AMD EPYC 7763,MyersGateBenchmarks,Band=48,Dp,1.0
2026-09-03,3aab1281a849e2b8790dd705f6e031dc5a79eb73,AMD EPYC 7763,MyersGateBenchmarks,Band=48,Kernel,0.07
2026-09-03,3aab1281a849e2b8790dd705f6e031dc5a79eb73,AMD EPYC 7763,MyersGateBenchmarks,Band=48,Dp_Cjk,0.92
2026-09-03,3aab1281a849e2b8790dd705f6e031dc5a79eb73,AMD EPYC 7763,MyersGateBenchmarks,Band=48,Kernel_Cjk,0.1
2026-09-03,3aab1281a849e2b8790dd705f6e031dc5a79eb73,AMD EPYC 7763,MyersGateBenchmarks,Band=64,Dp,1.0
2026-09-03,3aab1281a849e2b8790dd705f6e031dc5a79eb73,AMD EPYC 7763,MyersGateBenchmarks,Band=64,Kernel,0.05
2026-09-03,3aab1281a849e2b8790dd705f6e031dc5a79eb73,AMD EPYC 7763,MyersGateBenchmarks,Band=64,Dp_Cjk,0.99
2026-09-03,3aab1281a849e2b8790dd705f6e031dc5a79eb73,AMD EPYC 7763,MyersGateBenchmarks,Band=64,Kernel_Cjk,0.07
2026-09-03,3aab1281a849e2b8790dd705f6e031dc5a79eb73,AMD EPYC 7763,MyersGateBenchmarks,Band=96,Dp,1.0
2026-09-03,3aab1281a849e2b8790dd705f6e031dc5a79eb73,AMD EPYC 7763,MyersGateBenchmarks,Band=96,Kernel,0.09
2026-09-03,3aab1281a849e2b8790dd705f6e031dc5a79eb73,AMD EPYC 7763,MyersGateBenchmarks,Band=96,Dp_Cjk,0.99
2026-09-03,3aab1281a849e2b8790dd705f6e031dc5a79eb73,AMD EPYC 7763,MyersGateBenchmarks,Band=96,Kernel_Cjk,0.1
2026-09-03,3aab1281a849e2b8790dd705f6e031dc5a79eb73,AMD EPYC 7763,StopWordBenchmarks,Documents=200,Count,1.0
2026-09-03,3aab1281a849e2b8790dd705f6e031dc5a79eb73,AMD EPYC 7763,StopWordBenchmarks,Documents=200,CountWithStopWords,0.84
2026-09-03,3aab1281a849e2b8790dd705f6e031dc5a79eb73,AMD EPYC 7763,StopWordBenchmarks,Documents=200,Hashing,1.0
2026-09-03,3aab1281a849e2b8790dd705f6e031dc5a79eb73,AMD EPYC 7763,StopWordBenchmarks,Documents=200,HashingWithStopWords,0.89
2026-09-03,3aab1281a849e2b8790dd705f6e031dc5a79eb73,AMD EPYC 7763,StopWordBenchmarks,Documents=1000,Count,1.0
2026-09-03,3aab1281a849e2b8790dd705f6e031dc5a79eb73,AMD EPYC 7763,StopWordBenchmarks,Documents=1000,CountWithStopWords,0.79
2026-09-03,3aab1281a849e2b8790dd705f6e031dc5a79eb73,AMD EPYC 7763,StopWordBenchmarks,Documents=1000,Hashing,0.95
2026-09-03,3aab1281a849e2b8790dd705f6e031dc5a79eb73,AMD EPYC 7763,StopWordBenchmarks,Documents=1000,HashingWithStopWords,0.82
2026-09-03,3aab1281a849e2b8790dd705f6e031dc5a79eb73,AMD EPYC 7763,TokenizerIncumbentBenchmarks,Model=WordPiece,Lodestar,1.0
2026-09-03,3aab1281a849e2b8790dd705f6e031dc5a79eb73,AMD EPYC 7763,TokenizerIncumbentBenchmarks,Model=WordPiece,MlTokenizers,0.86
2026-09-03,3aab1281a849e2b8790dd705f6e031dc5a79eb73,AMD EPYC 7763,TokenizerIncumbentBenchmarks,Model=SentencePiece,Lodestar,1.0
2026-09-03,3aab1281a849e2b8790dd705f6e031dc5a79eb73,AMD EPYC 7763,TokenizerIncumbentBenchmarks,Model=SentencePiece,MlTokenizers,0.15
2026-09-03,3aab1281a849e2b8790dd705f6e031dc5a79eb73,AMD EPYC 7763,VectorMathBenchmarks,Dim=384,Dot,1.0
2026-09-03,3aab1281a849e2b8790dd705f6e031dc5a79eb73,AMD EPYC 7763,VectorMathBenchmarks,Dim=384,L2Norm,1.05
2026-09-03,3aab1281a849e2b8790dd705f6e031dc5a79eb73,AMD EPYC 7763,VectorMathBenchmarks,Dim=768,Dot,1.0
2026-09-03,3aab1281a849e2b8790dd705f6e031dc5a79eb73,AMD EPYC 7763,VectorMathBenchmarks,Dim=768,L2Norm,0.97
2026-09-03,3aab1281a849e2b8790dd705f6e031dc5a79eb73,AMD EPYC 7763,VectorMathBenchmarks,Dim=1024,Dot,1.0
2026-09-03,3aab1281a849e2b8790dd705f6e031dc5a79eb73,AMD EPYC 7763,VectorMathBenchmarks,Dim=1024,L2Norm,1.48
2026-09-03,3aab1281a849e2b8790dd705f6e031dc5a79eb73,AMD EPYC 7763,VectorizerBenchmarks,Documents=200,Count,1.0
2026-09-03,3aab1281a849e2b8790dd705f6e031dc5a79eb73,AMD EPYC 7763,VectorizerBenchmarks,Documents=200,Tfidf,0.97
2026-09-03,3aab1281a849e2b8790dd705f6e031dc5a79eb73,AMD EPYC 7763,VectorizerBenchmarks,Documents=200,CountBigrams,1.22
2026-09-03,3aab1281a849e2b8790dd705f6e031dc5a79eb73,AMD EPYC 7763,VectorizerBenchmarks,Documents=200,Hashing,0.95
2026-09-03,3aab1281a849e2b8790dd705f6e031dc5a79eb73,AMD EPYC 7763,VectorizerBenchmarks,Documents=1000,Count,1.0
2026-09-03,3aab1281a849e2b8790dd705f6e031dc5a79eb73,AMD EPYC 7763,VectorizerBenchmarks,Documents=1000,Tfidf,1.02
2026-09-03,3aab1281a849e2b8790dd705f6e031dc5a79eb73,AMD EPYC 7763,VectorizerBenchmarks,Documents=1000,CountBigrams,1.6
2026-09-03,3aab1281a849e2b8790dd705f6e031dc5a79eb73,AMD EPYC 7763,VectorizerBenchmarks,Documents=1000,Hashing,0.99
2026-09-03,3aab1281a849e2b8790dd705f6e031dc5a79eb73,AMD EPYC 7763,VectorizerIncumbentBenchmarks,Documents=200,Lodestar,1.0
2026-09-03,3aab1281a849e2b8790dd705f6e031dc5a79eb73,AMD EPYC 7763,VectorizerIncumbentBenchmarks,Documents=200,MlNet,8.99
2026-09-03,3aab1281a849e2b8790dd705f6e031dc5a79eb73,AMD EPYC 7763,VectorizerIncumbentBenchmarks,Documents=1000,Lodestar,1.0
2026-09-03,3aab1281a849e2b8790dd705f6e031dc5a79eb73,AMD EPYC 7763,VectorizerIncumbentBenchmarks,Documents=1000,MlNet,12.67
2026-09-04,a7a9382eb7cd998f2b635d32314a57766e27d971,AMD EPYC 7763,BatchEmbeddingBenchmarks,CorpusSize=1,UnitLoop,1.0
2026-09-04,a7a9382eb7cd998f2b635d32314a57766e27d971,AMD EPYC 7763,BatchEmbeddingBenchmarks,CorpusSize=1,EmbedBatch,1.03
2026-09-04,a7a9382eb7cd998f2b635d32314a57766e27d971,AMD EPYC 7763,BatchEmbeddingBenchmarks,CorpusSize=1,EmbedBatchBucketed,1.08
2026-09-04,a7a9382eb7cd998f2b635d32314a57766e27d971,AMD EPYC 7763,BatchEmbeddingBenchmarks,CorpusSize=8,UnitLoop,1.0
2026-09-04,a7a9382eb7cd998f2b635d32314a57766e27d971,AMD EPYC 7763,BatchEmbeddingBenchmarks,CorpusSize=8,EmbedBatch,0.61
2026-09-04,a7a9382eb7cd998f2b635d32314a57766e27d971,AMD EPYC 7763,BatchEmbeddingBenchmarks,CorpusSize=8,EmbedBatchBucketed,0.58
2026-09-04,a7a9382eb7cd998f2b635d32314a57766e27d971,AMD EPYC 7763,BatchEmbeddingBenchmarks,CorpusSize=32,UnitLoop,1.0
2026-09-04,a7a9382eb7cd998f2b635d32314a57766e27d971,AMD EPYC 7763,BatchEmbeddingBenchmarks,CorpusSize=32,EmbedBatch,0.57
2026-09-04,a7a9382eb7cd998f2b635d32314a57766e27d971,AMD EPYC 7763,BatchEmbeddingBenchmarks,CorpusSize=32,EmbedBatchBucketed,0.52
2026-09-04,a7a9382eb7cd998f2b635d32314a57766e27d971,AMD EPYC 7763,BatchEmbeddingBenchmarks,CorpusSize=128,UnitLoop,1.0
2026-09-04,a7a9382eb7cd998f2b635d32314a57766e27d971,AMD EPYC 7763,BatchEmbeddingBenchmarks,CorpusSize=128,EmbedBatch,0.57
2026-09-04,a7a9382eb7cd998f2b635d32314a57766e27d971,AMD EPYC 7763,BatchEmbeddingBenchmarks,CorpusSize=128,EmbedBatchBucketed,0.52
2026-09-04,a7a9382eb7cd998f2b635d32314a57766e27d971,AMD EPYC 7763,BpeBenchmarks,,Unigram,1.0
2026-09-04,a7a9382eb7cd998f2b635d32314a57766e27d971,AMD EPYC 7763,BpeBenchmarks,,Bpe,1.71
2026-09-04,a7a9382eb7cd998f2b635d32314a57766e27d971,AMD EPYC 7763,TokenizerIncumbentBenchmarks,Model=WordPiece,Lodestar,1.0
2026-09-04,a7a9382eb7cd998f2b635d32314a57766e27d971,AMD EPYC 7763,TokenizerIncumbentBenchmarks,Model=WordPiece,MlTokenizers,0.86
2026-09-04,a7a9382eb7cd998f2b635d32314a57766e27d971,AMD EPYC 7763,TokenizerIncumbentBenchmarks,Model=SentencePiece,Lodestar,1.0
2026-09-04,a7a9382eb7cd998f2b635d32314a57766e27d971,AMD EPYC 7763,TokenizerIncumbentBenchmarks,Model=SentencePiece,MlTokenizers,0.15
2026-09-05,65c60215bbd2020a40d02b0bc6f196c29d47d58a,INTEL XEON PLATINUM 8573C,BatchEmbeddingBenchmarks,CorpusSize=1,UnitLoop,1.0
2026-09-05,65c60215bbd2020a40d02b0bc6f196c29d47d58a,INTEL XEON PLATINUM 8573C,BatchEmbeddingBenchmarks,CorpusSize=1,EmbedBatch,1.01
2026-09-05,65c60215bbd2020a40d02b0bc6f196c29d47d58a,INTEL XEON PLATINUM 8573C,BatchEmbeddingBenchmarks,CorpusSize=1,EmbedBatchBucketed,1.05
2026-09-05,65c60215bbd2020a40d02b0bc6f196c29d47d58a,INTEL XEON PLATINUM 8573C,BatchEmbeddingBenchmarks,CorpusSize=8,UnitLoop,1.0
2026-09-05,65c60215bbd2020a40d02b0bc6f196c29d47d58a,INTEL XEON PLATINUM 8573C,BatchEmbeddingBenchmarks,CorpusSize=8,EmbedBatch,0.57
2026-09-05,65c60215bbd2020a40d02b0bc6f196c29d47d58a,INTEL XEON PLATINUM 8573C,BatchEmbeddingBenchmarks,CorpusSize=8,EmbedBatchBucketed,0.57
2026-09-05,65c60215bbd2020a40d02b0bc6f196c29d47d58a,INTEL XEON PLATINUM 8573C,BatchEmbeddingBenchmarks,CorpusSize=32,UnitLoop,1.0
2026-09-05,65c60215bbd2020a40d02b0bc6f196c29d47d58a,INTEL XEON PLATINUM 8573C,BatchEmbeddingBenchmarks,CorpusSize=32,EmbedBatch,0.54
2026-09-05,65c60215bbd2020a40d02b0bc6f196c29d47d58a,INTEL XEON PLATINUM 8573C,BatchEmbeddingBenchmarks,CorpusSize=32,EmbedBatchBucketed,0.51
2026-09-05,65c60215bbd2020a40d02b0bc6f196c29d47d58a,INTEL XEON PLATINUM 8573C,BatchEmbeddingBenchmarks,CorpusSize=128,UnitLoop,1.0
2026-09-05,65c60215bbd2020a40d02b0bc6f196c29d47d58a,INTEL XEON PLATINUM 8573C,BatchEmbeddingBenchmarks,CorpusSize=128,EmbedBatch,0.51
2026-09-05,65c60215bbd2020a40d02b0bc6f196c29d47d58a,INTEL XEON PLATINUM 8573C,BatchEmbeddingBenchmarks,CorpusSize=128,EmbedBatchBucketed,0.49
2026-09-05,65c60215bbd2020a40d02b0bc6f196c29d47d58a,INTEL XEON PLATINUM 8573C,BpeBenchmarks,,Unigram,1.0
2026-09-05,65c60215bbd2020a40d02b0bc6f196c29d47d58a,INTEL XEON PLATINUM 8573C,BpeBenchmarks,,Bpe,1.84
2026-09-05,65c60215bbd2020a40d02b0bc6f196c29d47d58a,INTEL XEON PLATINUM 8573C,TokenizerIncumbentBenchmarks,Model=WordPiece,Lodestar,1.0
2026-09-05,65c60215bbd2020a40d02b0bc6f196c29d47d58a,INTEL XEON PLATINUM 8573C,TokenizerIncumbentBenchmarks,Model=WordPiece,MlTokenizers,0.79
2026-09-05,65c60215bbd2020a40d02b0bc6f196c29d47d58a,INTEL XEON PLATINUM 8573C,TokenizerIncumbentBenchmarks,Model=SentencePiece,Lodestar,1.0
2026-09-05,65c60215bbd2020a40d02b0bc6f196c29d47d58a,INTEL XEON PLATINUM 8573C,TokenizerIncumbentBenchmarks,Model=SentencePiece,MlTokenizers,0.14
2026-09-05,65c60215bbd2020a40d02b0bc6f196c29d47d58a,INTEL XEON PLATINUM 8573C,VectorMathBenchmarks,Dim=384,Dot,1.0
2026-09-05,65c60215bbd2020a40d02b0bc6f196c29d47d58a,INTEL XEON PLATINUM 8573C,VectorMathBenchmarks,Dim=384,L2Norm,0.85
2026-09-05,65c60215bbd2020a40d02b0bc6f196c29d47d58a,INTEL XEON PLATINUM 8573C,VectorMathBenchmarks,Dim=768,Dot,1.0
2026-09-05,65c60215bbd2020a40d02b0bc6f196c29d47d58a,INTEL XEON PLATINUM 8573C,VectorMathBenchmarks,Dim=768,L2Norm,0.84
2026-09-05,65c60215bbd2020a40d02b0bc6f196c29d47d58a,INTEL XEON PLATINUM 8573C,VectorMathBenchmarks,Dim=1024,Dot,1.0
2026-09-05,65c60215bbd2020a40d02b0bc6f196c29d47d58a,INTEL XEON PLATINUM 8573C,VectorMathBenchmarks,Dim=1024,L2Norm,0.82
2026-09-08,3d9d04a8895d8f76b4360c1a3f3bf21a39dea535,AMD EPYC 9V74,BatchEmbeddingBenchmarks,CorpusSize=1,UnitLoop,1.0
2026-09-08,3d9d04a8895d8f76b4360c1a3f3bf21a39dea535,AMD EPYC 9V74,BatchEmbeddingBenchmarks,CorpusSize=1,EmbedBatch,1.03
2026-09-08,3d9d04a8895d8f76b4360c1a3f3bf21a39dea535,AMD EPYC 9V74,BatchEmbeddingBenchmarks,CorpusSize=1,EmbedBatchBucketed,1.04
2026-09-08,3d9d04a8895d8f76b4360c1a3f3bf21a39dea535,AMD EPYC 9V74,BatchEmbeddingBenchmarks,CorpusSize=8,UnitLoop,1.0
2026-09-08,3d9d04a8895d8f76b4360c1a3f3bf21a39dea535,AMD EPYC 9V74,BatchEmbeddingBenchmarks,CorpusSize=8,EmbedBatch,0.61
2026-09-08,3d9d04a8895d8f76b4360c1a3f3bf21a39dea535,AMD EPYC 9V74,BatchEmbeddingBenchmarks,CorpusSize=8,EmbedBatchBucketed,0.61
2026-09-08,3d9d04a8895d8f76b4360c1a3f3bf21a39dea535,AMD EPYC 9V74,BatchEmbeddingBenchmarks,CorpusSize=32,UnitLoop,1.0
2026-09-08,3d9d04a8895d8f76b4360c1a3f3bf21a39dea535,AMD EPYC 9V74,BatchEmbeddingBenchmarks,CorpusSize=32,EmbedBatch,0.59
2026-09-08,3d9d04a8895d8f76b4360c1a3f3bf21a39dea535,AMD EPYC 9V74,BatchEmbeddingBenchmarks,CorpusSize=32,EmbedBatchBucketed,0.55
2026-09-08,3d9d04a8895d8f76b4360c1a3f3bf21a39dea535,AMD EPYC 9V74,BatchEmbeddingBenchmarks,CorpusSize=128,UnitLoop,1.0
2026-09-08,3d9d04a8895d8f76b4360c1a3f3bf21a39dea535,AMD EPYC 9V74,BatchEmbeddingBenchmarks,CorpusSize=128,EmbedBatch,0.59
2026-09-08,3d9d04a8895d8f76b4360c1a3f3bf21a39dea535,AMD EPYC 9V74,BatchEmbeddingBenchmarks,CorpusSize=128,EmbedBatchBucketed,0.52
2026-09-08,3d9d04a8895d8f76b4360c1a3f3bf21a39dea535,AMD EPYC 9V74,BpeBenchmarks,,Unigram,1.0
2026-09-08,3d9d04a8895d8f76b4360c1a3f3bf21a39dea535,AMD EPYC 9V74,BpeBenchmarks,,Bpe,1.66
2026-09-08,3d9d04a8895d8f76b4360c1a3f3bf21a39dea535,AMD EPYC 9V74,TokenizerIncumbentBenchmarks,Model=WordPiece,Lodestar,1.0
2026-09-08,3d9d04a8895d8f76b4360c1a3f3bf21a39dea535,AMD EPYC 9V74,TokenizerIncumbentBenchmarks,Model=WordPiece,MlTokenizers,0.85
2026-09-08,3d9d04a8895d8f76b4360c1a3f3bf21a39dea535,AMD EPYC 9V74,TokenizerIncumbentBenchmarks,Model=SentencePiece,Lodestar,1.0
2026-09-08,3d9d04a8895d8f76b4360c1a3f3bf21a39dea535,AMD EPYC 9V74,TokenizerIncumbentBenchmarks,Model=SentencePiece,MlTokenizers,0.15
2026-09-09,04d24cf8806c078a1d9ffa71e8bc3f5cdb902c31,AMD EPYC 9V74,BatchEmbeddingBenchmarks,CorpusSize=1,UnitLoop,1.0
2026-09-09,04d24cf8806c078a1d9ffa71e8bc3f5cdb902c31,AMD EPYC 9V74,BatchEmbeddingBenchmarks,CorpusSize=1,EmbedBatch,1.02
2026-09-09,04d24cf8806c078a1d9ffa71e8bc3f5cdb902c31,AMD EPYC 9V74,BatchEmbeddingBenchmarks,CorpusSize=1,EmbedBatchBucketed,1.01
2026-09-09,04d24cf8806c078a1d9ffa71e8bc3f5cdb902c31,AMD EPYC 9V74,BatchEmbeddingBenchmarks,CorpusSize=8,UnitLoop,1.0
2026-09-09,04d24cf8806c078a1d9ffa71e8bc3f5cdb902c31,AMD EPYC 9V74,BatchEmbeddingBenchmarks,CorpusSize=8,EmbedBatch,0.64
2026-09-09,04d24cf8806c078a1d9ffa71e8bc3f5cdb902c31,AMD EPYC 9V74,BatchEmbeddingBenchmarks,CorpusSize=8,EmbedBatchBucketed,0.65
2026-09-09,04d24cf8806c078a1d9ffa71e8bc3f5cdb902c31,AMD EPYC 9V74,BatchEmbeddingBenchmarks,CorpusSize=32,UnitLoop,1.0
2026-09-09,04d24cf8806c078a1d9ffa71e8bc3f5cdb902c31,AMD EPYC 9V74,BatchEmbeddingBenchmarks,CorpusSize=32,EmbedBatch,0.6
2026-09-09,04d24cf8806c078a1d9ffa71e8bc3f5cdb902c31,AMD EPYC 9V74,BatchEmbeddingBenchmarks,CorpusSize=32,EmbedBatchBucketed,0.55
2026-09-09,04d24cf8806c078a1d9ffa71e8bc3f5cdb902c31,AMD EPYC 9V74,BatchEmbeddingBenchmarks,CorpusSize=128,UnitLoop,1.0
2026-09-09,04d24cf8806c078a1d9ffa71e8bc3f5cdb902c31,AMD EPYC 9V74,BatchEmbeddingBenchmarks,CorpusSize=128,EmbedBatch,0.55
2026-09-09,04d24cf8806c078a1d9ffa71e8bc3f5cdb902c31,AMD EPYC 9V74,BatchEmbeddingBenchmarks,CorpusSize=128,EmbedBatchBucketed,0.51
2026-09-09,04d24cf8806c078a1d9ffa71e8bc3f5cdb902c31,AMD EPYC 9V74,BpeBenchmarks,,Unigram,1.0
2026-09-09,04d24cf8806c078a1d9ffa71e8bc3f5cdb902c31,AMD EPYC 9V74,BpeBenchmarks,,Bpe,1.67
2026-09-09,04d24cf8806c078a1d9ffa71e8bc3f5cdb902c31,AMD EPYC 9V74,DecompositionBenchmarks,,TruncatedSvd_Rank20,1.0
2026-09-09,04d24cf8806c078a1d9ffa71e8bc3f5cdb902c31,AMD EPYC 9V74,DecompositionBenchmarks,,Nmf_Rank20,7.12
2026-09-09,04d24cf8806c078a1d9ffa71e8bc3f5cdb902c31,AMD EPYC 9V74,DecompositionBenchmarks,,MlNet_ProjectToPrincipalComponents_Rank20,0.84
2026-09-09,04d24cf8806c078a1d9ffa71e8bc3f5cdb902c31,AMD EPYC 9V74,TokenizerIncumbentBenchmarks,Model=WordPiece,Lodestar,1.0
2026-09-09,04d24cf8806c078a1d9ffa71e8bc3f5cdb902c31,AMD EPYC 9V74,TokenizerIncumbentBenchmarks,Model=WordPiece,MlTokenizers,0.82
2026-09-09,04d24cf8806c078a1d9ffa71e8bc3f5cdb902c31,AMD EPYC 9V74,TokenizerIncumbentBenchmarks,Model=SentencePiece,Lodestar,1.0
2026-09-09,04d24cf8806c078a1d9ffa71e8bc3f5cdb902c31,AMD EPYC 9V74,TokenizerIncumbentBenchmarks,Model=SentencePiece,MlTokenizers,0.15
2026-09-10,5ffb8e811e09fb49b19db58c1c94ed7637b15c16,AMD EPYC 7763,OlsBenchmarks,SampleSize=100,Lodestar_Ols,1.0
2026-09-10,5ffb8e811e09fb49b19db58c1c94ed7637b15c16,AMD EPYC 7763,OlsBenchmarks,SampleSize=100,Accord_Ols,3.18
2026-09-10,5ffb8e811e09fb49b19db58c1c94ed7637b15c16,AMD EPYC 7763,OlsBenchmarks,SampleSize=10000,Lodestar_Ols,1.0
2026-09-10,5ffb8e811e09fb49b19db58c1c94ed7637b15c16,AMD EPYC 7763,OlsBenchmarks,SampleSize=10000,Accord_Ols,0.72
2026-09-10,5ffb8e811e09fb49b19db58c1c94ed7637b15c16,AMD EPYC 7763,StatsBenchmarks,SampleSize=100,LodestarWelchT,1.0
2026-09-10,5ffb8e811e09fb49b19db58c1c94ed7637b15c16,AMD EPYC 7763,StatsBenchmarks,SampleSize=100,AccordWelchT,39.66
2026-09-10,5ffb8e811e09fb49b19db58c1c94ed7637b15c16,AMD EPYC 7763,StatsBenchmarks,SampleSize=100,LodestarMannWhitney,7.65
2026-09-10,5ffb8e811e09fb49b19db58c1c94ed7637b15c16,AMD EPYC 7763,StatsBenchmarks,SampleSize=100,AccordMannWhitney,23.17
2026-09-10,5ffb8e811e09fb49b19db58c1c94ed7637b15c16,AMD EPYC 7763,StatsBenchmarks,SampleSize=100,LodestarChiSquare,0.31
2026-09-10,5ffb8e811e09fb49b19db58c1c94ed7637b15c16,AMD EPYC 7763,StatsBenchmarks,SampleSize=100,AccordChiSquare,0.22
2026-09-10,5ffb8e811e09fb49b19db58c1c94ed7637b15c16,AMD EPYC 7763,StatsBenchmarks,SampleSize=10000,LodestarWelchT,1.0
2026-09-10,5ffb8e811e09fb49b19db58c1c94ed7637b15c16,AMD EPYC 7763,StatsBenchmarks,SampleSize=10000,AccordWelchT,3.747
2026-09-10,5ffb8e811e09fb49b19db58c1c94ed7637b15c16,AMD EPYC 7763,StatsBenchmarks,SampleSize=10000,LodestarMannWhitney,123.217
2026-09-10,5ffb8e811e09fb49b19db58c1c94ed7637b15c16,AMD EPYC 7763,StatsBenchmarks,SampleSize=10000,AccordMannWhitney,331.446
2026-09-10,5ffb8e811e09fb49b19db58c1c94ed7637b15c16,AMD EPYC 7763,StatsBenchmarks,SampleSize=10000,LodestarChiSquare,0.008
2026-09-10,5ffb8e811e09fb49b19db58c1c94ed7637b15c16,AMD EPYC 7763,StatsBenchmarks,SampleSize=10000,AccordChiSquare,0.006
2026-09-10,5ffb8e811e09fb49b19db58c1c94ed7637b15c16,AMD EPYC 7763,DecompositionBenchmarks,,TruncatedSvd_Rank20,1.0
2026-09-10,5ffb8e811e09fb49b19db58c1c94ed7637b15c16,AMD EPYC 7763,DecompositionBenchmarks,,Nmf_Rank20,7.31
2026-09-10,5ffb8e811e09fb49b19db58c1c94ed7637b15c16,AMD EPYC 7763,DecompositionBenchmarks,,MlNet_ProjectToPrincipalComponents_Rank20,0.85
2026-09-12,f38a0c896419241561c30c0821b9ca02c0fb17f9,AMD EPYC 7763,BatchEmbeddingBenchmarks,CorpusSize=1,UnitLoop,1.0
2026-09-12,f38a0c896419241561c30c0821b9ca02c0fb17f9,AMD EPYC 7763,BatchEmbeddingBenchmarks,CorpusSize=1,EmbedBatch,1.04
2026-09-12,f38a0c896419241561c30c0821b9ca02c0fb17f9,AMD EPYC 7763,BatchEmbeddingBenchmarks,CorpusSize=1,EmbedBatchBucketed,1.04
2026-09-12,f38a0c896419241561c30c0821b9ca02c0fb17f9,AMD EPYC 7763,BatchEmbeddingBenchmarks,CorpusSize=8,UnitLoop,1.0
2026-09-12,f38a0c896419241561c30c0821b9ca02c0fb17f9,AMD EPYC 7763,BatchEmbeddingBenchmarks,CorpusSize=8,EmbedBatch,0.62
2026-09-12,f38a0c896419241561c30c0821b9ca02c0fb17f9,AMD EPYC 7763,BatchEmbeddingBenchmarks,CorpusSize=8,EmbedBatchBucketed,0.58
2026-09-12,f38a0c896419241561c30c0821b9ca02c0fb17f9,AMD EPYC 7763,BatchEmbeddingBenchmarks,CorpusSize=32,UnitLoop,1.0
2026-09-12,f38a0c896419241561c30c0821b9ca02c0fb17f9,AMD EPYC 7763,BatchEmbeddingBenchmarks,CorpusSize=32,EmbedBatch,0.57
2026-09-12,f38a0c896419241561c30c0821b9ca02c0fb17f9,AMD EPYC 7763,BatchEmbeddingBenchmarks,CorpusSize=32,EmbedBatchBucketed,0.53
2026-09-12,f38a0c896419241561c30c0821b9ca02c0fb17f9,AMD EPYC 7763,BatchEmbeddingBenchmarks,CorpusSize=128,UnitLoop,1.0
2026-09-12,f38a0c896419241561c30c0821b9ca02c0fb17f9,AMD EPYC 7763,BatchEmbeddingBenchmarks,CorpusSize=128,EmbedBatch,0.54
2026-09-12,f38a0c896419241561c30c0821b9ca02c0fb17f9,AMD EPYC 7763,BatchEmbeddingBenchmarks,CorpusSize=128,EmbedBatchBucketed,0.51
2026-09-12,f38a0c896419241561c30c0821b9ca02c0fb17f9,AMD EPYC 7763,BkTreeBenchmarks,"Radius=1, Shape=clustered",LengthFilteredScan,1.0
2026-09-12,f38a0c896419241561c30c0821b9ca02c0fb17f9,AMD EPYC 7763,BkTreeBenchmarks,"Radius=1, Shape=clustered",TreeWithinDistance,0.49
2026-09-12,f38a0c896419241561c30c0821b9ca02c0fb17f9,AMD EPYC 7763,BkTreeBenchmarks,"Radius=1, Shape=uniform",LengthFilteredScan,1.0
2026-09-12,f38a0c896419241561c30c0821b9ca02c0fb17f9,AMD EPYC 7763,BkTreeBenchmarks,"Radius=1, Shape=uniform",TreeWithinDistance,0.44
2026-09-12,f38a0c896419241561c30c0821b9ca02c0fb17f9,AMD EPYC 7763,BkTreeBenchmarks,"Radius=2, Shape=clustered",LengthFilteredScan,1.0
2026-09-12,f38a0c896419241561c30c0821b9ca02c0fb17f9,AMD EPYC 7763,BkTreeBenchmarks,"Radius=2, Shape=clustered",TreeWithinDistance,1.23
2026-09-12,f38a0c896419241561c30c0821b9ca02c0fb17f9,AMD EPYC 7763,BkTreeBenchmarks,"Radius=2, Shape=uniform",LengthFilteredScan,1.0
2026-09-12,f38a0c896419241561c30c0821b9ca02c0fb17f9,AMD EPYC 7763,BkTreeBenchmarks,"Radius=2, Shape=uniform",TreeWithinDistance,1.03
2026-09-12,f38a0c896419241561c30c0821b9ca02c0fb17f9,AMD EPYC 7763,BkTreeBenchmarks,"Radius=3, Shape=clustered",LengthFilteredScan,1.0
2026-09-12,f38a0c896419241561c30c0821b9ca02c0fb17f9,AMD EPYC 7763,BkTreeBenchmarks,"Radius=3, Shape=clustered",TreeWithinDistance,1.33
2026-09-12,f38a0c896419241561c30c0821b9ca02c0fb17f9,AMD EPYC 7763,BkTreeBenchmarks,"Radius=3, Shape=uniform",LengthFilteredScan,1.0
2026-09-12,f38a0c896419241561c30c0821b9ca02c0fb17f9,AMD EPYC 7763,BkTreeBenchmarks,"Radius=3, Shape=uniform",TreeWithinDistance,1.2
2026-09-12,f38a0c896419241561c30c0821b9ca02c0fb17f9,AMD EPYC 7763,BkTreeBenchmarks,"Radius=4, Shape=clustered",LengthFilteredScan,1.0
2026-09-12,f38a0c896419241561c30c0821b9ca02c0fb17f9,AMD EPYC 7763,BkTreeBenchmarks,"Radius=4, Shape=clustered",TreeWithinDistance,1.34
2026-09-12,f38a0c896419241561c30c0821b9ca02c0fb17f9,AMD EPYC 7763,BkTreeBenchmarks,"Radius=4, Shape=uniform",LengthFilteredScan,1.0
2026-09-12,f38a0c896419241561c30c0821b9ca02c0fb17f9,AMD EPYC 7763,BkTreeBenchmarks,"Radius=4, Shape=uniform",TreeWithinDistance,1.33
2026-09-12,f38a0c896419241561c30c0821b9ca02c0fb17f9,AMD EPYC 7763,Bm25Benchmarks,Documents=1000,LodestarQuery,1.0
2026-09-12,f38a0c896419241561c30c0821b9ca02c0fb17f9,AMD EPYC 7763,Bm25Benchmarks,Documents=1000,LuceneQuery,0.12
2026-09-12,f38a0c896419241561c30c0821b9ca02c0fb17f9,AMD EPYC 7763,Bm25Benchmarks,Documents=1000,LodestarFromText,499.6
2026-09-12,f38a0c896419241561c30c0821b9ca02c0fb17f9,AMD EPYC 7763,Bm25Benchmarks,Documents=1000,LuceneFromText,256.39
2026-09-12,f38a0c896419241561c30c0821b9ca02c0fb17f9,AMD EPYC 7763,Bm25Benchmarks,Documents=20000,LodestarQuery,1.0
2026-09-12,f38a0c896419241561c30c0821b9ca02c0fb17f9,AMD EPYC 7763,Bm25Benchmarks,Documents=20000,LuceneQuery,0.01
2026-09-12,f38a0c896419241561c30c0821b9ca02c0fb17f9,AMD EPYC 7763,Bm25Benchmarks,Documents=20000,LodestarFromText,206.98
2026-09-12,f38a0c896419241561c30c0821b9ca02c0fb17f9,AMD EPYC 7763,Bm25Benchmarks,Documents=20000,LuceneFromText,106.7
2026-09-12,f38a0c896419241561c30c0821b9ca02c0fb17f9,AMD EPYC 7763,BpeBenchmarks,,Unigram,1.0
2026-09-12,f38a0c896419241561c30c0821b9ca02c0fb17f9,AMD EPYC 7763,BpeBenchmarks,,Bpe,1.74
2026-09-12,f38a0c896419241561c30c0821b9ca02c0fb17f9,AMD EPYC 7763,DecompositionBenchmarks,,TruncatedSvd_Rank20,1.0
2026-09-12,f38a0c896419241561c30c0821b9ca02c0fb17f9,AMD EPYC 7763,DecompositionBenchmarks,,Nmf_Rank20,7.07
2026-09-12,f38a0c896419241561c30c0821b9ca02c0fb17f9,AMD EPYC 7763,DecompositionBenchmarks,,MlNet_ProjectToPrincipalComponents_Rank20,0.83
2026-09-12,f38a0c896419241561c30c0821b9ca02c0fb17f9,AMD EPYC 7763,FuzzBenchmarks,,Ratio,1.0
2026-09-12,f38a0c896419241561c30c0821b9ca02c0fb17f9,AMD EPYC 7763,FuzzBenchmarks,,PartialRatio,115.27
2026-09-12,f38a0c896419241561c30c0821b9ca02c0fb17f9,AMD EPYC 7763,FuzzBenchmarks,,TokenSortRatio,11.34
2026-09-12,f38a0c896419241561c30c0821b9ca02c0fb17f9,AMD EPYC 7763,FuzzBenchmarks,,TokenSetRatio,11.59
2026-09-12,f38a0c896419241561c30c0821b9ca02c0fb17f9,AMD EPYC 7763,FuzzBenchmarks,,WRatio,23.14
2026-09-12,f38a0c896419241561c30c0821b9ca02c0fb17f9,AMD EPYC 7763,FuzzIncumbentBenchmarks,Operation=Ratio,Lodestar,1.0
2026-09-12,f38a0c896419241561c30c0821b9ca02c0fb17f9,AMD EPYC 7763,FuzzIncumbentBenchmarks,Operation=Ratio,FuzzySharp,2.05
2026-09-12,f38a0c896419241561c30c0821b9ca02c0fb17f9,AMD EPYC 7763,FuzzIncumbentBenchmarks,Operation=PartialRatio,Lodestar,1.0
2026-09-12,f38a0c896419241561c30c0821b9ca02c0fb17f9,AMD EPYC 7763,FuzzIncumbentBenchmarks,Operation=PartialRatio,FuzzySharp,0.89
2026-09-12,f38a0c896419241561c30c0821b9ca02c0fb17f9,AMD EPYC 7763,FuzzIncumbentBenchmarks,Operation=TokenSetRatio,Lodestar,1.0
2026-09-12,f38a0c896419241561c30c0821b9ca02c0fb17f9,AMD EPYC 7763,FuzzIncumbentBenchmarks,Operation=TokenSetRatio,FuzzySharp,1.9
2026-09-12,f38a0c896419241561c30c0821b9ca02c0fb17f9,AMD EPYC 7763,FuzzIncumbentBenchmarks,Operation=WRatio,Lodestar,1.0
2026-09-12,f38a0c896419241561c30c0821b9ca02c0fb17f9,AMD EPYC 7763,FuzzIncumbentBenchmarks,Operation=WRatio,FuzzySharp,2.13
2026-09-12,f38a0c896419241561c30c0821b9ca02c0fb17f9,AMD EPYC 7763,IndelBenchmarks,Length=8,Distance_Utf16,1.0
2026-09-12,f38a0c896419241561c30c0821b9ca02c0fb17f9,AMD EPYC 7763,IndelBenchmarks,Length=8,Distance_CodePoint,4.88
2026-09-12,f38a0c896419241561c30c0821b9ca02c0fb17f9,AMD EPYC 7763,IndelBenchmarks,Length=8,NormalizedSimilarity_Utf16,1.01
2026-09-12,f38a0c896419241561c30c0821b9ca02c0fb17f9,AMD EPYC 7763,IndelBenchmarks,Length=8,SubsequenceLength_Utf16,0.99
2026-09-12,f38a0c896419241561c30c0821b9ca02c0fb17f9,AMD EPYC 7763,IndelBenchmarks,Length=12,Distance_Utf16,1.0
2026-09-12,f38a0c896419241561c30c0821b9ca02c0fb17f9,AMD EPYC 7763,IndelBenchmarks,Length=12,Distance_CodePoint,4.86
2026-09-12,f38a0c896419241561c30c0821b9ca02c0fb17f9,AMD EPYC 7763,IndelBenchmarks,Length=12,NormalizedSimilarity_Utf16,0.97
2026-09-12,f38a0c896419241561c30c0821b9ca02c0fb17f9,AMD EPYC 7763,IndelBenchmarks,Length=12,SubsequenceLength_Utf16,0.93
2026-09-12,f38a0c896419241561c30c0821b9ca02c0fb17f9,AMD EPYC 7763,IndelBenchmarks,Length=16,Distance_Utf16,1.0
2026-09-12,f38a0c896419241561c30c0821b9ca02c0fb17f9,AMD EPYC 7763,IndelBenchmarks,Length=16,Distance_CodePoint,5.4
2026-09-12,f38a0c896419241561c30c0821b9ca02c0fb17f9,AMD EPYC 7763,IndelBenchmarks,Length=16,NormalizedSimilarity_Utf16,1.06
2026-09-12,f38a0c896419241561c30c0821b9ca02c0fb17f9,AMD EPYC 7763,IndelBenchmarks,Length=16,SubsequenceLength_Utf16,0.99
2026-09-12,f38a0c896419241561c30c0821b9ca02c0fb17f9,AMD EPYC 7763,IndelBenchmarks,Length=20,Distance_Utf16,1.0
2026-09-12,f38a0c896419241561c30c0821b9ca02c0fb17f9,AMD EPYC 7763,IndelBenchmarks,Length=20,Distance_CodePoint,5.35
2026-09-12,f38a0c896419241561c30c0821b9ca02c0fb17f9,AMD EPYC 7763,IndelBenchmarks,Length=20,NormalizedSimilarity_Utf16,0.98
2026-09-12,f38a0c896419241561c30c0821b9ca02c0fb17f9,AMD EPYC 7763,IndelBenchmarks,Length=20,SubsequenceLength_Utf16,0.94
2026-09-12,f38a0c896419241561c30c0821b9ca02c0fb17f9,AMD EPYC 7763,IndelBenchmarks,Length=24,Distance_Utf16,1.0
2026-09-12,f38a0c896419241561c30c0821b9ca02c0fb17f9,AMD EPYC 7763,IndelBenchmarks,Length=24,Distance_CodePoint,12.16
2026-09-12,f38a0c896419241561c30c0821b9ca02c0fb17f9,AMD EPYC 7763,IndelBenchmarks,Length=24,NormalizedSimilarity_Utf16,1.01
2026-09-12,f38a0c896419241561c30c0821b9ca02c0fb17f9,AMD EPYC 7763,IndelBenchmarks,Length=24,SubsequenceLength_Utf16,1.01
2026-09-12,f38a0c896419241561c30c0821b9ca02c0fb17f9,AMD EPYC 7763,IndelBenchmarks,Length=32,Distance_Utf16,1.0
2026-09-12,f38a0c896419241561c30c0821b9ca02c0fb17f9,AMD EPYC 7763,IndelBenchmarks,Length=32,Distance_CodePoint,17.6
2026-09-12,f38a0c896419241561c30c0821b9ca02c0fb17f9,AMD EPYC 7763,IndelBenchmarks,Length=32,NormalizedSimilarity_Utf16,1.05
2026-09-12,f38a0c896419241561c30c0821b9ca02c0fb17f9,AMD EPYC 7763,IndelBenchmarks,Length=32,SubsequenceLength_Utf16,0.96
2026-09-12,f38a0c896419241561c30c0821b9ca02c0fb17f9,AMD EPYC 7763,IndelBenchmarks,Length=128,Distance_Utf16,1.0
2026-09-12,f38a0c896419241561c30c0821b9ca02c0fb17f9,AMD EPYC 7763,IndelBenchmarks,Length=128,Distance_CodePoint,23.32
2026-09-12,f38a0c896419241561c30c0821b9ca02c0fb17f9,AMD EPYC 7763,IndelBenchmarks,Length=128,NormalizedSimilarity_Utf16,0.98
2026-09-12,f38a0c896419241561c30c0821b9ca02c0fb17f9,AMD EPYC 7763,IndelBenchmarks,Length=128,SubsequenceLength_Utf16,1.0
2026-09-12,f38a0c896419241561c30c0821b9ca02c0fb17f9,AMD EPYC 7763,IndelBenchmarks,Length=512,Distance_Utf16,1.0
2026-09-12,f38a0c896419241561c30c0821b9ca02c0fb17f9,AMD EPYC 7763,IndelBenchmarks,Length=512,Distance_CodePoint,43.6
2026-09-12,f38a0c896419241561c30c0821b9ca02c0fb17f9,AMD EPYC 7763,IndelBenchmarks,Length=512,NormalizedSimilarity_Utf16,1.08
2026-09-12,f38a0c896419241561c30c0821b9ca02c0fb17f9,AMD EPYC 7763,IndelBenchmarks,Length=512,SubsequenceLength_Utf16,0.98
2026-09-12,f38a0c896419241561c30c0821b9ca02c0fb17f9,AMD EPYC 7763,LcsGateBenchmarks,Band=8,Dp,1.0
2026-09-12,f38a0c896419241561c30c0821b9ca02c0fb17f9,AMD EPYC 7763,LcsGateBenchmarks,Band=8,Kernel,0.43
2026-09-12,f38a0c896419241561c30c0821b9ca02c0fb17f9,AMD EPYC 7763,LcsGateBenchmarks,Band=8,Dp_Cjk,1.0
2026-09-12,f38a0c896419241561c30c0821b9ca02c0fb17f9,AMD EPYC 7763,LcsGateBenchmarks,Band=8,Kernel_Cjk,0.74
2026-09-12,f38a0c896419241561c30c0821b9ca02c0fb17f9,AMD EPYC 7763,LcsGateBenchmarks,Band=12,Dp,1.0
2026-09-12,f38a0c896419241561c30c0821b9ca02c0fb17f9,AMD EPYC 7763,LcsGateBenchmarks,Band=12,Kernel,0.28
2026-09-12,f38a0c896419241561c30c0821b9ca02c0fb17f9,AMD EPYC 7763,LcsGateBenchmarks,Band=12,Dp_Cjk,0.94
2026-09-12,f38a0c896419241561c30c0821b9ca02c0fb17f9,AMD EPYC 7763,LcsGateBenchmarks,Band=12,Kernel_Cjk,0.47
2026-09-12,f38a0c896419241561c30c0821b9ca02c0fb17f9,AMD EPYC 7763,LcsGateBenchmarks,Band=14,Dp,1.0
2026-09-12,f38a0c896419241561c30c0821b9ca02c0fb17f9,AMD EPYC 7763,LcsGateBenchmarks,Band=14,Kernel,0.24
2026-09-12,f38a0c896419241561c30c0821b9ca02c0fb17f9,AMD EPYC 7763,LcsGateBenchmarks,Band=14,Dp_Cjk,0.99
2026-09-12,f38a0c896419241561c30c0821b9ca02c0fb17f9,AMD EPYC 7763,LcsGateBenchmarks,Band=14,Kernel_Cjk,0.4
2026-09-12,f38a0c896419241561c30c0821b9ca02c0fb17f9,AMD EPYC 7763,LcsGateBenchmarks,Band=16,Dp,1.0
2026-09-12,f38a0c896419241561c30c0821b9ca02c0fb17f9,AMD EPYC 7763,LcsGateBenchmarks,Band=16,Kernel,0.2
2026-09-12,f38a0c896419241561c30c0821b9ca02c0fb17f9,AMD EPYC 7763,LcsGateBenchmarks,Band=16,Dp_Cjk,0.97
2026-09-12,f38a0c896419241561c30c0821b9ca02c0fb17f9,AMD EPYC 7763,LcsGateBenchmarks,Band=16,Kernel_Cjk,0.33
2026-09-12,f38a0c896419241561c30c0821b9ca02c0fb17f9,AMD EPYC 7763,LcsGateBenchmarks,Band=18,Dp,1.0
2026-09-12,f38a0c896419241561c30c0821b9ca02c0fb17f9,AMD EPYC 7763,LcsGateBenchmarks,Band=18,Kernel,0.17
2026-09-12,f38a0c896419241561c30c0821b9ca02c0fb17f9,AMD EPYC 7763,LcsGateBenchmarks,Band=18,Dp_Cjk,1.0
2026-09-12,f38a0c896419241561c30c0821b9ca02c0fb17f9,AMD EPYC 7763,LcsGateBenchmarks,Band=18,Kernel_Cjk,0.28
2026-09-12,f38a0c896419241561c30c0821b9ca02c0fb17f9,AMD EPYC 7763,LcsGateBenchmarks,Band=20,Dp,1.0
2026-09-12,f38a0c896419241561c30c0821b9ca02c0fb17f9,AMD EPYC 7763,LcsGateBenchmarks,Band=20,Kernel,0.11
2026-09-12,f38a0c896419241561c30c0821b9ca02c0fb17f9,AMD EPYC 7763,LcsGateBenchmarks,Band=20,Dp_Cjk,1.0
2026-09-12,f38a0c896419241561c30c0821b9ca02c0fb17f9,AMD EPYC 7763,LcsGateBenchmarks,Band=20,Kernel_Cjk,0.17
2026-09-12,f38a0c896419241561c30c0821b9ca02c0fb17f9,AMD EPYC 7763,LcsGateBenchmarks,Band=24,Dp,1.0
2026-09-12,f38a0c896419241561c30c0821b9ca02c0fb17f9,AMD EPYC 7763,LcsGateBenchmarks,Band=24,Kernel,0.09
2026-09-12,f38a0c896419241561c30c0821b9ca02c0fb17f9,AMD EPYC 7763,LcsGateBenchmarks,Band=24,Dp_Cjk,1.01
2026-09-12,f38a0c896419241561c30c0821b9ca02c0fb17f9,AMD EPYC 7763,LcsGateBenchmarks,Band=24,Kernel_Cjk,0.14
2026-09-12,f38a0c896419241561c30c0821b9ca02c0fb17f9,AMD EPYC 7763,LcsGateBenchmarks,Band=32,Dp,1.0
2026-09-12,f38a0c896419241561c30c0821b9ca02c0fb17f9,AMD EPYC 7763,LcsGateBenchmarks,Band=32,Kernel,0.07
2026-09-12,f38a0c896419241561c30c0821b9ca02c0fb17f9,AMD EPYC 7763,LcsGateBenchmarks,Band=32,Dp_Cjk,1.0
2026-09-12,f38a0c896419241561c30c0821b9ca02c0fb17f9,AMD EPYC 7763,LcsGateBenchmarks,Band=32,Kernel_Cjk,0.11
2026-09-12,f38a0c896419241561c30c0821b9ca02c0fb17f9,AMD EPYC 7763,LcsGateBenchmarks,Band=48,Dp,1.0
2026-09-12,f38a0c896419241561c30c0821b9ca02c0fb17f9,AMD EPYC 7763,LcsGateBenchmarks,Band=48,Kernel,0.04
2026-09-12,f38a0c896419241561c30c0821b9ca02c0fb17f9,AMD EPYC 7763,LcsGateBenchmarks,Band=48,Dp_Cjk,0.97
2026-09-12,f38a0c896419241561c30c0821b9ca02c0fb17f9,AMD EPYC 7763,LcsGateBenchmarks,Band=48,Kernel_Cjk,0.08
2026-09-12,f38a0c896419241561c30c0821b9ca02c0fb17f9,AMD EPYC 7763,LcsGateBenchmarks,Band=64,Dp,1.0
2026-09-12,f38a0c896419241561c30c0821b9ca02c0fb17f9,AMD EPYC 7763,LcsGateBenchmarks,Band=64,Kernel,0.03
2026-09-12,f38a0c896419241561c30c0821b9ca02c0fb17f9,AMD EPYC 7763,LcsGateBenchmarks,Band=64,Dp_Cjk,0.9
2026-09-12,f38a0c896419241561c30c0821b9ca02c0fb17f9,AMD EPYC 7763,LcsGateBenchmarks,Band=64,Kernel_Cjk,0.05
2026-09-12,f38a0c896419241561c30c0821b9ca02c0fb17f9,AMD EPYC 7763,LcsGateBenchmarks,Band=96,Dp,1.0
2026-09-12,f38a0c896419241561c30c0821b9ca02c0fb17f9,AMD EPYC 7763,LcsGateBenchmarks,Band=96,Kernel,0.07
2026-09-12,f38a0c896419241561c30c0821b9ca02c0fb17f9,AMD EPYC 7763,LcsGateBenchmarks,Band=96,Dp_Cjk,1.06
2026-09-12,f38a0c896419241561c30c0821b9ca02c0fb17f9,AMD EPYC 7763,LcsGateBenchmarks,Band=96,Kernel_Cjk,0.09
2026-09-12,f38a0c896419241561c30c0821b9ca02c0fb17f9,AMD EPYC 7763,LevenshteinBenchmarks,Length=8,Distance_Utf16,1.0
2026-09-12,f38a0c896419241561c30c0821b9ca02c0fb17f9,AMD EPYC 7763,LevenshteinBenchmarks,Length=8,Distance_CodePoint,4.81
2026-09-12,f38a0c896419241561c30c0821b9ca02c0fb17f9,AMD EPYC 7763,LevenshteinBenchmarks,Length=8,NormalizedSimilarity_Utf16,0.98
2026-09-12,f38a0c896419241561c30c0821b9ca02c0fb17f9,AMD EPYC 7763,LevenshteinBenchmarks,Length=64,Distance_Utf16,1.0
2026-09-12,f38a0c896419241561c30c0821b9ca02c0fb17f9,AMD EPYC 7763,LevenshteinBenchmarks,Length=64,Distance_CodePoint,2.52
2026-09-12,f38a0c896419241561c30c0821b9ca02c0fb17f9,AMD EPYC 7763,LevenshteinBenchmarks,Length=64,NormalizedSimilarity_Utf16,1.01
2026-09-12,f38a0c896419241561c30c0821b9ca02c0fb17f9,AMD EPYC 7763,LevenshteinBenchmarks,Length=512,Distance_Utf16,1.0
2026-09-12,f38a0c896419241561c30c0821b9ca02c0fb17f9,AMD EPYC 7763,LevenshteinBenchmarks,Length=512,Distance_CodePoint,1.18
2026-09-12,f38a0c896419241561c30c0821b9ca02c0fb17f9,AMD EPYC 7763,LevenshteinBenchmarks,Length=512,NormalizedSimilarity_Utf16,1.03
2026-09-12,f38a0c896419241561c30c0821b9ca02c0fb17f9,AMD EPYC 7763,LevenshteinCodePointBenchmarks,"Length=16, Distinct=32",Distance_CodePoint,1.0
2026-09-12,f38a0c896419241561c30c0821b9ca02c0fb17f9,AMD EPYC 7763,LevenshteinCodePointBenchmarks,"Length=16, Distinct=32",Distance_Utf16,0.73
2026-09-12,f38a0c896419241561c30c0821b9ca02c0fb17f9,AMD EPYC 7763,LevenshteinCodePointBenchmarks,"Length=16, Distinct=512",Distance_CodePoint,1.0
2026-09-12,f38a0c896419241561c30c0821b9ca02c0fb17f9,AMD EPYC 7763,LevenshteinCodePointBenchmarks,"Length=16, Distinct=512",Distance_Utf16,0.72
2026-09-12,f38a0c896419241561c30c0821b9ca02c0fb17f9,AMD EPYC 7763,LevenshteinCodePointBenchmarks,"Length=24, Distinct=32",Distance_CodePoint,1.0
2026-09-12,f38a0c896419241561c30c0821b9ca02c0fb17f9,AMD EPYC 7763,LevenshteinCodePointBenchmarks,"Length=24, Distinct=32",Distance_Utf16,0.78
2026-09-12,f38a0c896419241561c30c0821b9ca02c0fb17f9,AMD EPYC 7763,LevenshteinCodePointBenchmarks,"Length=24, Distinct=512",Distance_CodePoint,1.0
2026-09-12,f38a0c896419241561c30c0821b9ca02c0fb17f9,AMD EPYC 7763,LevenshteinCodePointBenchmarks,"Length=24, Distinct=512",Distance_Utf16,0.76
2026-09-12,f38a0c896419241561c30c0821b9ca02c0fb17f9,AMD EPYC 7763,LevenshteinCodePointBenchmarks,"Length=32, Distinct=32",Distance_CodePoint,1.0
2026-09-12,f38a0c896419241561c30c0821b9ca02c0fb17f9,AMD EPYC 7763,LevenshteinCodePointBenchmarks,"Length=32, Distinct=32",Distance_Utf16,0.82
2026-09-12,f38a0c896419241561c30c0821b9ca02c0fb17f9,AMD EPYC 7763,LevenshteinCodePointBenchmarks,"Length=32, Distinct=512",Distance_CodePoint,1.0
2026-09-12,f38a0c896419241561c30c0821b9ca02c0fb17f9,AMD EPYC 7763,LevenshteinCodePointBenchmarks,"Length=32, Distinct=512",Distance_Utf16,0.82
2026-09-12,f38a0c896419241561c30c0821b9ca02c0fb17f9,AMD EPYC 7763,LevenshteinCodePointBenchmarks,"Length=40, Distinct=32",Distance_CodePoint,1.0
2026-09-12,f38a0c896419241561c30c0821b9ca02c0fb17f9,AMD EPYC 7763,LevenshteinCodePointBenchmarks,"Length=40, Distinct=32",Distance_Utf16,2.18
2026-09-12,f38a0c896419241561c30c0821b9ca02c0fb17f9,AMD EPYC 7763,LevenshteinCodePointBenchmarks,"Length=40, Distinct=512",Distance_CodePoint,1.0
2026-09-12,f38a0c896419241561c30c0821b9ca02c0fb17f9,AMD EPYC 7763,LevenshteinCodePointBenchmarks,"Length=40, Distinct=512",Distance_Utf16,2.14
2026-09-12,f38a0c896419241561c30c0821b9ca02c0fb17f9,AMD EPYC 7763,LevenshteinCodePointBenchmarks,"Length=128, Distinct=32",Distance_CodePoint,1.0
2026-09-12,f38a0c896419241561c30c0821b9ca02c0fb17f9,AMD EPYC 7763,LevenshteinCodePointBenchmarks,"Length=128, Distinct=32",Distance_Utf16,2.15
2026-09-12,f38a0c896419241561c30c0821b9ca02c0fb17f9,AMD EPYC 7763,LevenshteinCodePointBenchmarks,"Length=128, Distinct=512",Distance_CodePoint,1.0
2026-09-12,f38a0c896419241561c30c0821b9ca02c0fb17f9,AMD EPYC 7763,LevenshteinCodePointBenchmarks,"Length=128, Distinct=512",Distance_Utf16,2.06
2026-09-12,f38a0c896419241561c30c0821b9ca02c0fb17f9,AMD EPYC 7763,LevenshteinCodePointBenchmarks,"Length=512, Distinct=32",Distance_CodePoint,1.0
2026-09-12,f38a0c896419241561c30c0821b9ca02c0fb17f9,AMD EPYC 7763,LevenshteinCodePointBenchmarks,"Length=512, Distinct=32",Distance_Utf16,3.43
2026-09-12,f38a0c896419241561c30c0821b9ca02c0fb17f9,AMD EPYC 7763,LevenshteinCodePointBenchmarks,"Length=512, Distinct=512",Distance_CodePoint,1.0
2026-09-12,f38a0c896419241561c30c0821b9ca02c0fb17f9,AMD EPYC 7763,LevenshteinCodePointBenchmarks,"Length=512, Distinct=512",Distance_Utf16,0.12
2026-09-12,f38a0c896419241561c30c0821b9ca02c0fb17f9,AMD EPYC 7763,LevenshteinIncumbentBenchmarks,Length=8,Lodestar,1.0
2026-09-12,f38a0c896419241561c30c0821b9ca02c0fb17f9,AMD EPYC 7763,LevenshteinIncumbentBenchmarks,Length=8,Fastenshtein,3.03
2026-09-12,f38a0c896419241561c30c0821b9ca02c0fb17f9,AMD EPYC 7763,LevenshteinIncumbentBenchmarks,Length=8,Quickenshtein,3.43
2026-09-12,f38a0c896419241561c30c0821b9ca02c0fb17f9,AMD EPYC 7763,LevenshteinIncumbentBenchmarks,Length=8,F23_StringSimilarity,6.79
2026-09-12,f38a0c896419241561c30c0821b9ca02c0fb17f9,AMD EPYC 7763,LevenshteinIncumbentBenchmarks,Length=64,Lodestar,1.0
2026-09-12,f38a0c896419241561c30c0821b9ca02c0fb17f9,AMD EPYC 7763,LevenshteinIncumbentBenchmarks,Length=64,Fastenshtein,24.53
2026-09-12,f38a0c896419241561c30c0821b9ca02c0fb17f9,AMD EPYC 7763,LevenshteinIncumbentBenchmarks,Length=64,Quickenshtein,4.88
2026-09-12,f38a0c896419241561c30c0821b9ca02c0fb17f9,AMD EPYC 7763,LevenshteinIncumbentBenchmarks,Length=64,F23_StringSimilarity,40.66
2026-09-12,f38a0c896419241561c30c0821b9ca02c0fb17f9,AMD EPYC 7763,LevenshteinIncumbentBenchmarks,Length=512,Lodestar,1.0
2026-09-12,f38a0c896419241561c30c0821b9ca02c0fb17f9,AMD EPYC 7763,LevenshteinIncumbentBenchmarks,Length=512,Fastenshtein,27.23
2026-09-12,f38a0c896419241561c30c0821b9ca02c0fb17f9,AMD EPYC 7763,LevenshteinIncumbentBenchmarks,Length=512,Quickenshtein,2.61
2026-09-12,f38a0c896419241561c30c0821b9ca02c0fb17f9,AMD EPYC 7763,LevenshteinIncumbentBenchmarks,Length=512,F23_StringSimilarity,49.57
2026-09-12,f38a0c896419241561c30c0821b9ca02c0fb17f9,AMD EPYC 7763,MetricsIncumbentBenchmarks,"Samples=100000, Request=Bundle",Lodestar,1.0
2026-09-12,f38a0c896419241561c30c0821b9ca02c0fb17f9,AMD EPYC 7763,MetricsIncumbentBenchmarks,"Samples=100000, Request=Bundle",MlNet,3.99
2026-09-12,f38a0c896419241561c30c0821b9ca02c0fb17f9,AMD EPYC 7763,MetricsIncumbentBenchmarks,"Samples=100000, Request=AccuracyAlone",Lodestar,1.0
2026-09-12,f38a0c896419241561c30c0821b9ca02c0fb17f9,AMD EPYC 7763,MetricsIncumbentBenchmarks,"Samples=100000, Request=AccuracyAlone",MlNet,132.03
2026-09-12,f38a0c896419241561c30c0821b9ca02c0fb17f9,AMD EPYC 7763,MetricsIncumbentBenchmarks,"Samples=1000000, Request=Bundle",Lodestar,1.0
2026-09-12,f38a0c896419241561c30c0821b9ca02c0fb17f9,AMD EPYC 7763,MetricsIncumbentBenchmarks,"Samples=1000000, Request=Bundle",MlNet,2.11
2026-09-12,f38a0c896419241561c30c0821b9ca02c0fb17f9,AMD EPYC 7763,MetricsIncumbentBenchmarks,"Samples=1000000, Request=AccuracyAlone",Lodestar,1.0
2026-09-12,f38a0c896419241561c30c0821b9ca02c0fb17f9,AMD EPYC 7763,MetricsIncumbentBenchmarks,"Samples=1000000, Request=AccuracyAlone",MlNet,86.49
2026-09-12,f38a0c896419241561c30c0821b9ca02c0fb17f9,AMD EPYC 7763,MyersGateBenchmarks,Band=4,Dp,1.0
2026-09-12,f38a0c896419241561c30c0821b9ca02c0fb17f9,AMD EPYC 7763,MyersGateBenchmarks,Band=4,Kernel,0.99
2026-09-12,f38a0c896419241561c30c0821b9ca02c0fb17f9,AMD EPYC 7763,MyersGateBenchmarks,Band=4,Dp_Cjk,0.99
2026-09-12,f38a0c896419241561c30c0821b9ca02c0fb17f9,AMD EPYC 7763,MyersGateBenchmarks,Band=4,Kernel_Cjk,0.99
2026-09-12,f38a0c896419241561c30c0821b9ca02c0fb17f9,AMD EPYC 7763,MyersGateBenchmarks,Band=6,Dp,1.0
2026-09-12,f38a0c896419241561c30c0821b9ca02c0fb17f9,AMD EPYC 7763,MyersGateBenchmarks,Band=6,Kernel,0.73
2026-09-12,f38a0c896419241561c30c0821b9ca02c0fb17f9,AMD EPYC 7763,MyersGateBenchmarks,Band=6,Dp_Cjk,0.98
2026-09-12,f38a0c896419241561c30c0821b9ca02c0fb17f9,AMD EPYC 7763,MyersGateBenchmarks,Band=6,Kernel_Cjk,1.25
2026-09-12,f38a0c896419241561c30c0821b9ca02c0fb17f9,AMD EPYC 7763,MyersGateBenchmarks,Band=8,Dp,1.0
2026-09-12,f38a0c896419241561c30c0821b9ca02c0fb17f9,AMD EPYC 7763,MyersGateBenchmarks,Band=8,Kernel,0.56
2026-09-12,f38a0c896419241561c30c0821b9ca02c0fb17f9,AMD EPYC 7763,MyersGateBenchmarks,Band=8,Dp_Cjk,1.0
2026-09-12,f38a0c896419241561c30c0821b9ca02c0fb17f9,AMD EPYC 7763,MyersGateBenchmarks,Band=8,Kernel_Cjk,1.14
2026-09-12,f38a0c896419241561c30c0821b9ca02c0fb17f9,AMD EPYC 7763,MyersGateBenchmarks,Band=10,Dp,1.0
2026-09-12,f38a0c896419241561c30c0821b9ca02c0fb17f9,AMD EPYC 7763,MyersGateBenchmarks,Band=10,Kernel,0.47
2026-09-12,f38a0c896419241561c30c0821b9ca02c0fb17f9,AMD EPYC 7763,MyersGateBenchmarks,Band=10,Dp_Cjk,0.97
2026-09-12,f38a0c896419241561c30c0821b9ca02c0fb17f9,AMD EPYC 7763,MyersGateBenchmarks,Band=10,Kernel_Cjk,0.76
2026-09-12,f38a0c896419241561c30c0821b9ca02c0fb17f9,AMD EPYC 7763,MyersGateBenchmarks,Band=12,Dp,1.0
2026-09-12,f38a0c896419241561c30c0821b9ca02c0fb17f9,AMD EPYC 7763,MyersGateBenchmarks,Band=12,Kernel,0.42
2026-09-12,f38a0c896419241561c30c0821b9ca02c0fb17f9,AMD EPYC 7763,MyersGateBenchmarks,Band=12,Dp_Cjk,1.02
2026-09-12,f38a0c896419241561c30c0821b9ca02c0fb17f9,AMD EPYC 7763,MyersGateBenchmarks,Band=12,Kernel_Cjk,0.67
2026-09-12,f38a0c896419241561c30c0821b9ca02c0fb17f9,AMD EPYC 7763,MyersGateBenchmarks,Band=16,Dp,1.0
2026-09-12,f38a0c896419241561c30c0821b9ca02c0fb17f9,AMD EPYC 7763,MyersGateBenchmarks,Band=16,Kernel,0.29
2026-09-12,f38a0c896419241561c30c0821b9ca02c0fb17f9,AMD EPYC 7763,MyersGateBenchmarks,Band=16,Dp_Cjk,1.0
2026-09-12,f38a0c896419241561c30c0821b9ca02c0fb17f9,AMD EPYC 7763,MyersGateBenchmarks,Band=16,Kernel_Cjk,0.43
2026-09-12,f38a0c896419241561c30c0821b9ca02c0fb17f9,AMD EPYC 7763,MyersGateBenchmarks,Band=24,Dp,1.0
2026-09-12,f38a0c896419241561c30c0821b9ca02c0fb17f9,AMD EPYC 7763,MyersGateBenchmarks,Band=24,Kernel,0.19
2026-09-12,f38a0c896419241561c30c0821b9ca02c0fb17f9,AMD EPYC 7763,MyersGateBenchmarks,Band=24,Dp_Cjk,0.99
2026-09-12,f38a0c896419241561c30c0821b9ca02c0fb17f9,AMD EPYC 7763,MyersGateBenchmarks,Band=24,Kernel_Cjk,0.27
2026-09-12,f38a0c896419241561c30c0821b9ca02c0fb17f9,AMD EPYC 7763,MyersGateBenchmarks,Band=32,Dp,1.0
2026-09-12,f38a0c896419241561c30c0821b9ca02c0fb17f9,AMD EPYC 7763,MyersGateBenchmarks,Band=32,Kernel,0.13
2026-09-12,f38a0c896419241561c30c0821b9ca02c0fb17f9,AMD EPYC 7763,MyersGateBenchmarks,Band=32,Dp_Cjk,0.98
2026-09-12,f38a0c896419241561c30c0821b9ca02c0fb17f9,AMD EPYC 7763,MyersGateBenchmarks,Band=32,Kernel_Cjk,0.19
2026-09-12,f38a0c896419241561c30c0821b9ca02c0fb17f9,AMD EPYC 7763,MyersGateBenchmarks,Band=48,Dp,1.0
2026-09-12,f38a0c896419241561c30c0821b9ca02c0fb17f9,AMD EPYC 7763,MyersGateBenchmarks,Band=48,Kernel,0.08
2026-09-12,f38a0c896419241561c30c0821b9ca02c0fb17f9,AMD EPYC 7763,MyersGateBenchmarks,Band=48,Dp_Cjk,1.03
2026-09-12,f38a0c896419241561c30c0821b9ca02c0fb17f9,AMD EPYC 7763,MyersGateBenchmarks,Band=48,Kernel_Cjk,0.11
2026-09-12,f38a0c896419241561c30c0821b9ca02c0fb17f9,AMD EPYC 7763,MyersGateBenchmarks,Band=64,Dp,1.0
2026-09-12,f38a0c896419241561c30c0821b9ca02c0fb17f9,AMD EPYC 7763,MyersGateBenchmarks,Band=64,Kernel,0.05
2026-09-12,f38a0c896419241561c30c0821b9ca02c0fb17f9,AMD EPYC 7763,MyersGateBenchmarks,Band=64,Dp_Cjk,0.99
2026-09-12,f38a0c896419241561c30c0821b9ca02c0fb17f9,AMD EPYC 7763,MyersGateBenchmarks,Band=64,Kernel_Cjk,0.07
2026-09-12,f38a0c896419241561c30c0821b9ca02c0fb17f9,AMD EPYC 7763,MyersGateBenchmarks,Band=96,Dp,1.0
2026-09-12,f38a0c896419241561c30c0821b9ca02c0fb17f9,AMD EPYC 7763,MyersGateBenchmarks,Band=96,Kernel,0.09
2026-09-12,f38a0c896419241561c30c0821b9ca02c0fb17f9,AMD EPYC 7763,MyersGateBenchmarks,Band=96,Dp_Cjk,1.0
2026-09-12,f38a0c896419241561c30c0821b9ca02c0fb17f9,AMD EPYC 7763,MyersGateBenchmarks,Band=96,Kernel_Cjk,0.12
2026-09-12,f38a0c896419241561c30c0821b9ca02c0fb17f9,AMD EPYC 7763,SimilaritySketchBenchmarks,"Documents=500, Permutations=64",ExactPairwise,1.0
2026-09-12,f38a0c896419241561c30c0821b9ca02c0fb17f9,AMD EPYC 7763,SimilaritySketchBenchmarks,"Documents=500, Permutations=64",SketchThenVerify,0.26
2026-09-12,f38a0c896419241561c30c0821b9ca02c0fb17f9,AMD EPYC 7763,SimilaritySketchBenchmarks,"Documents=500, Permutations=64",SignaturesOnly,0.19
2026-09-12,f38a0c896419241561c30c0821b9ca02c0fb17f9,AMD EPYC 7763,SimilaritySketchBenchmarks,"Documents=500, Permutations=64",FingerprintsOnly,0.21
2026-09-12,f38a0c896419241561c30c0821b9ca02c0fb17f9,AMD EPYC 7763,SimilaritySketchBenchmarks,"Documents=500, Permutations=128",ExactPairwise,1.0
2026-09-12,f38a0c896419241561c30c0821b9ca02c0fb17f9,AMD EPYC 7763,SimilaritySketchBenchmarks,"Documents=500, Permutations=128",SketchThenVerify,0.33
2026-09-12,f38a0c896419241561c30c0821b9ca02c0fb17f9,AMD EPYC 7763,SimilaritySketchBenchmarks,"Documents=500, Permutations=128",SignaturesOnly,0.25
2026-09-12,f38a0c896419241561c30c0821b9ca02c0fb17f9,AMD EPYC 7763,SimilaritySketchBenchmarks,"Documents=500, Permutations=128",FingerprintsOnly,0.21
2026-09-12,f38a0c896419241561c30c0821b9ca02c0fb17f9,AMD EPYC 7763,SimilaritySketchBenchmarks,"Documents=2000, Permutations=64",ExactPairwise,1.0
2026-09-12,f38a0c896419241561c30c0821b9ca02c0fb17f9,AMD EPYC 7763,SimilaritySketchBenchmarks,"Documents=2000, Permutations=64",SketchThenVerify,0.06
2026-09-12,f38a0c896419241561c30c0821b9ca02c0fb17f9,AMD EPYC 7763,SimilaritySketchBenchmarks,"Documents=2000, Permutations=64",SignaturesOnly,0.04
2026-09-12,f38a0c896419241561c30c0821b9ca02c0fb17f9,AMD EPYC 7763,SimilaritySketchBenchmarks,"Documents=2000, Permutations=64",FingerprintsOnly,0.05
2026-09-12,f38a0c896419241561c30c0821b9ca02c0fb17f9,AMD EPYC 7763,SimilaritySketchBenchmarks,"Documents=2000, Permutations=128",ExactPairwise,1.0
2026-09-12,f38a0c896419241561c30c0821b9ca02c0fb17f9,AMD EPYC 7763,SimilaritySketchBenchmarks,"Documents=2000, Permutations=128",SketchThenVerify,0.09
2026-09-12,f38a0c896419241561c30c0821b9ca02c0fb17f9,AMD EPYC 7763,SimilaritySketchBenchmarks,"Documents=2000, Permutations=128",SignaturesOnly,0.06
2026-09-12,f38a0c896419241561c30c0821b9ca02c0fb17f9,AMD EPYC 7763,SimilaritySketchBenchmarks,"Documents=2000, Permutations=128",FingerprintsOnly,0.05
2026-09-12,f38a0c896419241561c30c0821b9ca02c0fb17f9,AMD EPYC 7763,StopWordBenchmarks,Documents=200,Count,1.0
2026-09-12,f38a0c896419241561c30c0821b9ca02c0fb17f9,AMD EPYC 7763,StopWordBenchmarks,Documents=200,CountWithStopWords,0.85
2026-09-12,f38a0c896419241561c30c0821b9ca02c0fb17f9,AMD EPYC 7763,StopWordBenchmarks,Documents=200,Hashing,0.99
2026-09-12,f38a0c896419241561c30c0821b9ca02c0fb17f9,AMD EPYC 7763,StopWordBenchmarks,Documents=200,HashingWithStopWords,0.89
2026-09-12,f38a0c896419241561c30c0821b9ca02c0fb17f9,AMD EPYC 7763,StopWordBenchmarks,Documents=1000,Count,1.0
2026-09-12,f38a0c896419241561c30c0821b9ca02c0fb17f9,AMD EPYC 7763,StopWordBenchmarks,Documents=1000,CountWithStopWords,0.77
2026-09-12,f38a0c896419241561c30c0821b9ca02c0fb17f9,AMD EPYC 7763,StopWordBenchmarks,Documents=1000,Hashing,0.92
2026-09-12,f38a0c896419241561c30c0821b9ca02c0fb17f9,AMD EPYC 7763,StopWordBenchmarks,Documents=1000,HashingWithStopWords,0.79
2026-09-12,f38a0c896419241561c30c0821b9ca02c0fb17f9,AMD EPYC 7763,TokenizerIncumbentBenchmarks,Model=WordPiece,Lodestar,1.0
2026-09-12,f38a0c896419241561c30c0821b9ca02c0fb17f9,AMD EPYC 7763,TokenizerIncumbentBenchmarks,Model=WordPiece,MlTokenizers,0.87
2026-09-12,f38a0c896419241561c30c0821b9ca02c0fb17f9,AMD EPYC 7763,TokenizerIncumbentBenchmarks,Model=SentencePiece,Lodestar,1.0
2026-09-12,f38a0c896419241561c30c0821b9ca02c0fb17f9,AMD EPYC 7763,TokenizerIncumbentBenchmarks,Model=SentencePiece,MlTokenizers,0.15
2026-09-12,f38a0c896419241561c30c0821b9ca02c0fb17f9,AMD EPYC 7763,VectorMathBenchmarks,Dim=384,Dot,1.0
2026-09-12,f38a0c896419241561c30c0821b9ca02c0fb17f9,AMD EPYC 7763,VectorMathBenchmarks,Dim=384,L2Norm,0.95
2026-09-12,f38a0c896419241561c30c0821b9ca02c0fb17f9,AMD EPYC 7763,VectorMathBenchmarks,Dim=768,Dot,1.0
2026-09-12,f38a0c896419241561c30c0821b9ca02c0fb17f9,AMD EPYC 7763,VectorMathBenchmarks,Dim=768,L2Norm,0.98
2026-09-12,f38a0c896419241561c30c0821b9ca02c0fb17f9,AMD EPYC 7763,VectorMathBenchmarks,Dim=1024,Dot,1.0
2026-09-12,f38a0c896419241561c30c0821b9ca02c0fb17f9,AMD EPYC 7763,VectorMathBenchmarks,Dim=1024,L2Norm,1.0
2026-09-12,f38a0c896419241561c30c0821b9ca02c0fb17f9,AMD EPYC 7763,VectorizerBenchmarks,Documents=200,Count,1.01
2026-09-12,f38a0c896419241561c30c0821b9ca02c0fb17f9,AMD EPYC 7763,VectorizerBenchmarks,Documents=200,Tfidf,0.96
2026-09-12,f38a0c896419241561c30c0821b9ca02c0fb17f9,AMD EPYC 7763,VectorizerBenchmarks,Documents=200,CountBigrams,1.14
2026-09-12,f38a0c896419241561c30c0821b9ca02c0fb17f9,AMD EPYC 7763,VectorizerBenchmarks,Documents=200,Hashing,0.88
2026-09-12,f38a0c896419241561c30c0821b9ca02c0fb17f9,AMD EPYC 7763,VectorizerBenchmarks,Documents=1000,Count,1.0
2026-09-12,f38a0c896419241561c30c0821b9ca02c0fb17f9,AMD EPYC 7763,VectorizerBenchmarks,Documents=1000,Tfidf,1.03
2026-09-12,f38a0c896419241561c30c0821b9ca02c0fb17f9,AMD EPYC 7763,VectorizerBenchmarks,Documents=1000,CountBigrams,1.61
2026-09-12,f38a0c896419241561c30c0821b9ca02c0fb17f9,AMD EPYC 7763,VectorizerBenchmarks,Documents=1000,Hashing,1.0
2026-09-12,f38a0c896419241561c30c0821b9ca02c0fb17f9,AMD EPYC 7763,VectorizerIncumbentBenchmarks,Documents=200,Lodestar,1.0
2026-09-12,f38a0c896419241561c30c0821b9ca02c0fb17f9,AMD EPYC 7763,VectorizerIncumbentBenchmarks,Documents=200,MlNet,7.26
2026-09-12,f38a0c896419241561c30c0821b9ca02c0fb17f9,AMD EPYC 7763,VectorizerIncumbentBenchmarks,Documents=1000,Lodestar,1.0
2026-09-12,f38a0c896419241561c30c0821b9ca02c0fb17f9,AMD EPYC 7763,VectorizerIncumbentBenchmarks,Documents=1000,MlNet,13.19
2026-09-13,cfe9f048c42ed96c9098969f70db7f8f5e86b396,Intel Xeon Platinum 8370C CPU 2.80GHz,BatchEmbeddingBenchmarks,CorpusSize=1,UnitLoop,1.0
2026-09-13,cfe9f048c42ed96c9098969f70db7f8f5e86b396,Intel Xeon Platinum 8370C CPU 2.80GHz,BatchEmbeddingBenchmarks,CorpusSize=1,EmbedBatch,1.05
2026-09-13,cfe9f048c42ed96c9098969f70db7f8f5e86b396,Intel Xeon Platinum 8370C CPU 2.80GHz,BatchEmbeddingBenchmarks,CorpusSize=1,EmbedBatchBucketed,1.04
2026-09-13,cfe9f048c42ed96c9098969f70db7f8f5e86b396,Intel Xeon Platinum 8370C CPU 2.80GHz,BatchEmbeddingBenchmarks,CorpusSize=8,UnitLoop,1.0
2026-09-13,cfe9f048c42ed96c9098969f70db7f8f5e86b396,Intel Xeon Platinum 8370C CPU 2.80GHz,BatchEmbeddingBenchmarks,CorpusSize=8,EmbedBatch,0.57
2026-09-13,cfe9f048c42ed96c9098969f70db7f8f5e86b396,Intel Xeon Platinum 8370C CPU 2.80GHz,BatchEmbeddingBenchmarks,CorpusSize=8,EmbedBatchBucketed,0.57
2026-09-13,cfe9f048c42ed96c9098969f70db7f8f5e86b396,Intel Xeon Platinum 8370C CPU 2.80GHz,BatchEmbeddingBenchmarks,CorpusSize=32,UnitLoop,1.0
2026-09-13,cfe9f048c42ed96c9098969f70db7f8f5e86b396,Intel Xeon Platinum 8370C CPU 2.80GHz,BatchEmbeddingBenchmarks,CorpusSize=32,EmbedBatch,0.55
2026-09-13,cfe9f048c42ed96c9098969f70db7f8f5e86b396,Intel Xeon Platinum 8370C CPU 2.80GHz,BatchEmbeddingBenchmarks,CorpusSize=32,EmbedBatchBucketed,0.52
2026-09-13,cfe9f048c42ed96c9098969f70db7f8f5e86b396,Intel Xeon Platinum 8370C CPU 2.80GHz,BatchEmbeddingBenchmarks,CorpusSize=128,UnitLoop,1.0
2026-09-13,cfe9f048c42ed96c9098969f70db7f8f5e86b396,Intel Xeon Platinum 8370C CPU 2.80GHz,BatchEmbeddingBenchmarks,CorpusSize=128,EmbedBatch,0.53
2026-09-13,cfe9f048c42ed96c9098969f70db7f8f5e86b396,Intel Xeon Platinum 8370C CPU 2.80GHz,BatchEmbeddingBenchmarks,CorpusSize=128,EmbedBatchBucketed,0.5
2026-09-13,cfe9f048c42ed96c9098969f70db7f8f5e86b396,Intel Xeon Platinum 8370C CPU 2.80GHz,BkTreeBenchmarks,"Radius=1, Shape=clustered",LengthFilteredScan,1.0
2026-09-13,cfe9f048c42ed96c9098969f70db7f8f5e86b396,Intel Xeon Platinum 8370C CPU 2.80GHz,BkTreeBenchmarks,"Radius=1, Shape=clustered",TreeWithinDistance,0.58
2026-09-13,cfe9f048c42ed96c9098969f70db7f8f5e86b396,Intel Xeon Platinum 8370C CPU 2.80GHz,BkTreeBenchmarks,"Radius=1, Shape=uniform",LengthFilteredScan,1.0
2026-09-13,cfe9f048c42ed96c9098969f70db7f8f5e86b396,Intel Xeon Platinum 8370C CPU 2.80GHz,BkTreeBenchmarks,"Radius=1, Shape=uniform",TreeWithinDistance,0.49
2026-09-13,cfe9f048c42ed96c9098969f70db7f8f5e86b396,Intel Xeon Platinum 8370C CPU 2.80GHz,BkTreeBenchmarks,"Radius=2, Shape=clustered",LengthFilteredScan,1.0
2026-09-13,cfe9f048c42ed96c9098969f70db7f8f5e86b396,Intel Xeon Platinum 8370C CPU 2.80GHz,BkTreeBenchmarks,"Radius=2, Shape=clustered",TreeWithinDistance,1.53
2026-09-13,cfe9f048c42ed96c9098969f70db7f8f5e86b396,Intel Xeon Platinum 8370C CPU 2.80GHz,BkTreeBenchmarks,"Radius=2, Shape=uniform",LengthFilteredScan,1.0
2026-09-13,cfe9f048c42ed96c9098969f70db7f8f5e86b396,Intel Xeon Platinum 8370C CPU 2.80GHz,BkTreeBenchmarks,"Radius=2, Shape=uniform",TreeWithinDistance,1.28
2026-09-13,cfe9f048c42ed96c9098969f70db7f8f5e86b396,Intel Xeon Platinum 8370C CPU 2.80GHz,BkTreeBenchmarks,"Radius=3, Shape=clustered",LengthFilteredScan,1.0
2026-09-13,cfe9f048c42ed96c9098969f70db7f8f5e86b396,Intel Xeon Platinum 8370C CPU 2.80GHz,BkTreeBenchmarks,"Radius=3, Shape=clustered",TreeWithinDistance,1.55
2026-09-13,cfe9f048c42ed96c9098969f70db7f8f5e86b396,Intel Xeon Platinum 8370C CPU 2.80GHz,BkTreeBenchmarks,"Radius=3, Shape=uniform",LengthFilteredScan,1.0
2026-09-13,cfe9f048c42ed96c9098969f70db7f8f5e86b396,Intel Xeon Platinum 8370C CPU 2.80GHz,BkTreeBenchmarks,"Radius=3, Shape=uniform",TreeWithinDistance,1.55
2026-09-13,cfe9f048c42ed96c9098969f70db7f8f5e86b396,Intel Xeon Platinum 8370C CPU 2.80GHz,BkTreeBenchmarks,"Radius=4, Shape=clustered",LengthFilteredScan,1.0
2026-09-13,cfe9f048c42ed96c9098969f70db7f8f5e86b396,Intel Xeon Platinum 8370C CPU 2.80GHz,BkTreeBenchmarks,"Radius=4, Shape=clustered",TreeWithinDistance,1.59
2026-09-13,cfe9f048c42ed96c9098969f70db7f8f5e86b396,Intel Xeon Platinum 8370C CPU 2.80GHz,BkTreeBenchmarks,"Radius=4, Shape=uniform",LengthFilteredScan,1.0
2026-09-13,cfe9f048c42ed96c9098969f70db7f8f5e86b396,Intel Xeon Platinum 8370C CPU 2.80GHz,BkTreeBenchmarks,"Radius=4, Shape=uniform",TreeWithinDistance,1.53
2026-09-13,cfe9f048c42ed96c9098969f70db7f8f5e86b396,Intel Xeon Platinum 8370C CPU 2.80GHz,BpeBenchmarks,,Unigram,1.0
2026-09-13,cfe9f048c42ed96c9098969f70db7f8f5e86b396,Intel Xeon Platinum 8370C CPU 2.80GHz,BpeBenchmarks,,Bpe,1.74
2026-09-13,cfe9f048c42ed96c9098969f70db7f8f5e86b396,Intel Xeon Platinum 8370C CPU 2.80GHz,DecompositionBenchmarks,,TruncatedSvd_Rank20,1.0
2026-09-13,cfe9f048c42ed96c9098969f70db7f8f5e86b396,Intel Xeon Platinum 8370C CPU 2.80GHz,DecompositionBenchmarks,,Nmf_Rank20,6.59
2026-09-13,cfe9f048c42ed96c9098969f70db7f8f5e86b396,Intel Xeon Platinum 8370C CPU 2.80GHz,DecompositionBenchmarks,,MlNet_ProjectToPrincipalComponents_Rank20,0.86
2026-09-13,cfe9f048c42ed96c9098969f70db7f8f5e86b396,Intel Xeon Platinum 8370C CPU 2.80GHz,FuzzBenchmarks,,Ratio,1.0
2026-09-13,cfe9f048c42ed96c9098969f70db7f8f5e86b396,Intel Xeon Platinum 8370C CPU 2.80GHz,FuzzBenchmarks,,PartialRatio,116.39
2026-09-13,cfe9f048c42ed96c9098969f70db7f8f5e86b396,Intel Xeon Platinum 8370C CPU 2.80GHz,FuzzBenchmarks,,TokenSortRatio,11.3
2026-09-13,cfe9f048c42ed96c9098969f70db7f8f5e86b396,Intel Xeon Platinum 8370C CPU 2.80GHz,FuzzBenchmarks,,TokenSetRatio,13.04
2026-09-13,cfe9f048c42ed96c9098969f70db7f8f5e86b396,Intel Xeon Platinum 8370C CPU 2.80GHz,FuzzBenchmarks,,WRatio,27.78
2026-09-13,cfe9f048c42ed96c9098969f70db7f8f5e86b396,Intel Xeon Platinum 8370C CPU 2.80GHz,FuzzIncumbentBenchmarks,Operation=Ratio,Lodestar,1.0
2026-09-13,cfe9f048c42ed96c9098969f70db7f8f5e86b396,Intel Xeon Platinum 8370C CPU 2.80GHz,FuzzIncumbentBenchmarks,Operation=Ratio,FuzzySharp,2.76
2026-09-13,cfe9f048c42ed96c9098969f70db7f8f5e86b396,Intel Xeon Platinum 8370C CPU 2.80GHz,FuzzIncumbentBenchmarks,Operation=PartialRatio,Lodestar,1.0
2026-09-13,cfe9f048c42ed96c9098969f70db7f8f5e86b396,Intel Xeon Platinum 8370C CPU 2.80GHz,FuzzIncumbentBenchmarks,Operation=PartialRatio,FuzzySharp,0.99
2026-09-13,cfe9f048c42ed96c9098969f70db7f8f5e86b396,Intel Xeon Platinum 8370C CPU 2.80GHz,FuzzIncumbentBenchmarks,Operation=TokenSetRatio,Lodestar,1.0
2026-09-13,cfe9f048c42ed96c9098969f70db7f8f5e86b396,Intel Xeon Platinum 8370C CPU 2.80GHz,FuzzIncumbentBenchmarks,Operation=TokenSetRatio,FuzzySharp,1.73
2026-09-13,cfe9f048c42ed96c9098969f70db7f8f5e86b396,Intel Xeon Platinum 8370C CPU 2.80GHz,FuzzIncumbentBenchmarks,Operation=WRatio,Lodestar,1.0
2026-09-13,cfe9f048c42ed96c9098969f70db7f8f5e86b396,Intel Xeon Platinum 8370C CPU 2.80GHz,FuzzIncumbentBenchmarks,Operation=WRatio,FuzzySharp,2.1
2026-09-13,cfe9f048c42ed96c9098969f70db7f8f5e86b396,Intel Xeon Platinum 8370C CPU 2.80GHz,IndelBenchmarks,Length=8,Distance_Utf16,1.0
2026-09-13,cfe9f048c42ed96c9098969f70db7f8f5e86b396,Intel Xeon Platinum 8370C CPU 2.80GHz,IndelBenchmarks,Length=8,Distance_CodePoint,5.04
2026-09-13,cfe9f048c42ed96c9098969f70db7f8f5e86b396,Intel Xeon Platinum 8370C CPU 2.80GHz,IndelBenchmarks,Length=8,NormalizedSimilarity_Utf16,1.0
2026-09-13,cfe9f048c42ed96c9098969f70db7f8f5e86b396,Intel Xeon Platinum 8370C CPU 2.80GHz,IndelBenchmarks,Length=8,SubsequenceLength_Utf16,0.94
2026-09-13,cfe9f048c42ed96c9098969f70db7f8f5e86b396,Intel Xeon Platinum 8370C CPU 2.80GHz,IndelBenchmarks,Length=12,Distance_Utf16,1.0
2026-09-13,cfe9f048c42ed96c9098969f70db7f8f5e86b396,Intel Xeon Platinum 8370C CPU 2.80GHz,IndelBenchmarks,Length=12,Distance_CodePoint,5.67
2026-09-13,cfe9f048c42ed96c9098969f70db7f8f5e86b396,Intel Xeon Platinum 8370C CPU 2.80GHz,IndelBenchmarks,Length=12,NormalizedSimilarity_Utf16,1.04
2026-09-13,cfe9f048c42ed96c9098969f70db7f8f5e86b396,Intel Xeon Platinum 8370C CPU 2.80GHz,IndelBenchmarks,Length=12,SubsequenceLength_Utf16,0.99
2026-09-13,cfe9f048c42ed96c9098969f70db7f8f5e86b396,Intel Xeon Platinum 8370C CPU 2.80GHz,IndelBenchmarks,Length=16,Distance_Utf16,1.0
2026-09-13,cfe9f048c42ed96c9098969f70db7f8f5e86b396,Intel Xeon Platinum 8370C CPU 2.80GHz,IndelBenchmarks,Length=16,Distance_CodePoint,5.3
2026-09-13,cfe9f048c42ed96c9098969f70db7f8f5e86b396,Intel Xeon Platinum 8370C CPU 2.80GHz,IndelBenchmarks,Length=16,NormalizedSimilarity_Utf16,1.06
2026-09-13,cfe9f048c42ed96c9098969f70db7f8f5e86b396,Intel Xeon Platinum 8370C CPU 2.80GHz,IndelBenchmarks,Length=16,SubsequenceLength_Utf16,0.98
2026-09-13,cfe9f048c42ed96c9098969f70db7f8f5e86b396,Intel Xeon Platinum 8370C CPU 2.80GHz,IndelBenchmarks,Length=20,Distance_Utf16,1.0
2026-09-13,cfe9f048c42ed96c9098969f70db7f8f5e86b396,Intel Xeon Platinum 8370C CPU 2.80GHz,IndelBenchmarks,Length=20,Distance_CodePoint,6.57
2026-09-13,cfe9f048c42ed96c9098969f70db7f8f5e86b396,Intel Xeon Platinum 8370C CPU 2.80GHz,IndelBenchmarks,Length=20,NormalizedSimilarity_Utf16,1.08
2026-09-13,cfe9f048c42ed96c9098969f70db7f8f5e86b396,Intel Xeon Platinum 8370C CPU 2.80GHz,IndelBenchmarks,Length=20,SubsequenceLength_Utf16,0.94
2026-09-13,cfe9f048c42ed96c9098969f70db7f8f5e86b396,Intel Xeon Platinum 8370C CPU 2.80GHz,IndelBenchmarks,Length=24,Distance_Utf16,1.0
2026-09-13,cfe9f048c42ed96c9098969f70db7f8f5e86b396,Intel Xeon Platinum 8370C CPU 2.80GHz,IndelBenchmarks,Length=24,Distance_CodePoint,13.17
2026-09-13,cfe9f048c42ed96c9098969f70db7f8f5e86b396,Intel Xeon Platinum 8370C CPU 2.80GHz,IndelBenchmarks,Length=24,NormalizedSimilarity_Utf16,1.26
2026-09-13,cfe9f048c42ed96c9098969f70db7f8f5e86b396,Intel Xeon Platinum 8370C CPU 2.80GHz,IndelBenchmarks,Length=24,SubsequenceLength_Utf16,1.06
2026-09-13,cfe9f048c42ed96c9098969f70db7f8f5e86b396,Intel Xeon Platinum 8370C CPU 2.80GHz,IndelBenchmarks,Length=32,Distance_Utf16,1.0
2026-09-13,cfe9f048c42ed96c9098969f70db7f8f5e86b396,Intel Xeon Platinum 8370C CPU 2.80GHz,IndelBenchmarks,Length=32,Distance_CodePoint,12.92
2026-09-13,cfe9f048c42ed96c9098969f70db7f8f5e86b396,Intel Xeon Platinum 8370C CPU 2.80GHz,IndelBenchmarks,Length=32,NormalizedSimilarity_Utf16,1.01
2026-09-13,cfe9f048c42ed96c9098969f70db7f8f5e86b396,Intel Xeon Platinum 8370C CPU 2.80GHz,IndelBenchmarks,Length=32,SubsequenceLength_Utf16,0.92
2026-09-13,cfe9f048c42ed96c9098969f70db7f8f5e86b396,Intel Xeon Platinum 8370C CPU 2.80GHz,IndelBenchmarks,Length=128,Distance_Utf16,1.0
2026-09-13,cfe9f048c42ed96c9098969f70db7f8f5e86b396,Intel Xeon Platinum 8370C CPU 2.80GHz,IndelBenchmarks,Length=128,Distance_CodePoint,21.25
2026-09-13,cfe9f048c42ed96c9098969f70db7f8f5e86b396,Intel Xeon Platinum 8370C CPU 2.80GHz,IndelBenchmarks,Length=128,NormalizedSimilarity_Utf16,0.99
2026-09-13,cfe9f048c42ed96c9098969f70db7f8f5e86b396,Intel Xeon Platinum 8370C CPU 2.80GHz,IndelBenchmarks,Length=128,SubsequenceLength_Utf16,1.0
2026-09-13,cfe9f048c42ed96c9098969f70db7f8f5e86b396,Intel Xeon Platinum 8370C CPU 2.80GHz,IndelBenchmarks,Length=512,Distance_Utf16,1.0
2026-09-13,cfe9f048c42ed96c9098969f70db7f8f5e86b396,Intel Xeon Platinum 8370C CPU 2.80GHz,IndelBenchmarks,Length=512,Distance_CodePoint,44.42
2026-09-13,cfe9f048c42ed96c9098969f70db7f8f5e86b396,Intel Xeon Platinum 8370C CPU 2.80GHz,IndelBenchmarks,Length=512,NormalizedSimilarity_Utf16,0.99
2026-09-13,cfe9f048c42ed96c9098969f70db7f8f5e86b396,Intel Xeon Platinum 8370C CPU 2.80GHz,IndelBenchmarks,Length=512,SubsequenceLength_Utf16,1.0
2026-09-13,cfe9f048c42ed96c9098969f70db7f8f5e86b396,Intel Xeon Platinum 8370C CPU 2.80GHz,LcsGateBenchmarks,Band=8,Dp,1.0
2026-09-13,cfe9f048c42ed96c9098969f70db7f8f5e86b396,Intel Xeon Platinum 8370C CPU 2.80GHz,LcsGateBenchmarks,Band=8,Kernel,0.45
2026-09-13,cfe9f048c42ed96c9098969f70db7f8f5e86b396,Intel Xeon Platinum 8370C CPU 2.80GHz,LcsGateBenchmarks,Band=8,Dp_Cjk,1.01
2026-09-13,cfe9f048c42ed96c9098969f70db7f8f5e86b396,Intel Xeon Platinum 8370C CPU 2.80GHz,LcsGateBenchmarks,Band=8,Kernel_Cjk,0.76
2026-09-13,cfe9f048c42ed96c9098969f70db7f8f5e86b396,Intel Xeon Platinum 8370C CPU 2.80GHz,LcsGateBenchmarks,Band=12,Dp,1.0
2026-09-13,cfe9f048c42ed96c9098969f70db7f8f5e86b396,Intel Xeon Platinum 8370C CPU 2.80GHz,LcsGateBenchmarks,Band=12,Kernel,0.3
2026-09-13,cfe9f048c42ed96c9098969f70db7f8f5e86b396,Intel Xeon Platinum 8370C CPU 2.80GHz,LcsGateBenchmarks,Band=12,Dp_Cjk,1.0
2026-09-13,cfe9f048c42ed96c9098969f70db7f8f5e86b396,Intel Xeon Platinum 8370C CPU 2.80GHz,LcsGateBenchmarks,Band=12,Kernel_Cjk,0.51
2026-09-13,cfe9f048c42ed96c9098969f70db7f8f5e86b396,Intel Xeon Platinum 8370C CPU 2.80GHz,LcsGateBenchmarks,Band=14,Dp,1.0
2026-09-13,cfe9f048c42ed96c9098969f70db7f8f5e86b396,Intel Xeon Platinum 8370C CPU 2.80GHz,LcsGateBenchmarks,Band=14,Kernel,0.23
2026-09-13,cfe9f048c42ed96c9098969f70db7f8f5e86b396,Intel Xeon Platinum 8370C CPU 2.80GHz,LcsGateBenchmarks,Band=14,Dp_Cjk,0.9
2026-09-13,cfe9f048c42ed96c9098969f70db7f8f5e86b396,Intel Xeon Platinum 8370C CPU 2.80GHz,LcsGateBenchmarks,Band=14,Kernel_Cjk,0.39
2026-09-13,cfe9f048c42ed96c9098969f70db7f8f5e86b396,Intel Xeon Platinum 8370C CPU 2.80GHz,LcsGateBenchmarks,Band=16,Dp,1.0
2026-09-13,cfe9f048c42ed96c9098969f70db7f8f5e86b396,Intel Xeon Platinum 8370C CPU 2.80GHz,LcsGateBenchmarks,Band=16,Kernel,0.19
2026-09-13,cfe9f048c42ed96c9098969f70db7f8f5e86b396,Intel Xeon Platinum 8370C CPU 2.80GHz,LcsGateBenchmarks,Band=16,Dp_Cjk,1.0
2026-09-13,cfe9f048c42ed96c9098969f70db7f8f5e86b396,Intel Xeon Platinum 8370C CPU 2.80GHz,LcsGateBenchmarks,Band=16,Kernel_Cjk,0.32
2026-09-13,cfe9f048c42ed96c9098969f70db7f8f5e86b396,Intel Xeon Platinum 8370C CPU 2.80GHz,LcsGateBenchmarks,Band=18,Dp,1.0
2026-09-13,cfe9f048c42ed96c9098969f70db7f8f5e86b396,Intel Xeon Platinum 8370C CPU 2.80GHz,LcsGateBenchmarks,Band=18,Kernel,0.16
2026-09-13,cfe9f048c42ed96c9098969f70db7f8f5e86b396,Intel Xeon Platinum 8370C CPU 2.80GHz,LcsGateBenchmarks,Band=18,Dp_Cjk,1.0
2026-09-13,cfe9f048c42ed96c9098969f70db7f8f5e86b396,Intel Xeon Platinum 8370C CPU 2.80GHz,LcsGateBenchmarks,Band=18,Kernel_Cjk,0.36
2026-09-13,cfe9f048c42ed96c9098969f70db7f8f5e86b396,Intel Xeon Platinum 8370C CPU 2.80GHz,LcsGateBenchmarks,Band=20,Dp,1.0
2026-09-13,cfe9f048c42ed96c9098969f70db7f8f5e86b396,Intel Xeon Platinum 8370C CPU 2.80GHz,LcsGateBenchmarks,Band=20,Kernel,0.14
2026-09-13,cfe9f048c42ed96c9098969f70db7f8f5e86b396,Intel Xeon Platinum 8370C CPU 2.80GHz,LcsGateBenchmarks,Band=20,Dp_Cjk,1.0
2026-09-13,cfe9f048c42ed96c9098969f70db7f8f5e86b396,Intel Xeon Platinum 8370C CPU 2.80GHz,LcsGateBenchmarks,Band=20,Kernel_Cjk,0.23
2026-09-13,cfe9f048c42ed96c9098969f70db7f8f5e86b396,Intel Xeon Platinum 8370C CPU 2.80GHz,LcsGateBenchmarks,Band=24,Dp,1.0
2026-09-13,cfe9f048c42ed96c9098969f70db7f8f5e86b396,Intel Xeon Platinum 8370C CPU 2.80GHz,LcsGateBenchmarks,Band=24,Kernel,0.12
2026-09-13,cfe9f048c42ed96c9098969f70db7f8f5e86b396,Intel Xeon Platinum 8370C CPU 2.80GHz,LcsGateBenchmarks,Band=24,Dp_Cjk,1.04
2026-09-13,cfe9f048c42ed96c9098969f70db7f8f5e86b396,Intel Xeon Platinum 8370C CPU 2.80GHz,LcsGateBenchmarks,Band=24,Kernel_Cjk,0.19
2026-09-13,cfe9f048c42ed96c9098969f70db7f8f5e86b396,Intel Xeon Platinum 8370C CPU 2.80GHz,LcsGateBenchmarks,Band=32,Dp,1.0
2026-09-13,cfe9f048c42ed96c9098969f70db7f8f5e86b396,Intel Xeon Platinum 8370C CPU 2.80GHz,LcsGateBenchmarks,Band=32,Kernel,0.09
2026-09-13,cfe9f048c42ed96c9098969f70db7f8f5e86b396,Intel Xeon Platinum 8370C CPU 2.80GHz,LcsGateBenchmarks,Band=32,Dp_Cjk,1.06
2026-09-13,cfe9f048c42ed96c9098969f70db7f8f5e86b396,Intel Xeon Platinum 8370C CPU 2.80GHz,LcsGateBenchmarks,Band=32,Kernel_Cjk,0.14
2026-09-13,cfe9f048c42ed96c9098969f70db7f8f5e86b396,Intel Xeon Platinum 8370C CPU 2.80GHz,LcsGateBenchmarks,Band=48,Dp,1.0
2026-09-13,cfe9f048c42ed96c9098969f70db7f8f5e86b396,Intel Xeon Platinum 8370C CPU 2.80GHz,LcsGateBenchmarks,Band=48,Kernel,0.05
2026-09-13,cfe9f048c42ed96c9098969f70db7f8f5e86b396,Intel Xeon Platinum 8370C CPU 2.80GHz,LcsGateBenchmarks,Band=48,Dp_Cjk,0.98
2026-09-13,cfe9f048c42ed96c9098969f70db7f8f5e86b396,Intel Xeon Platinum 8370C CPU 2.80GHz,LcsGateBenchmarks,Band=48,Kernel_Cjk,0.09
2026-09-13,cfe9f048c42ed96c9098969f70db7f8f5e86b396,Intel Xeon Platinum 8370C CPU 2.80GHz,LcsGateBenchmarks,Band=64,Dp,1.0
2026-09-13,cfe9f048c42ed96c9098969f70db7f8f5e86b396,Intel Xeon Platinum 8370C CPU 2.80GHz,LcsGateBenchmarks,Band=64,Kernel,0.03
2026-09-13,cfe9f048c42ed96c9098969f70db7f8f5e86b396,Intel Xeon Platinum 8370C CPU 2.80GHz,LcsGateBenchmarks,Band=64,Dp_Cjk,0.99
2026-09-13,cfe9f048c42ed96c9098969f70db7f8f5e86b396,Intel Xeon Platinum 8370C CPU 2.80GHz,LcsGateBenchmarks,Band=64,Kernel_Cjk,0.06
2026-09-13,cfe9f048c42ed96c9098969f70db7f8f5e86b396,Intel Xeon Platinum 8370C CPU 2.80GHz,LcsGateBenchmarks,Band=96,Dp,1.0
2026-09-13,cfe9f048c42ed96c9098969f70db7f8f5e86b396,Intel Xeon Platinum 8370C CPU 2.80GHz,LcsGateBenchmarks,Band=96,Kernel,0.07
2026-09-13,cfe9f048c42ed96c9098969f70db7f8f5e86b396,Intel Xeon Platinum 8370C CPU 2.80GHz,LcsGateBenchmarks,Band=96,Dp_Cjk,1.04
2026-09-13,cfe9f048c42ed96c9098969f70db7f8f5e86b396,Intel Xeon Platinum 8370C CPU 2.80GHz,LcsGateBenchmarks,Band=96,Kernel_Cjk,0.09
2026-09-13,cfe9f048c42ed96c9098969f70db7f8f5e86b396,Intel Xeon Platinum 8370C CPU 2.80GHz,LevenshteinBenchmarks,Length=8,Distance_Utf16,1.0
2026-09-13,cfe9f048c42ed96c9098969f70db7f8f5e86b396,Intel Xeon Platinum 8370C CPU 2.80GHz,LevenshteinBenchmarks,Length=8,Distance_CodePoint,5.24
2026-09-13,cfe9f048c42ed96c9098969f70db7f8f5e86b396,Intel Xeon Platinum 8370C CPU 2.80GHz,LevenshteinBenchmarks,Length=8,NormalizedSimilarity_Utf16,0.99
2026-09-13,cfe9f048c42ed96c9098969f70db7f8f5e86b396,Intel Xeon Platinum 8370C CPU 2.80GHz,LevenshteinBenchmarks,Length=64,Distance_Utf16,1.0
2026-09-13,cfe9f048c42ed96c9098969f70db7f8f5e86b396,Intel Xeon Platinum 8370C CPU 2.80GHz,LevenshteinBenchmarks,Length=64,Distance_CodePoint,2.64
2026-09-13,cfe9f048c42ed96c9098969f70db7f8f5e86b396,Intel Xeon Platinum 8370C CPU 2.80GHz,LevenshteinBenchmarks,Length=64,NormalizedSimilarity_Utf16,1.0
2026-09-13,cfe9f048c42ed96c9098969f70db7f8f5e86b396,Intel Xeon Platinum 8370C CPU 2.80GHz,LevenshteinBenchmarks,Length=512,Distance_Utf16,1.0
2026-09-13,cfe9f048c42ed96c9098969f70db7f8f5e86b396,Intel Xeon Platinum 8370C CPU 2.80GHz,LevenshteinBenchmarks,Length=512,Distance_CodePoint,1.21
2026-09-13,cfe9f048c42ed96c9098969f70db7f8f5e86b396,Intel Xeon Platinum 8370C CPU 2.80GHz,LevenshteinBenchmarks,Length=512,NormalizedSimilarity_Utf16,1.0
2026-09-13,cfe9f048c42ed96c9098969f70db7f8f5e86b396,Intel Xeon Platinum 8370C CPU 2.80GHz,LevenshteinCodePointBenchmarks,"Length=16, Distinct=32",Distance_CodePoint,1.0
2026-09-13,cfe9f048c42ed96c9098969f70db7f8f5e86b396,Intel Xeon Platinum 8370C CPU 2.80GHz,LevenshteinCodePointBenchmarks,"Length=16, Distinct=32",Distance_Utf16,0.6
2026-09-13,cfe9f048c42ed96c9098969f70db7f8f5e86b396,Intel Xeon Platinum 8370C CPU 2.80GHz,LevenshteinCodePointBenchmarks,"Length=16, Distinct=512",Distance_CodePoint,1.0
2026-09-13,cfe9f048c42ed96c9098969f70db7f8f5e86b396,Intel Xeon Platinum 8370C CPU 2.80GHz,LevenshteinCodePointBenchmarks,"Length=16, Distinct=512",Distance_Utf16,0.6
2026-09-13,cfe9f048c42ed96c9098969f70db7f8f5e86b396,Intel Xeon Platinum 8370C CPU 2.80GHz,LevenshteinCodePointBenchmarks,"Length=24, Distinct=32",Distance_CodePoint,1.0
2026-09-13,cfe9f048c42ed96c9098969f70db7f8f5e86b396,Intel Xeon Platinum 8370C CPU 2.80GHz,LevenshteinCodePointBenchmarks,"Length=24, Distinct=32",Distance_Utf16,0.67
2026-09-13,cfe9f048c42ed96c9098969f70db7f8f5e86b396,Intel Xeon Platinum 8370C CPU 2.80GHz,LevenshteinCodePointBenchmarks,"Length=24, Distinct=512",Distance_CodePoint,1.0
2026-09-13,cfe9f048c42ed96c9098969f70db7f8f5e86b396,Intel Xeon Platinum 8370C CPU 2.80GHz,LevenshteinCodePointBenchmarks,"Length=24, Distinct=512",Distance_Utf16,0.7
2026-09-13,cfe9f048c42ed96c9098969f70db7f8f5e86b396,Intel Xeon Platinum 8370C CPU 2.80GHz,LevenshteinCodePointBenchmarks,"Length=32, Distinct=32",Distance_CodePoint,1.0
2026-09-13,cfe9f048c42ed96c9098969f70db7f8f5e86b396,Intel Xeon Platinum 8370C CPU 2.80GHz,LevenshteinCodePointBenchmarks,"Length=32, Distinct=32",Distance_Utf16,0.7
2026-09-13,cfe9f048c42ed96c9098969f70db7f8f5e86b396,Intel Xeon Platinum 8370C CPU 2.80GHz,LevenshteinCodePointBenchmarks,"Length=32, Distinct=512",Distance_CodePoint,1.0
2026-09-13,cfe9f048c42ed96c9098969f70db7f8f5e86b396,Intel Xeon Platinum 8370C CPU 2.80GHz,LevenshteinCodePointBenchmarks,"Length=32, Distinct=512",Distance_Utf16,0.72
2026-09-13,cfe9f048c42ed96c9098969f70db7f8f5e86b396,Intel Xeon Platinum 8370C CPU 2.80GHz,LevenshteinCodePointBenchmarks,"Length=40, Distinct=32",Distance_CodePoint,1.0
2026-09-13,cfe9f048c42ed96c9098969f70db7f8f5e86b396,Intel Xeon Platinum 8370C CPU 2.80GHz,LevenshteinCodePointBenchmarks,"Length=40, Distinct=32",Distance_Utf16,2.05
2026-09-13,cfe9f048c42ed96c9098969f70db7f8f5e86b396,Intel Xeon Platinum 8370C CPU 2.80GHz,LevenshteinCodePointBenchmarks,"Length=40, Distinct=512",Distance_CodePoint,1.0
2026-09-13,cfe9f048c42ed96c9098969f70db7f8f5e86b396,Intel Xeon Platinum 8370C CPU 2.80GHz,LevenshteinCodePointBenchmarks,"Length=40, Distinct=512",Distance_Utf16,2.11
2026-09-13,cfe9f048c42ed96c9098969f70db7f8f5e86b396,Intel Xeon Platinum 8370C CPU 2.80GHz,LevenshteinCodePointBenchmarks,"Length=128, Distinct=32",Distance_CodePoint,1.0
2026-09-13,cfe9f048c42ed96c9098969f70db7f8f5e86b396,Intel Xeon Platinum 8370C CPU 2.80GHz,LevenshteinCodePointBenchmarks,"Length=128, Distinct=32",Distance_Utf16,2.03
2026-09-13,cfe9f048c42ed96c9098969f70db7f8f5e86b396,Intel Xeon Platinum 8370C CPU 2.80GHz,LevenshteinCodePointBenchmarks,"Length=128, Distinct=512",Distance_CodePoint,1.0
2026-09-13,cfe9f048c42ed96c9098969f70db7f8f5e86b396,Intel Xeon Platinum 8370C CPU 2.80GHz,LevenshteinCodePointBenchmarks,"Length=128, Distinct=512",Distance_Utf16,2.01
2026-09-13,cfe9f048c42ed96c9098969f70db7f8f5e86b396,Intel Xeon Platinum 8370C CPU 2.80GHz,LevenshteinCodePointBenchmarks,"Length=512, Distinct=32",Distance_CodePoint,1.0
2026-09-13,cfe9f048c42ed96c9098969f70db7f8f5e86b396,Intel Xeon Platinum 8370C CPU 2.80GHz,LevenshteinCodePointBenchmarks,"Length=512, Distinct=32",Distance_Utf16,3.2
2026-09-13,cfe9f048c42ed96c9098969f70db7f8f5e86b396,Intel Xeon Platinum 8370C CPU 2.80GHz,LevenshteinCodePointBenchmarks,"Length=512, Distinct=512",Distance_CodePoint,1.0
2026-09-13,cfe9f048c42ed96c9098969f70db7f8f5e86b396,Intel Xeon Platinum 8370C CPU 2.80GHz,LevenshteinCodePointBenchmarks,"Length=512, Distinct=512",Distance_Utf16,0.12
2026-09-13,cfe9f048c42ed96c9098969f70db7f8f5e86b396,Intel Xeon Platinum 8370C CPU 2.80GHz,LevenshteinIncumbentBenchmarks,Length=8,Lodestar,1.0
2026-09-13,cfe9f048c42ed96c9098969f70db7f8f5e86b396,Intel Xeon Platinum 8370C CPU 2.80GHz,LevenshteinIncumbentBenchmarks,Length=8,Fastenshtein,3.37
2026-09-13,cfe9f048c42ed96c9098969f70db7f8f5e86b396,Intel Xeon Platinum 8370C CPU 2.80GHz,LevenshteinIncumbentBenchmarks,Length=8,Quickenshtein,3.16
2026-09-13,cfe9f048c42ed96c9098969f70db7f8f5e86b396,Intel Xeon Platinum 8370C CPU 2.80GHz,LevenshteinIncumbentBenchmarks,Length=8,F23_StringSimilarity,6.05
2026-09-13,cfe9f048c42ed96c9098969f70db7f8f5e86b396,Intel Xeon Platinum 8370C CPU 2.80GHz,LevenshteinIncumbentBenchmarks,Length=64,Lodestar,1.0
2026-09-13,cfe9f048c42ed96c9098969f70db7f8f5e86b396,Intel Xeon Platinum 8370C CPU 2.80GHz,LevenshteinIncumbentBenchmarks,Length=64,Fastenshtein,19.63
2026-09-13,cfe9f048c42ed96c9098969f70db7f8f5e86b396,Intel Xeon Platinum 8370C CPU 2.80GHz,LevenshteinIncumbentBenchmarks,Length=64,Quickenshtein,4.58
2026-09-13,cfe9f048c42ed96c9098969f70db7f8f5e86b396,Intel Xeon Platinum 8370C CPU 2.80GHz,LevenshteinIncumbentBenchmarks,Length=64,F23_StringSimilarity,35.11
2026-09-13,cfe9f048c42ed96c9098969f70db7f8f5e86b396,Intel Xeon Platinum 8370C CPU 2.80GHz,LevenshteinIncumbentBenchmarks,Length=512,Lodestar,1.0
2026-09-13,cfe9f048c42ed96c9098969f70db7f8f5e86b396,Intel Xeon Platinum 8370C CPU 2.80GHz,LevenshteinIncumbentBenchmarks,Length=512,Fastenshtein,27.97
2026-09-13,cfe9f048c42ed96c9098969f70db7f8f5e86b396,Intel Xeon Platinum 8370C CPU 2.80GHz,LevenshteinIncumbentBenchmarks,Length=512,Quickenshtein,2.64
2026-09-13,cfe9f048c42ed96c9098969f70db7f8f5e86b396,Intel Xeon Platinum 8370C CPU 2.80GHz,LevenshteinIncumbentBenchmarks,Length=512,F23_StringSimilarity,48.4
2026-09-13,cfe9f048c42ed96c9098969f70db7f8f5e86b396,Intel Xeon Platinum 8370C CPU 2.80GHz,MetricsIncumbentBenchmarks,"Samples=100000, Request=Bundle",Lodestar,1.0
2026-09-13,cfe9f048c42ed96c9098969f70db7f8f5e86b396,Intel Xeon Platinum 8370C CPU 2.80GHz,MetricsIncumbentBenchmarks,"Samples=100000, Request=Bundle",MlNet,3.64
2026-09-13,cfe9f048c42ed96c9098969f70db7f8f5e86b396,Intel Xeon Platinum 8370C CPU 2.80GHz,MetricsIncumbentBenchmarks,"Samples=100000, Request=AccuracyAlone",Lodestar,1.0
2026-09-13,cfe9f048c42ed96c9098969f70db7f8f5e86b396,Intel Xeon Platinum 8370C CPU 2.80GHz,MetricsIncumbentBenchmarks,"Samples=100000, Request=AccuracyAlone",MlNet,130.73
2026-09-13,cfe9f048c42ed96c9098969f70db7f8f5e86b396,Intel Xeon Platinum 8370C CPU 2.80GHz,MetricsIncumbentBenchmarks,"Samples=1000000, Request=Bundle",Lodestar,1.0
2026-09-13,cfe9f048c42ed96c9098969f70db7f8f5e86b396,Intel Xeon Platinum 8370C CPU 2.80GHz,MetricsIncumbentBenchmarks,"Samples=1000000, Request=Bundle",MlNet,1.35
2026-09-13,cfe9f048c42ed96c9098969f70db7f8f5e86b396,Intel Xeon Platinum 8370C CPU 2.80GHz,MetricsIncumbentBenchmarks,"Samples=1000000, Request=AccuracyAlone",Lodestar,1.0
2026-09-13,cfe9f048c42ed96c9098969f70db7f8f5e86b396,Intel Xeon Platinum 8370C CPU 2.80GHz,MetricsIncumbentBenchmarks,"Samples=1000000, Request=AccuracyAlone",MlNet,77.62
2026-09-13,cfe9f048c42ed96c9098969f70db7f8f5e86b396,Intel Xeon Platinum 8370C CPU 2.80GHz,MyersGateBenchmarks,Band=4,Dp,1.0
2026-09-13,cfe9f048c42ed96c9098969f70db7f8f5e86b396,Intel Xeon Platinum 8370C CPU 2.80GHz,MyersGateBenchmarks,Band=4,Kernel,0.98
2026-09-13,cfe9f048c42ed96c9098969f70db7f8f5e86b396,Intel Xeon Platinum 8370C CPU 2.80GHz,MyersGateBenchmarks,Band=4,Dp_Cjk,1.0
2026-09-13,cfe9f048c42ed96c9098969f70db7f8f5e86b396,Intel Xeon Platinum 8370C CPU 2.80GHz,MyersGateBenchmarks,Band=4,Kernel_Cjk,0.98
2026-09-13,cfe9f048c42ed96c9098969f70db7f8f5e86b396,Intel Xeon Platinum 8370C CPU 2.80GHz,MyersGateBenchmarks,Band=6,Dp,1.0
2026-09-13,cfe9f048c42ed96c9098969f70db7f8f5e86b396,Intel Xeon Platinum 8370C CPU 2.80GHz,MyersGateBenchmarks,Band=6,Kernel,0.72
2026-09-13,cfe9f048c42ed96c9098969f70db7f8f5e86b396,Intel Xeon Platinum 8370C CPU 2.80GHz,MyersGateBenchmarks,Band=6,Dp_Cjk,1.01
2026-09-13,cfe9f048c42ed96c9098969f70db7f8f5e86b396,Intel Xeon Platinum 8370C CPU 2.80GHz,MyersGateBenchmarks,Band=6,Kernel_Cjk,1.28
2026-09-13,cfe9f048c42ed96c9098969f70db7f8f5e86b396,Intel Xeon Platinum 8370C CPU 2.80GHz,MyersGateBenchmarks,Band=8,Dp,1.0
2026-09-13,cfe9f048c42ed96c9098969f70db7f8f5e86b396,Intel Xeon Platinum 8370C CPU 2.80GHz,MyersGateBenchmarks,Band=8,Kernel,0.57
2026-09-13,cfe9f048c42ed96c9098969f70db7f8f5e86b396,Intel Xeon Platinum 8370C CPU 2.80GHz,MyersGateBenchmarks,Band=8,Dp_Cjk,0.99
2026-09-13,cfe9f048c42ed96c9098969f70db7f8f5e86b396,Intel Xeon Platinum 8370C CPU 2.80GHz,MyersGateBenchmarks,Band=8,Kernel_Cjk,1.17
2026-09-13,cfe9f048c42ed96c9098969f70db7f8f5e86b396,Intel Xeon Platinum 8370C CPU 2.80GHz,MyersGateBenchmarks,Band=10,Dp,1.0
2026-09-13,cfe9f048c42ed96c9098969f70db7f8f5e86b396,Intel Xeon Platinum 8370C CPU 2.80GHz,MyersGateBenchmarks,Band=10,Kernel,0.5
2026-09-13,cfe9f048c42ed96c9098969f70db7f8f5e86b396,Intel Xeon Platinum 8370C CPU 2.80GHz,MyersGateBenchmarks,Band=10,Dp_Cjk,1.0
2026-09-13,cfe9f048c42ed96c9098969f70db7f8f5e86b396,Intel Xeon Platinum 8370C CPU 2.80GHz,MyersGateBenchmarks,Band=10,Kernel_Cjk,0.7
2026-09-13,cfe9f048c42ed96c9098969f70db7f8f5e86b396,Intel Xeon Platinum 8370C CPU 2.80GHz,MyersGateBenchmarks,Band=12,Dp,1.0
2026-09-13,cfe9f048c42ed96c9098969f70db7f8f5e86b396,Intel Xeon Platinum 8370C CPU 2.80GHz,MyersGateBenchmarks,Band=12,Kernel,0.37
2026-09-13,cfe9f048c42ed96c9098969f70db7f8f5e86b396,Intel Xeon Platinum 8370C CPU 2.80GHz,MyersGateBenchmarks,Band=12,Dp_Cjk,1.0
2026-09-13,cfe9f048c42ed96c9098969f70db7f8f5e86b396,Intel Xeon Platinum 8370C CPU 2.80GHz,MyersGateBenchmarks,Band=12,Kernel_Cjk,0.54
2026-09-13,cfe9f048c42ed96c9098969f70db7f8f5e86b396,Intel Xeon Platinum 8370C CPU 2.80GHz,MyersGateBenchmarks,Band=16,Dp,1.0
2026-09-13,cfe9f048c42ed96c9098969f70db7f8f5e86b396,Intel Xeon Platinum 8370C CPU 2.80GHz,MyersGateBenchmarks,Band=16,Kernel,0.29
2026-09-13,cfe9f048c42ed96c9098969f70db7f8f5e86b396,Intel Xeon Platinum 8370C CPU 2.80GHz,MyersGateBenchmarks,Band=16,Dp_Cjk,1.0
2026-09-13,cfe9f048c42ed96c9098969f70db7f8f5e86b396,Intel Xeon Platinum 8370C CPU 2.80GHz,MyersGateBenchmarks,Band=16,Kernel_Cjk,0.4
2026-09-13,cfe9f048c42ed96c9098969f70db7f8f5e86b396,Intel Xeon Platinum 8370C CPU 2.80GHz,MyersGateBenchmarks,Band=24,Dp,1.0
2026-09-13,cfe9f048c42ed96c9098969f70db7f8f5e86b396,Intel Xeon Platinum 8370C CPU 2.80GHz,MyersGateBenchmarks,Band=24,Kernel,0.19
2026-09-13,cfe9f048c42ed96c9098969f70db7f8f5e86b396,Intel Xeon Platinum 8370C CPU 2.80GHz,MyersGateBenchmarks,Band=24,Dp_Cjk,1.0
2026-09-13,cfe9f048c42ed96c9098969f70db7f8f5e86b396,Intel Xeon Platinum 8370C CPU 2.80GHz,MyersGateBenchmarks,Band=24,Kernel_Cjk,0.27
2026-09-13,cfe9f048c42ed96c9098969f70db7f8f5e86b396,Intel Xeon Platinum 8370C CPU 2.80GHz,MyersGateBenchmarks,Band=32,Dp,1.0
2026-09-13,cfe9f048c42ed96c9098969f70db7f8f5e86b396,Intel Xeon Platinum 8370C CPU 2.80GHz,MyersGateBenchmarks,Band=32,Kernel,0.13
2026-09-13,cfe9f048c42ed96c9098969f70db7f8f5e86b396,Intel Xeon Platinum 8370C CPU 2.80GHz,MyersGateBenchmarks,Band=32,Dp_Cjk,1.0
2026-09-13,cfe9f048c42ed96c9098969f70db7f8f5e86b396,Intel Xeon Platinum 8370C CPU 2.80GHz,MyersGateBenchmarks,Band=32,Kernel_Cjk,0.18
2026-09-13,cfe9f048c42ed96c9098969f70db7f8f5e86b396,Intel Xeon Platinum 8370C CPU 2.80GHz,MyersGateBenchmarks,Band=48,Dp,1.0
2026-09-13,cfe9f048c42ed96c9098969f70db7f8f5e86b396,Intel Xeon Platinum 8370C CPU 2.80GHz,MyersGateBenchmarks,Band=48,Kernel,0.08
2026-09-13,cfe9f048c42ed96c9098969f70db7f8f5e86b396,Intel Xeon Platinum 8370C CPU 2.80GHz,MyersGateBenchmarks,Band=48,Dp_Cjk,1.0
2026-09-13,cfe9f048c42ed96c9098969f70db7f8f5e86b396,Intel Xeon Platinum 8370C CPU 2.80GHz,MyersGateBenchmarks,Band=48,Kernel_Cjk,0.11
2026-09-13,cfe9f048c42ed96c9098969f70db7f8f5e86b396,Intel Xeon Platinum 8370C CPU 2.80GHz,MyersGateBenchmarks,Band=64,Dp,1.0
2026-09-13,cfe9f048c42ed96c9098969f70db7f8f5e86b396,Intel Xeon Platinum 8370C CPU 2.80GHz,MyersGateBenchmarks,Band=64,Kernel,0.06
2026-09-13,cfe9f048c42ed96c9098969f70db7f8f5e86b396,Intel Xeon Platinum 8370C CPU 2.80GHz,MyersGateBenchmarks,Band=64,Dp_Cjk,1.01
2026-09-13,cfe9f048c42ed96c9098969f70db7f8f5e86b396,Intel Xeon Platinum 8370C CPU 2.80GHz,MyersGateBenchmarks,Band=64,Kernel_Cjk,0.08
2026-09-13,cfe9f048c42ed96c9098969f70db7f8f5e86b396,Intel Xeon Platinum 8370C CPU 2.80GHz,MyersGateBenchmarks,Band=96,Dp,1.01
2026-09-13,cfe9f048c42ed96c9098969f70db7f8f5e86b396,Intel Xeon Platinum 8370C CPU 2.80GHz,MyersGateBenchmarks,Band=96,Kernel,0.1
2026-09-13,cfe9f048c42ed96c9098969f70db7f8f5e86b396,Intel Xeon Platinum 8370C CPU 2.80GHz,MyersGateBenchmarks,Band=96,Dp_Cjk,0.94
2026-09-13,cfe9f048c42ed96c9098969f70db7f8f5e86b396,Intel Xeon Platinum 8370C CPU 2.80GHz,MyersGateBenchmarks,Band=96,Kernel_Cjk,0.12
2026-09-13,cfe9f048c42ed96c9098969f70db7f8f5e86b396,Intel Xeon Platinum 8370C CPU 2.80GHz,PrincipalComponentVarianceBenchmarks,Shape=100x200,Lodestar_ExplainedVariance,1.0
2026-09-13,cfe9f048c42ed96c9098969f70db7f8f5e86b396,Intel Xeon Platinum 8370C CPU 2.80GHz,PrincipalComponentVarianceBenchmarks,Shape=100x200,NumFlat_Pca,1.2
2026-09-13,cfe9f048c42ed96c9098969f70db7f8f5e86b396,Intel Xeon Platinum 8370C CPU 2.80GHz,PrincipalComponentVarianceBenchmarks,Shape=2000x10,Lodestar_ExplainedVariance,1.0
2026-09-13,cfe9f048c42ed96c9098969f70db7f8f5e86b396,Intel Xeon Platinum 8370C CPU 2.80GHz,PrincipalComponentVarianceBenchmarks,Shape=2000x10,NumFlat_Pca,1.36
2026-09-13,cfe9f048c42ed96c9098969f70db7f8f5e86b396,Intel Xeon Platinum 8370C CPU 2.80GHz,PrincipalComponentVarianceBenchmarks,Shape=2000x50,Lodestar_ExplainedVariance,1.0
2026-09-13,cfe9f048c42ed96c9098969f70db7f8f5e86b396,Intel Xeon Platinum 8370C CPU 2.80GHz,PrincipalComponentVarianceBenchmarks,Shape=2000x50,NumFlat_Pca,0.9
2026-09-13,cfe9f048c42ed96c9098969f70db7f8f5e86b396,Intel Xeon Platinum 8370C CPU 2.80GHz,PrincipalComponentVarianceBenchmarks,Shape=200x10,Lodestar_ExplainedVariance,1.0
2026-09-13,cfe9f048c42ed96c9098969f70db7f8f5e86b396,Intel Xeon Platinum 8370C CPU 2.80GHz,PrincipalComponentVarianceBenchmarks,Shape=200x10,NumFlat_Pca,1.08
2026-09-13,cfe9f048c42ed96c9098969f70db7f8f5e86b396,Intel Xeon Platinum 8370C CPU 2.80GHz,SimilaritySketchBenchmarks,"Documents=500, Permutations=64",ExactPairwise,1.0
2026-09-13,cfe9f048c42ed96c9098969f70db7f8f5e86b396,Intel Xeon Platinum 8370C CPU 2.80GHz,SimilaritySketchBenchmarks,"Documents=500, Permutations=64",SketchThenVerify,0.22
2026-09-13,cfe9f048c42ed96c9098969f70db7f8f5e86b396,Intel Xeon Platinum 8370C CPU 2.80GHz,SimilaritySketchBenchmarks,"Documents=500, Permutations=64",SignaturesOnly,0.17
2026-09-13,cfe9f048c42ed96c9098969f70db7f8f5e86b396,Intel Xeon Platinum 8370C CPU 2.80GHz,SimilaritySketchBenchmarks,"Documents=500, Permutations=64",FingerprintsOnly,0.19
2026-09-13,cfe9f048c42ed96c9098969f70db7f8f5e86b396,Intel Xeon Platinum 8370C CPU 2.80GHz,SimilaritySketchBenchmarks,"Documents=500, Permutations=128",ExactPairwise,1.0
2026-09-13,cfe9f048c42ed96c9098969f70db7f8f5e86b396,Intel Xeon Platinum 8370C CPU 2.80GHz,SimilaritySketchBenchmarks,"Documents=500, Permutations=128",SketchThenVerify,0.28
2026-09-13,cfe9f048c42ed96c9098969f70db7f8f5e86b396,Intel Xeon Platinum 8370C CPU 2.80GHz,SimilaritySketchBenchmarks,"Documents=500, Permutations=128",SignaturesOnly,0.22
2026-09-13,cfe9f048c42ed96c9098969f70db7f8f5e86b396,Intel Xeon Platinum 8370C CPU 2.80GHz,SimilaritySketchBenchmarks,"Documents=500, Permutations=128",FingerprintsOnly,0.19
2026-09-13,cfe9f048c42ed96c9098969f70db7f8f5e86b396,Intel Xeon Platinum 8370C CPU 2.80GHz,SimilaritySketchBenchmarks,"Documents=2000, Permutations=64",ExactPairwise,1.0
2026-09-13,cfe9f048c42ed96c9098969f70db7f8f5e86b396,Intel Xeon Platinum 8370C CPU 2.80GHz,SimilaritySketchBenchmarks,"Documents=2000, Permutations=64",SketchThenVerify,0.05
2026-09-13,cfe9f048c42ed96c9098969f70db7f8f5e86b396,Intel Xeon Platinum 8370C CPU 2.80GHz,SimilaritySketchBenchmarks,"Documents=2000, Permutations=64",SignaturesOnly,0.04
2026-09-13,cfe9f048c42ed96c9098969f70db7f8f5e86b396,Intel Xeon Platinum 8370C CPU 2.80GHz,SimilaritySketchBenchmarks,"Documents=2000, Permutations=64",FingerprintsOnly,0.04
2026-09-13,cfe9f048c42ed96c9098969f70db7f8f5e86b396,Intel Xeon Platinum 8370C CPU 2.80GHz,SimilaritySketchBenchmarks,"Documents=2000, Permutations=128",ExactPairwise,1.0
2026-09-13,cfe9f048c42ed96c9098969f70db7f8f5e86b396,Intel Xeon Platinum 8370C CPU 2.80GHz,SimilaritySketchBenchmarks,"Documents=2000, Permutations=128",SketchThenVerify,0.07
2026-09-13,cfe9f048c42ed96c9098969f70db7f8f5e86b396,Intel Xeon Platinum 8370C CPU 2.80GHz,SimilaritySketchBenchmarks,"Documents=2000, Permutations=128",SignaturesOnly,0.05
2026-09-13,cfe9f048c42ed96c9098969f70db7f8f5e86b396,Intel Xeon Platinum 8370C CPU 2.80GHz,SimilaritySketchBenchmarks,"Documents=2000, Permutations=128",FingerprintsOnly,0.04
2026-09-13,cfe9f048c42ed96c9098969f70db7f8f5e86b396,Intel Xeon Platinum 8370C CPU 2.80GHz,StopWordBenchmarks,Documents=200,Count,1.0
2026-09-13,cfe9f048c42ed96c9098969f70db7f8f5e86b396,Intel Xeon Platinum 8370C CPU 2.80GHz,StopWordBenchmarks,Documents=200,CountWithStopWords,0.82
2026-09-13,cfe9f048c42ed96c9098969f70db7f8f5e86b396,Intel Xeon Platinum 8370C CPU 2.80GHz,StopWordBenchmarks,Documents=200,Hashing,0.98
2026-09-13,cfe9f048c42ed96c9098969f70db7f8f5e86b396,Intel Xeon Platinum 8370C CPU 2.80GHz,StopWordBenchmarks,Documents=200,HashingWithStopWords,0.83
2026-09-13,cfe9f048c42ed96c9098969f70db7f8f5e86b396,Intel Xeon Platinum 8370C CPU 2.80GHz,StopWordBenchmarks,Documents=1000,Count,1.0
2026-09-13,cfe9f048c42ed96c9098969f70db7f8f5e86b396,Intel Xeon Platinum 8370C CPU 2.80GHz,StopWordBenchmarks,Documents=1000,CountWithStopWords,0.79
2026-09-13,cfe9f048c42ed96c9098969f70db7f8f5e86b396,Intel Xeon Platinum 8370C CPU 2.80GHz,StopWordBenchmarks,Documents=1000,Hashing,0.95
2026-09-13,cfe9f048c42ed96c9098969f70db7f8f5e86b396,Intel Xeon Platinum 8370C CPU 2.80GHz,StopWordBenchmarks,Documents=1000,HashingWithStopWords,0.81
2026-09-13,cfe9f048c42ed96c9098969f70db7f8f5e86b396,Intel Xeon Platinum 8370C CPU 2.80GHz,TokenizerIncumbentBenchmarks,Model=WordPiece,Lodestar,1.0
2026-09-13,cfe9f048c42ed96c9098969f70db7f8f5e86b396,Intel Xeon Platinum 8370C CPU 2.80GHz,TokenizerIncumbentBenchmarks,Model=WordPiece,MlTokenizers,0.8
2026-09-13,cfe9f048c42ed96c9098969f70db7f8f5e86b396,Intel Xeon Platinum 8370C CPU 2.80GHz,TokenizerIncumbentBenchmarks,Model=SentencePiece,Lodestar,1.0
2026-09-13,cfe9f048c42ed96c9098969f70db7f8f5e86b396,Intel Xeon Platinum 8370C CPU 2.80GHz,TokenizerIncumbentBenchmarks,Model=SentencePiece,MlTokenizers,0.16
2026-09-13,cfe9f048c42ed96c9098969f70db7f8f5e86b396,Intel Xeon Platinum 8370C CPU 2.80GHz,VectorMathBenchmarks,Dim=384,Dot,1.0
2026-09-13,cfe9f048c42ed96c9098969f70db7f8f5e86b396,Intel Xeon Platinum 8370C CPU 2.80GHz,VectorMathBenchmarks,Dim=384,L2Norm,1.01
2026-09-13,cfe9f048c42ed96c9098969f70db7f8f5e86b396,Intel Xeon Platinum 8370C CPU 2.80GHz,VectorMathBenchmarks,Dim=768,Dot,1.0
2026-09-13,cfe9f048c42ed96c9098969f70db7f8f5e86b396,Intel Xeon Platinum 8370C CPU 2.80GHz,VectorMathBenchmarks,Dim=768,L2Norm,0.97
2026-09-13,cfe9f048c42ed96c9098969f70db7f8f5e86b396,Intel Xeon Platinum 8370C CPU 2.80GHz,VectorMathBenchmarks,Dim=1024,Dot,1.0
2026-09-13,cfe9f048c42ed96c9098969f70db7f8f5e86b396,Intel Xeon Platinum 8370C CPU 2.80GHz,VectorMathBenchmarks,Dim=1024,L2Norm,0.97
2026-09-13,cfe9f048c42ed96c9098969f70db7f8f5e86b396,Intel Xeon Platinum 8370C CPU 2.80GHz,VectorizerBenchmarks,Documents=200,Count,1.0
2026-09-13,cfe9f048c42ed96c9098969f70db7f8f5e86b396,Intel Xeon Platinum 8370C CPU 2.80GHz,VectorizerBenchmarks,Documents=200,Tfidf,1.07
2026-09-13,cfe9f048c42ed96c9098969f70db7f8f5e86b396,Intel Xeon Platinum 8370C CPU 2.80GHz,VectorizerBenchmarks,Documents=200,CountBigrams,1.28
2026-09-13,cfe9f048c42ed96c9098969f70db7f8f5e86b396,Intel Xeon Platinum 8370C CPU 2.80GHz,VectorizerBenchmarks,Documents=200,Hashing,0.96
2026-09-13,cfe9f048c42ed96c9098969f70db7f8f5e86b396,Intel Xeon Platinum 8370C CPU 2.80GHz,VectorizerBenchmarks,Documents=1000,Count,1.0
2026-09-13,cfe9f048c42ed96c9098969f70db7f8f5e86b396,Intel Xeon Platinum 8370C CPU 2.80GHz,VectorizerBenchmarks,Documents=1000,Tfidf,1.04
2026-09-13,cfe9f048c42ed96c9098969f70db7f8f5e86b396,Intel Xeon Platinum 8370C CPU 2.80GHz,VectorizerBenchmarks,Documents=1000,CountBigrams,1.68
2026-09-13,cfe9f048c42ed96c9098969f70db7f8f5e86b396,Intel Xeon Platinum 8370C CPU 2.80GHz,VectorizerBenchmarks,Documents=1000,Hashing,1.0
2026-09-13,cfe9f048c42ed96c9098969f70db7f8f5e86b396,Intel Xeon Platinum 8370C CPU 2.80GHz,VectorizerIncumbentBenchmarks,Documents=200,Lodestar,1.0
2026-09-13,cfe9f048c42ed96c9098969f70db7f8f5e86b396,Intel Xeon Platinum 8370C CPU 2.80GHz,VectorizerIncumbentBenchmarks,Documents=200,MlNet,8.29
2026-09-13,cfe9f048c42ed96c9098969f70db7f8f5e86b396,Intel Xeon Platinum 8370C CPU 2.80GHz,VectorizerIncumbentBenchmarks,Documents=1000,Lodestar,1.0
2026-09-13,cfe9f048c42ed96c9098969f70db7f8f5e86b396,Intel Xeon Platinum 8370C CPU 2.80GHz,VectorizerIncumbentBenchmarks,Documents=1000,MlNet,11.16
2026-09-13,afc1909d1a582511899e1e1cb204d26c573d6fef,AMD EPYC 9V74,BatchEmbeddingBenchmarks,CorpusSize=1,UnitLoop,1.0
2026-09-13,afc1909d1a582511899e1e1cb204d26c573d6fef,AMD EPYC 9V74,BatchEmbeddingBenchmarks,CorpusSize=1,EmbedBatch,1.09
2026-09-13,afc1909d1a582511899e1e1cb204d26c573d6fef,AMD EPYC 9V74,BatchEmbeddingBenchmarks,CorpusSize=1,EmbedBatchBucketed,1.07
2026-09-13,afc1909d1a582511899e1e1cb204d26c573d6fef,AMD EPYC 9V74,BatchEmbeddingBenchmarks,CorpusSize=8,UnitLoop,1.0
2026-09-13,afc1909d1a582511899e1e1cb204d26c573d6fef,AMD EPYC 9V74,BatchEmbeddingBenchmarks,CorpusSize=8,EmbedBatch,0.51
2026-09-13,afc1909d1a582511899e1e1cb204d26c573d6fef,AMD EPYC 9V74,BatchEmbeddingBenchmarks,CorpusSize=8,EmbedBatchBucketed,0.53
2026-09-13,afc1909d1a582511899e1e1cb204d26c573d6fef,AMD EPYC 9V74,BatchEmbeddingBenchmarks,CorpusSize=32,UnitLoop,1.0
2026-09-13,afc1909d1a582511899e1e1cb204d26c573d6fef,AMD EPYC 9V74,BatchEmbeddingBenchmarks,CorpusSize=32,EmbedBatch,0.49
2026-09-13,afc1909d1a582511899e1e1cb204d26c573d6fef,AMD EPYC 9V74,BatchEmbeddingBenchmarks,CorpusSize=32,EmbedBatchBucketed,0.45
2026-09-13,afc1909d1a582511899e1e1cb204d26c573d6fef,AMD EPYC 9V74,BatchEmbeddingBenchmarks,CorpusSize=128,UnitLoop,1.0
2026-09-13,afc1909d1a582511899e1e1cb204d26c573d6fef,AMD EPYC 9V74,BatchEmbeddingBenchmarks,CorpusSize=128,EmbedBatch,0.48
2026-09-13,afc1909d1a582511899e1e1cb204d26c573d6fef,AMD EPYC 9V74,BatchEmbeddingBenchmarks,CorpusSize=128,EmbedBatchBucketed,0.43
2026-09-13,afc1909d1a582511899e1e1cb204d26c573d6fef,AMD EPYC 9V74,BkTreeBenchmarks,"Radius=1, Shape=clustered",LengthFilteredScan,1.0
2026-09-13,afc1909d1a582511899e1e1cb204d26c573d6fef,AMD EPYC 9V74,BkTreeBenchmarks,"Radius=1, Shape=clustered",TreeWithinDistance,0.5
2026-09-13,afc1909d1a582511899e1e1cb204d26c573d6fef,AMD EPYC 9V74,BkTreeBenchmarks,"Radius=1, Shape=uniform",LengthFilteredScan,1.0
2026-09-13,afc1909d1a582511899e1e1cb204d26c573d6fef,AMD EPYC 9V74,BkTreeBenchmarks,"Radius=1, Shape=uniform",TreeWithinDistance,0.45
2026-09-13,afc1909d1a582511899e1e1cb204d26c573d6fef,AMD EPYC 9V74,BkTreeBenchmarks,"Radius=2, Shape=clustered",LengthFilteredScan,1.0
2026-09-13,afc1909d1a582511899e1e1cb204d26c573d6fef,AMD EPYC 9V74,BkTreeBenchmarks,"Radius=2, Shape=clustered",TreeWithinDistance,1.29
2026-09-13,afc1909d1a582511899e1e1cb204d26c573d6fef,AMD EPYC 9V74,BkTreeBenchmarks,"Radius=2, Shape=uniform",LengthFilteredScan,1.0
2026-09-13,afc1909d1a582511899e1e1cb204d26c573d6fef,AMD EPYC 9V74,BkTreeBenchmarks,"Radius=2, Shape=uniform",TreeWithinDistance,1.07
2026-09-13,afc1909d1a582511899e1e1cb204d26c573d6fef,AMD EPYC 9V74,BkTreeBenchmarks,"Radius=3, Shape=clustered",LengthFilteredScan,1.0
2026-09-13,afc1909d1a582511899e1e1cb204d26c573d6fef,AMD EPYC 9V74,BkTreeBenchmarks,"Radius=3, Shape=clustered",TreeWithinDistance,1.39
2026-09-13,afc1909d1a582511899e1e1cb204d26c573d6fef,AMD EPYC 9V74,BkTreeBenchmarks,"Radius=3, Shape=uniform",LengthFilteredScan,1.0
2026-09-13,afc1909d1a582511899e1e1cb204d26c573d6fef,AMD EPYC 9V74,BkTreeBenchmarks,"Radius=3, Shape=uniform",TreeWithinDistance,1.28
2026-09-13,afc1909d1a582511899e1e1cb204d26c573d6fef,AMD EPYC 9V74,BkTreeBenchmarks,"Radius=4, Shape=clustered",LengthFilteredScan,1.0
2026-09-13,afc1909d1a582511899e1e1cb204d26c573d6fef,AMD EPYC 9V74,BkTreeBenchmarks,"Radius=4, Shape=clustered",TreeWithinDistance,1.39
2026-09-13,afc1909d1a582511899e1e1cb204d26c573d6fef,AMD EPYC 9V74,BkTreeBenchmarks,"Radius=4, Shape=uniform",LengthFilteredScan,1.0
2026-09-13,afc1909d1a582511899e1e1cb204d26c573d6fef,AMD EPYC 9V74,BkTreeBenchmarks,"Radius=4, Shape=uniform",TreeWithinDistance,1.36
2026-09-13,afc1909d1a582511899e1e1cb204d26c573d6fef,AMD EPYC 9V74,Bm25Benchmarks,Documents=1000,LodestarQuery,1.0
2026-09-13,afc1909d1a582511899e1e1cb204d26c573d6fef,AMD EPYC 9V74,Bm25Benchmarks,Documents=1000,LuceneQuery,0.12
2026-09-13,afc1909d1a582511899e1e1cb204d26c573d6fef,AMD EPYC 9V74,Bm25Benchmarks,Documents=1000,LodestarFromText,505.13
2026-09-13,afc1909d1a582511899e1e1cb204d26c573d6fef,AMD EPYC 9V74,Bm25Benchmarks,Documents=1000,LuceneFromText,257.06
2026-09-13,afc1909d1a582511899e1e1cb204d26c573d6fef,AMD EPYC 9V74,Bm25Benchmarks,Documents=20000,LodestarQuery,1.0
2026-09-13,afc1909d1a582511899e1e1cb204d26c573d6fef,AMD EPYC 9V74,Bm25Benchmarks,Documents=20000,LuceneQuery,0.01
2026-09-13,afc1909d1a582511899e1e1cb204d26c573d6fef,AMD EPYC 9V74,Bm25Benchmarks,Documents=20000,LodestarFromText,207.6
2026-09-13,afc1909d1a582511899e1e1cb204d26c573d6fef,AMD EPYC 9V74,Bm25Benchmarks,Documents=20000,LuceneFromText,104.93
2026-09-13,afc1909d1a582511899e1e1cb204d26c573d6fef,AMD EPYC 9V74,BpeBenchmarks,,Unigram,1.0
2026-09-13,afc1909d1a582511899e1e1cb204d26c573d6fef,AMD EPYC 9V74,BpeBenchmarks,,Bpe,17.53
2026-09-13,afc1909d1a582511899e1e1cb204d26c573d6fef,AMD EPYC 9V74,DecompositionBenchmarks,,TruncatedSvd_Rank20,1.0
2026-09-13,afc1909d1a582511899e1e1cb204d26c573d6fef,AMD EPYC 9V74,DecompositionBenchmarks,,Nmf_Rank20,7.01
2026-09-13,afc1909d1a582511899e1e1cb204d26c573d6fef,AMD EPYC 9V74,DecompositionBenchmarks,,MlNet_ProjectToPrincipalComponents_Rank20,0.9
2026-09-13,afc1909d1a582511899e1e1cb204d26c573d6fef,AMD EPYC 9V74,FuzzBenchmarks,,Ratio,1.0
2026-09-13,afc1909d1a582511899e1e1cb204d26c573d6fef,AMD EPYC 9V74,FuzzBenchmarks,,PartialRatio,6.17
2026-09-13,afc1909d1a582511899e1e1cb204d26c573d6fef,AMD EPYC 9V74,FuzzBenchmarks,,TokenSortRatio,9.23
2026-09-13,afc1909d1a582511899e1e1cb204d26c573d6fef,AMD EPYC 9V74,FuzzBenchmarks,,TokenSetRatio,10.13
2026-09-13,afc1909d1a582511899e1e1cb204d26c573d6fef,AMD EPYC 9V74,FuzzBenchmarks,,WRatio,21.21
2026-09-13,afc1909d1a582511899e1e1cb204d26c573d6fef,AMD EPYC 9V74,FuzzIncumbentBenchmarks,Operation=Ratio,Lodestar,1.0
2026-09-13,afc1909d1a582511899e1e1cb204d26c573d6fef,AMD EPYC 9V74,FuzzIncumbentBenchmarks,Operation=Ratio,FuzzySharp,2.07
2026-09-13,afc1909d1a582511899e1e1cb204d26c573d6fef,AMD EPYC 9V74,FuzzIncumbentBenchmarks,Operation=PartialRatio,Lodestar,1.0
2026-09-13,afc1909d1a582511899e1e1cb204d26c573d6fef,AMD EPYC 9V74,FuzzIncumbentBenchmarks,Operation=PartialRatio,FuzzySharp,14.99
2026-09-13,afc1909d1a582511899e1e1cb204d26c573d6fef,AMD EPYC 9V74,FuzzIncumbentBenchmarks,Operation=TokenSetRatio,Lodestar,1.0
2026-09-13,afc1909d1a582511899e1e1cb204d26c573d6fef,AMD EPYC 9V74,FuzzIncumbentBenchmarks,Operation=TokenSetRatio,FuzzySharp,1.83
2026-09-13,afc1909d1a582511899e1e1cb204d26c573d6fef,AMD EPYC 9V74,FuzzIncumbentBenchmarks,Operation=WRatio,Lodestar,1.0
2026-09-13,afc1909d1a582511899e1e1cb204d26c573d6fef,AMD EPYC 9V74,FuzzIncumbentBenchmarks,Operation=WRatio,FuzzySharp,2.14
2026-09-13,afc1909d1a582511899e1e1cb204d26c573d6fef,AMD EPYC 9V74,IndelBenchmarks,Length=8,Distance_Utf16,1.0
2026-09-13,afc1909d1a582511899e1e1cb204d26c573d6fef,AMD EPYC 9V74,IndelBenchmarks,Length=8,Distance_CodePoint,4.64
2026-09-13,afc1909d1a582511899e1e1cb204d26c573d6fef,AMD EPYC 9V74,IndelBenchmarks,Length=8,NormalizedSimilarity_Utf16,1.03
2026-09-13,afc1909d1a582511899e1e1cb204d26c573d6fef,AMD EPYC 9V74,IndelBenchmarks,Length=8,SubsequenceLength_Utf16,1.01
2026-09-13,afc1909d1a582511899e1e1cb204d26c573d6fef,AMD EPYC 9V74,IndelBenchmarks,Length=12,Distance_Utf16,1.0
2026-09-13,afc1909d1a582511899e1e1cb204d26c573d6fef,AMD EPYC 9V74,IndelBenchmarks,Length=12,Distance_CodePoint,4.36
2026-09-13,afc1909d1a582511899e1e1cb204d26c573d6fef,AMD EPYC 9V74,IndelBenchmarks,Length=12,NormalizedSimilarity_Utf16,1.03
2026-09-13,afc1909d1a582511899e1e1cb204d26c573d6fef,AMD EPYC 9V74,IndelBenchmarks,Length=12,SubsequenceLength_Utf16,0.99
2026-09-13,afc1909d1a582511899e1e1cb204d26c573d6fef,AMD EPYC 9V74,IndelBenchmarks,Length=16,Distance_Utf16,1.0
2026-09-13,afc1909d1a582511899e1e1cb204d26c573d6fef,AMD EPYC 9V74,IndelBenchmarks,Length=16,Distance_CodePoint,4.49
2026-09-13,afc1909d1a582511899e1e1cb204d26c573d6fef,AMD EPYC 9V74,IndelBenchmarks,Length=16,NormalizedSimilarity_Utf16,1.02
2026-09-13,afc1909d1a582511899e1e1cb204d26c573d6fef,AMD EPYC 9V74,IndelBenchmarks,Length=16,SubsequenceLength_Utf16,1.0
2026-09-13,afc1909d1a582511899e1e1cb204d26c573d6fef,AMD EPYC 9V74,IndelBenchmarks,Length=20,Distance_Utf16,1.0
2026-09-13,afc1909d1a582511899e1e1cb204d26c573d6fef,AMD EPYC 9V74,IndelBenchmarks,Length=20,Distance_CodePoint,4.38
2026-09-13,afc1909d1a582511899e1e1cb204d26c573d6fef,AMD EPYC 9V74,IndelBenchmarks,Length=20,NormalizedSimilarity_Utf16,0.93
2026-09-13,afc1909d1a582511899e1e1cb204d26c573d6fef,AMD EPYC 9V74,IndelBenchmarks,Length=20,SubsequenceLength_Utf16,0.82
2026-09-13,afc1909d1a582511899e1e1cb204d26c573d6fef,AMD EPYC 9V74,IndelBenchmarks,Length=24,Distance_Utf16,1.0
2026-09-13,afc1909d1a582511899e1e1cb204d26c573d6fef,AMD EPYC 9V74,IndelBenchmarks,Length=24,Distance_CodePoint,13.31
2026-09-13,afc1909d1a582511899e1e1cb204d26c573d6fef,AMD EPYC 9V74,IndelBenchmarks,Length=24,NormalizedSimilarity_Utf16,0.99
2026-09-13,afc1909d1a582511899e1e1cb204d26c573d6fef,AMD EPYC 9V74,IndelBenchmarks,Length=24,SubsequenceLength_Utf16,0.89
2026-09-13,afc1909d1a582511899e1e1cb204d26c573d6fef,AMD EPYC 9V74,IndelBenchmarks,Length=32,Distance_Utf16,1.0
2026-09-13,afc1909d1a582511899e1e1cb204d26c573d6fef,AMD EPYC 9V74,IndelBenchmarks,Length=32,Distance_CodePoint,15.24
2026-09-13,afc1909d1a582511899e1e1cb204d26c573d6fef,AMD EPYC 9V74,IndelBenchmarks,Length=32,NormalizedSimilarity_Utf16,1.06
2026-09-13,afc1909d1a582511899e1e1cb204d26c573d6fef,AMD EPYC 9V74,IndelBenchmarks,Length=32,SubsequenceLength_Utf16,0.94
2026-09-13,afc1909d1a582511899e1e1cb204d26c573d6fef,AMD EPYC 9V74,IndelBenchmarks,Length=128,Distance_Utf16,1.0
2026-09-13,afc1909d1a582511899e1e1cb204d26c573d6fef,AMD EPYC 9V74,IndelBenchmarks,Length=128,Distance_CodePoint,44.72
2026-09-13,afc1909d1a582511899e1e1cb204d26c573d6fef,AMD EPYC 9V74,IndelBenchmarks,Length=128,NormalizedSimilarity_Utf16,1.0
2026-09-13,afc1909d1a582511899e1e1cb204d26c573d6fef,AMD EPYC 9V74,IndelBenchmarks,Length=128,SubsequenceLength_Utf16,1.0
2026-09-13,afc1909d1a582511899e1e1cb204d26c573d6fef,AMD EPYC 9V74,IndelBenchmarks,Length=512,Distance_Utf16,1.0
2026-09-13,afc1909d1a582511899e1e1cb204d26c573d6fef,AMD EPYC 9V74,IndelBenchmarks,Length=512,Distance_CodePoint,61.47
2026-09-13,afc1909d1a582511899e1e1cb204d26c573d6fef,AMD EPYC 9V74,IndelBenchmarks,Length=512,NormalizedSimilarity_Utf16,1.05
2026-09-13,afc1909d1a582511899e1e1cb204d26c573d6fef,AMD EPYC 9V74,IndelBenchmarks,Length=512,SubsequenceLength_Utf16,1.0
2026-09-13,afc1909d1a582511899e1e1cb204d26c573d6fef,AMD EPYC 9V74,LcsGateBenchmarks,Band=8,Dp,1.0
2026-09-13,afc1909d1a582511899e1e1cb204d26c573d6fef,AMD EPYC 9V74,LcsGateBenchmarks,Band=8,Kernel,0.47
2026-09-13,afc1909d1a582511899e1e1cb204d26c573d6fef,AMD EPYC 9V74,LcsGateBenchmarks,Band=8,Dp_Cjk,0.98
2026-09-13,afc1909d1a582511899e1e1cb204d26c573d6fef,AMD EPYC 9V74,LcsGateBenchmarks,Band=8,Kernel_Cjk,0.84
2026-09-13,afc1909d1a582511899e1e1cb204d26c573d6fef,AMD EPYC 9V74,LcsGateBenchmarks,Band=12,Dp,1.0
2026-09-13,afc1909d1a582511899e1e1cb204d26c573d6fef,AMD EPYC 9V74,LcsGateBenchmarks,Band=12,Kernel,0.31
2026-09-13,afc1909d1a582511899e1e1cb204d26c573d6fef,AMD EPYC 9V74,LcsGateBenchmarks,Band=12,Dp_Cjk,1.0
2026-09-13,afc1909d1a582511899e1e1cb204d26c573d6fef,AMD EPYC 9V74,LcsGateBenchmarks,Band=12,Kernel_Cjk,0.55
2026-09-13,afc1909d1a582511899e1e1cb204d26c573d6fef,AMD EPYC 9V74,LcsGateBenchmarks,Band=14,Dp,1.0
2026-09-13,afc1909d1a582511899e1e1cb204d26c573d6fef,AMD EPYC 9V74,LcsGateBenchmarks,Band=14,Kernel,0.25
2026-09-13,afc1909d1a582511899e1e1cb204d26c573d6fef,AMD EPYC 9V74,LcsGateBenchmarks,Band=14,Dp_Cjk,0.95
2026-09-13,afc1909d1a582511899e1e1cb204d26c573d6fef,AMD EPYC 9V74,LcsGateBenchmarks,Band=14,Kernel_Cjk,0.43
2026-09-13,afc1909d1a582511899e1e1cb204d26c573d6fef,AMD EPYC 9V74,LcsGateBenchmarks,Band=16,Dp,1.0
2026-09-13,afc1909d1a582511899e1e1cb204d26c573d6fef,AMD EPYC 9V74,LcsGateBenchmarks,Band=16,Kernel,0.22
2026-09-13,afc1909d1a582511899e1e1cb204d26c573d6fef,AMD EPYC 9V74,LcsGateBenchmarks,Band=16,Dp_Cjk,1.03
2026-09-13,afc1909d1a582511899e1e1cb204d26c573d6fef,AMD EPYC 9V74,LcsGateBenchmarks,Band=16,Kernel_Cjk,0.36
2026-09-13,afc1909d1a582511899e1e1cb204d26c573d6fef,AMD EPYC 9V74,LcsGateBenchmarks,Band=18,Dp,1.0
2026-09-13,afc1909d1a582511899e1e1cb204d26c573d6fef,AMD EPYC 9V74,LcsGateBenchmarks,Band=18,Kernel,0.12
2026-09-13,afc1909d1a582511899e1e1cb204d26c573d6fef,AMD EPYC 9V74,LcsGateBenchmarks,Band=18,Dp_Cjk,0.99
2026-09-13,afc1909d1a582511899e1e1cb204d26c573d6fef,AMD EPYC 9V74,LcsGateBenchmarks,Band=18,Kernel_Cjk,0.19
2026-09-13,afc1909d1a582511899e1e1cb204d26c573d6fef,AMD EPYC 9V74,LcsGateBenchmarks,Band=20,Dp,1.0
2026-09-13,afc1909d1a582511899e1e1cb204d26c573d6fef,AMD EPYC 9V74,LcsGateBenchmarks,Band=20,Kernel,0.11
2026-09-13,afc1909d1a582511899e1e1cb204d26c573d6fef,AMD EPYC 9V74,LcsGateBenchmarks,Band=20,Dp_Cjk,1.0
2026-09-13,afc1909d1a582511899e1e1cb204d26c573d6fef,AMD EPYC 9V74,LcsGateBenchmarks,Band=20,Kernel_Cjk,0.17
2026-09-13,afc1909d1a582511899e1e1cb204d26c573d6fef,AMD EPYC 9V74,LcsGateBenchmarks,Band=24,Dp,1.0
2026-09-13,afc1909d1a582511899e1e1cb204d26c573d6fef,AMD EPYC 9V74,LcsGateBenchmarks,Band=24,Kernel,0.1
2026-09-13,afc1909d1a582511899e1e1cb204d26c573d6fef,AMD EPYC 9V74,LcsGateBenchmarks,Band=24,Dp_Cjk,1.04
2026-09-13,afc1909d1a582511899e1e1cb204d26c573d6fef,AMD EPYC 9V74,LcsGateBenchmarks,Band=24,Kernel_Cjk,0.16
2026-09-13,afc1909d1a582511899e1e1cb204d26c573d6fef,AMD EPYC 9V74,LcsGateBenchmarks,Band=32,Dp,1.0
2026-09-13,afc1909d1a582511899e1e1cb204d26c573d6fef,AMD EPYC 9V74,LcsGateBenchmarks,Band=32,Kernel,0.07
2026-09-13,afc1909d1a582511899e1e1cb204d26c573d6fef,AMD EPYC 9V74,LcsGateBenchmarks,Band=32,Dp_Cjk,0.99
2026-09-13,afc1909d1a582511899e1e1cb204d26c573d6fef,AMD EPYC 9V74,LcsGateBenchmarks,Band=32,Kernel_Cjk,0.11
2026-09-13,afc1909d1a582511899e1e1cb204d26c573d6fef,AMD EPYC 9V74,LcsGateBenchmarks,Band=48,Dp,1.0
2026-09-13,afc1909d1a582511899e1e1cb204d26c573d6fef,AMD EPYC 9V74,LcsGateBenchmarks,Band=48,Kernel,0.05
2026-09-13,afc1909d1a582511899e1e1cb204d26c573d6fef,AMD EPYC 9V74,LcsGateBenchmarks,Band=48,Dp_Cjk,1.0
2026-09-13,afc1909d1a582511899e1e1cb204d26c573d6fef,AMD EPYC 9V74,LcsGateBenchmarks,Band=48,Kernel_Cjk,0.08
2026-09-13,afc1909d1a582511899e1e1cb204d26c573d6fef,AMD EPYC 9V74,LcsGateBenchmarks,Band=64,Dp,1.0
2026-09-13,afc1909d1a582511899e1e1cb204d26c573d6fef,AMD EPYC 9V74,LcsGateBenchmarks,Band=64,Kernel,0.03
2026-09-13,afc1909d1a582511899e1e1cb204d26c573d6fef,AMD EPYC 9V74,LcsGateBenchmarks,Band=64,Dp_Cjk,0.96
2026-09-13,afc1909d1a582511899e1e1cb204d26c573d6fef,AMD EPYC 9V74,LcsGateBenchmarks,Band=64,Kernel_Cjk,0.06
2026-09-13,afc1909d1a582511899e1e1cb204d26c573d6fef,AMD EPYC 9V74,LcsGateBenchmarks,Band=96,Dp,1.0
2026-09-13,afc1909d1a582511899e1e1cb204d26c573d6fef,AMD EPYC 9V74,LcsGateBenchmarks,Band=96,Kernel,0.03
2026-09-13,afc1909d1a582511899e1e1cb204d26c573d6fef,AMD EPYC 9V74,LcsGateBenchmarks,Band=96,Dp_Cjk,1.02
2026-09-13,afc1909d1a582511899e1e1cb204d26c573d6fef,AMD EPYC 9V74,LcsGateBenchmarks,Band=96,Kernel_Cjk,0.09
2026-09-13,afc1909d1a582511899e1e1cb204d26c573d6fef,AMD EPYC 9V74,LevenshteinBenchmarks,Length=8,Distance_Utf16,1.0
2026-09-13,afc1909d1a582511899e1e1cb204d26c573d6fef,AMD EPYC 9V74,LevenshteinBenchmarks,Length=8,Distance_CodePoint,4.45
2026-09-13,afc1909d1a582511899e1e1cb204d26c573d6fef,AMD EPYC 9V74,LevenshteinBenchmarks,Length=8,NormalizedSimilarity_Utf16,1.0
2026-09-13,afc1909d1a582511899e1e1cb204d26c573d6fef,AMD EPYC 9V74,LevenshteinBenchmarks,Length=64,Distance_Utf16,1.0
2026-09-13,afc1909d1a582511899e1e1cb204d26c573d6fef,AMD EPYC 9V74,LevenshteinBenchmarks,Length=64,Distance_CodePoint,2.26
2026-09-13,afc1909d1a582511899e1e1cb204d26c573d6fef,AMD EPYC 9V74,LevenshteinBenchmarks,Length=64,NormalizedSimilarity_Utf16,1.0
2026-09-13,afc1909d1a582511899e1e1cb204d26c573d6fef,AMD EPYC 9V74,LevenshteinBenchmarks,Length=512,Distance_Utf16,1.0
2026-09-13,afc1909d1a582511899e1e1cb204d26c573d6fef,AMD EPYC 9V74,LevenshteinBenchmarks,Length=512,Distance_CodePoint,1.04
2026-09-13,afc1909d1a582511899e1e1cb204d26c573d6fef,AMD EPYC 9V74,LevenshteinBenchmarks,Length=512,NormalizedSimilarity_Utf16,0.9
2026-09-13,afc1909d1a582511899e1e1cb204d26c573d6fef,AMD EPYC 9V74,LevenshteinCodePointBenchmarks,"Length=16, Distinct=32",Distance_CodePoint,1.0
2026-09-13,afc1909d1a582511899e1e1cb204d26c573d6fef,AMD EPYC 9V74,LevenshteinCodePointBenchmarks,"Length=16, Distinct=32",Distance_Utf16,0.73
2026-09-13,afc1909d1a582511899e1e1cb204d26c573d6fef,AMD EPYC 9V74,LevenshteinCodePointBenchmarks,"Length=16, Distinct=512",Distance_CodePoint,1.0
2026-09-13,afc1909d1a582511899e1e1cb204d26c573d6fef,AMD EPYC 9V74,LevenshteinCodePointBenchmarks,"Length=16, Distinct=512",Distance_Utf16,0.73
2026-09-13,afc1909d1a582511899e1e1cb204d26c573d6fef,AMD EPYC 9V74,LevenshteinCodePointBenchmarks,"Length=24, Distinct=32",Distance_CodePoint,1.0
2026-09-13,afc1909d1a582511899e1e1cb204d26c573d6fef,AMD EPYC 9V74,LevenshteinCodePointBenchmarks,"Length=24, Distinct=32",Distance_Utf16,0.78
2026-09-13,afc1909d1a582511899e1e1cb204d26c573d6fef,AMD EPYC 9V74,LevenshteinCodePointBenchmarks,"Length=24, Distinct=512",Distance_CodePoint,1.0
2026-09-13,afc1909d1a582511899e1e1cb204d26c573d6fef,AMD EPYC 9V74,LevenshteinCodePointBenchmarks,"Length=24, Distinct=512",Distance_Utf16,0.79
2026-09-13,afc1909d1a582511899e1e1cb204d26c573d6fef,AMD EPYC 9V74,LevenshteinCodePointBenchmarks,"Length=32, Distinct=32",Distance_CodePoint,1.0
2026-09-13,afc1909d1a582511899e1e1cb204d26c573d6fef,AMD EPYC 9V74,LevenshteinCodePointBenchmarks,"Length=32, Distinct=32",Distance_Utf16,0.81
2026-09-13,afc1909d1a582511899e1e1cb204d26c573d6fef,AMD EPYC 9V74,LevenshteinCodePointBenchmarks,"Length=32, Distinct=512",Distance_CodePoint,1.0
2026-09-13,afc1909d1a582511899e1e1cb204d26c573d6fef,AMD EPYC 9V74,LevenshteinCodePointBenchmarks,"Length=32, Distinct=512",Distance_Utf16,0.81
2026-09-13,afc1909d1a582511899e1e1cb204d26c573d6fef,AMD EPYC 9V74,LevenshteinCodePointBenchmarks,"Length=40, Distinct=32",Distance_CodePoint,1.0
2026-09-13,afc1909d1a582511899e1e1cb204d26c573d6fef,AMD EPYC 9V74,LevenshteinCodePointBenchmarks,"Length=40, Distinct=32",Distance_Utf16,2.15
2026-09-13,afc1909d1a582511899e1e1cb204d26c573d6fef,AMD EPYC 9V74,LevenshteinCodePointBenchmarks,"Length=40, Distinct=512",Distance_CodePoint,1.0
2026-09-13,afc1909d1a582511899e1e1cb204d26c573d6fef,AMD EPYC 9V74,LevenshteinCodePointBenchmarks,"Length=40, Distinct=512",Distance_Utf16,2.05
2026-09-13,afc1909d1a582511899e1e1cb204d26c573d6fef,AMD EPYC 9V74,LevenshteinCodePointBenchmarks,"Length=128, Distinct=32",Distance_CodePoint,1.0
2026-09-13,afc1909d1a582511899e1e1cb204d26c573d6fef,AMD EPYC 9V74,LevenshteinCodePointBenchmarks,"Length=128, Distinct=32",Distance_Utf16,2.19
2026-09-13,afc1909d1a582511899e1e1cb204d26c573d6fef,AMD EPYC 9V74,LevenshteinCodePointBenchmarks,"Length=128, Distinct=512",Distance_CodePoint,1.0
2026-09-13,afc1909d1a582511899e1e1cb204d26c573d6fef,AMD EPYC 9V74,LevenshteinCodePointBenchmarks,"Length=128, Distinct=512",Distance_Utf16,2.14
2026-09-13,afc1909d1a582511899e1e1cb204d26c573d6fef,AMD EPYC 9V74,LevenshteinCodePointBenchmarks,"Length=512, Distinct=32",Distance_CodePoint,1.0
2026-09-13,afc1909d1a582511899e1e1cb204d26c573d6fef,AMD EPYC 9V74,LevenshteinCodePointBenchmarks,"Length=512, Distinct=32",Distance_Utf16,3.49
2026-09-13,afc1909d1a582511899e1e1cb204d26c573d6fef,AMD EPYC 9V74,LevenshteinCodePointBenchmarks,"Length=512, Distinct=512",Distance_CodePoint,1.0
2026-09-13,afc1909d1a582511899e1e1cb204d26c573d6fef,AMD EPYC 9V74,LevenshteinCodePointBenchmarks,"Length=512, Distinct=512",Distance_Utf16,0.15
2026-09-13,afc1909d1a582511899e1e1cb204d26c573d6fef,AMD EPYC 9V74,LevenshteinIncumbentBenchmarks,Length=8,Lodestar,1.0
2026-09-13,afc1909d1a582511899e1e1cb204d26c573d6fef,AMD EPYC 9V74,LevenshteinIncumbentBenchmarks,Length=8,Fastenshtein,3.04
2026-09-13,afc1909d1a582511899e1e1cb204d26c573d6fef,AMD EPYC 9V74,LevenshteinIncumbentBenchmarks,Length=8,Quickenshtein,2.97
2026-09-13,afc1909d1a582511899e1e1cb204d26c573d6fef,AMD EPYC 9V74,LevenshteinIncumbentBenchmarks,Length=8,F23_StringSimilarity,6.44
2026-09-13,afc1909d1a582511899e1e1cb204d26c573d6fef,AMD EPYC 9V74,LevenshteinIncumbentBenchmarks,Length=64,Lodestar,1.0
2026-09-13,afc1909d1a582511899e1e1cb204d26c573d6fef,AMD EPYC 9V74,LevenshteinIncumbentBenchmarks,Length=64,Fastenshtein,17.17
2026-09-13,afc1909d1a582511899e1e1cb204d26c573d6fef,AMD EPYC 9V74,LevenshteinIncumbentBenchmarks,Length=64,Quickenshtein,4.48
2026-09-13,afc1909d1a582511899e1e1cb204d26c573d6fef,AMD EPYC 9V74,LevenshteinIncumbentBenchmarks,Length=64,F23_StringSimilarity,32.0
2026-09-13,afc1909d1a582511899e1e1cb204d26c573d6fef,AMD EPYC 9V74,LevenshteinIncumbentBenchmarks,Length=512,Lodestar,1.0
2026-09-13,afc1909d1a582511899e1e1cb204d26c573d6fef,AMD EPYC 9V74,LevenshteinIncumbentBenchmarks,Length=512,Fastenshtein,27.75
2026-09-13,afc1909d1a582511899e1e1cb204d26c573d6fef,AMD EPYC 9V74,LevenshteinIncumbentBenchmarks,Length=512,Quickenshtein,2.37
2026-09-13,afc1909d1a582511899e1e1cb204d26c573d6fef,AMD EPYC 9V74,LevenshteinIncumbentBenchmarks,Length=512,F23_StringSimilarity,47.32
2026-09-13,afc1909d1a582511899e1e1cb204d26c573d6fef,AMD EPYC 9V74,MetricsIncumbentBenchmarks,"Samples=100000, Request=Bundle",Lodestar,1.0
2026-09-13,afc1909d1a582511899e1e1cb204d26c573d6fef,AMD EPYC 9V74,MetricsIncumbentBenchmarks,"Samples=100000, Request=Bundle",MlNet,5.25
2026-09-13,afc1909d1a582511899e1e1cb204d26c573d6fef,AMD EPYC 9V74,MetricsIncumbentBenchmarks,"Samples=100000, Request=AccuracyAlone",Lodestar,1.0
2026-09-13,afc1909d1a582511899e1e1cb204d26c573d6fef,AMD EPYC 9V74,MetricsIncumbentBenchmarks,"Samples=100000, Request=AccuracyAlone",MlNet,201.27
2026-09-13,afc1909d1a582511899e1e1cb204d26c573d6fef,AMD EPYC 9V74,MetricsIncumbentBenchmarks,"Samples=1000000, Request=Bundle",Lodestar,1.0
2026-09-13,afc1909d1a582511899e1e1cb204d26c573d6fef,AMD EPYC 9V74,MetricsIncumbentBenchmarks,"Samples=1000000, Request=Bundle",MlNet,2.6
2026-09-13,afc1909d1a582511899e1e1cb204d26c573d6fef,AMD EPYC 9V74,MetricsIncumbentBenchmarks,"Samples=1000000, Request=AccuracyAlone",Lodestar,1.0
2026-09-13,afc1909d1a582511899e1e1cb204d26c573d6fef,AMD EPYC 9V74,MetricsIncumbentBenchmarks,"Samples=1000000, Request=AccuracyAlone",MlNet,85.09
2026-09-13,afc1909d1a582511899e1e1cb204d26c573d6fef,AMD EPYC 9V74,MyersGateBenchmarks,Band=4,Dp,1.0
2026-09-13,afc1909d1a582511899e1e1cb204d26c573d6fef,AMD EPYC 9V74,MyersGateBenchmarks,Band=4,Kernel,0.98
2026-09-13,afc1909d1a582511899e1e1cb204d26c573d6fef,AMD EPYC 9V74,MyersGateBenchmarks,Band=4,Dp_Cjk,1.0
2026-09-13,afc1909d1a582511899e1e1cb204d26c573d6fef,AMD EPYC 9V74,MyersGateBenchmarks,Band=4,Kernel_Cjk,0.97
2026-09-13,afc1909d1a582511899e1e1cb204d26c573d6fef,AMD EPYC 9V74,MyersGateBenchmarks,Band=6,Dp,1.0
2026-09-13,afc1909d1a582511899e1e1cb204d26c573d6fef,AMD EPYC 9V74,MyersGateBenchmarks,Band=6,Kernel,0.82
2026-09-13,afc1909d1a582511899e1e1cb204d26c573d6fef,AMD EPYC 9V74,MyersGateBenchmarks,Band=6,Dp_Cjk,1.03
2026-09-13,afc1909d1a582511899e1e1cb204d26c573d6fef,AMD EPYC 9V74,MyersGateBenchmarks,Band=6,Kernel_Cjk,1.27
2026-09-13,afc1909d1a582511899e1e1cb204d26c573d6fef,AMD EPYC 9V74,MyersGateBenchmarks,Band=8,Dp,1.0
2026-09-13,afc1909d1a582511899e1e1cb204d26c573d6fef,AMD EPYC 9V74,MyersGateBenchmarks,Band=8,Kernel,0.64
2026-09-13,afc1909d1a582511899e1e1cb204d26c573d6fef,AMD EPYC 9V74,MyersGateBenchmarks,Band=8,Dp_Cjk,1.15
2026-09-13,afc1909d1a582511899e1e1cb204d26c573d6fef,AMD EPYC 9V74,MyersGateBenchmarks,Band=8,Kernel_Cjk,1.18
2026-09-13,afc1909d1a582511899e1e1cb204d26c573d6fef,AMD EPYC 9V74,MyersGateBenchmarks,Band=10,Dp,1.0
2026-09-13,afc1909d1a582511899e1e1cb204d26c573d6fef,AMD EPYC 9V74,MyersGateBenchmarks,Band=10,Kernel,0.51
2026-09-13,afc1909d1a582511899e1e1cb204d26c573d6fef,AMD EPYC 9V74,MyersGateBenchmarks,Band=10,Dp_Cjk,0.97
2026-09-13,afc1909d1a582511899e1e1cb204d26c573d6fef,AMD EPYC 9V74,MyersGateBenchmarks,Band=10,Kernel_Cjk,0.81
2026-09-13,afc1909d1a582511899e1e1cb204d26c573d6fef,AMD EPYC 9V74,MyersGateBenchmarks,Band=12,Dp,1.0
2026-09-13,afc1909d1a582511899e1e1cb204d26c573d6fef,AMD EPYC 9V74,MyersGateBenchmarks,Band=12,Kernel,0.44
2026-09-13,afc1909d1a582511899e1e1cb204d26c573d6fef,AMD EPYC 9V74,MyersGateBenchmarks,Band=12,Dp_Cjk,1.0
2026-09-13,afc1909d1a582511899e1e1cb204d26c573d6fef,AMD EPYC 9V74,MyersGateBenchmarks,Band=12,Kernel_Cjk,0.66
2026-09-13,afc1909d1a582511899e1e1cb204d26c573d6fef,AMD EPYC 9V74,MyersGateBenchmarks,Band=16,Dp,1.0
2026-09-13,afc1909d1a582511899e1e1cb204d26c573d6fef,AMD EPYC 9V74,MyersGateBenchmarks,Band=16,Kernel,0.32
2026-09-13,afc1909d1a582511899e1e1cb204d26c573d6fef,AMD EPYC 9V74,MyersGateBenchmarks,Band=16,Dp_Cjk,0.99
2026-09-13,afc1909d1a582511899e1e1cb204d26c573d6fef,AMD EPYC 9V74,MyersGateBenchmarks,Band=16,Kernel_Cjk,0.47
2026-09-13,afc1909d1a582511899e1e1cb204d26c573d6fef,AMD EPYC 9V74,MyersGateBenchmarks,Band=24,Dp,1.0
2026-09-13,afc1909d1a582511899e1e1cb204d26c573d6fef,AMD EPYC 9V74,MyersGateBenchmarks,Band=24,Kernel,0.21
2026-09-13,afc1909d1a582511899e1e1cb204d26c573d6fef,AMD EPYC 9V74,MyersGateBenchmarks,Band=24,Dp_Cjk,1.0
2026-09-13,afc1909d1a582511899e1e1cb204d26c573d6fef,AMD EPYC 9V74,MyersGateBenchmarks,Band=24,Kernel_Cjk,0.28
2026-09-13,afc1909d1a582511899e1e1cb204d26c573d6fef,AMD EPYC 9V74,MyersGateBenchmarks,Band=32,Dp,1.0
2026-09-13,afc1909d1a582511899e1e1cb204d26c573d6fef,AMD EPYC 9V74,MyersGateBenchmarks,Band=32,Kernel,0.15
2026-09-13,afc1909d1a582511899e1e1cb204d26c573d6fef,AMD EPYC 9V74,MyersGateBenchmarks,Band=32,Dp_Cjk,1.0
2026-09-13,afc1909d1a582511899e1e1cb204d26c573d6fef,AMD EPYC 9V74,MyersGateBenchmarks,Band=32,Kernel_Cjk,0.2
2026-09-13,afc1909d1a582511899e1e1cb204d26c573d6fef,AMD EPYC 9V74,MyersGateBenchmarks,Band=48,Dp,1.0
2026-09-13,afc1909d1a582511899e1e1cb204d26c573d6fef,AMD EPYC 9V74,MyersGateBenchmarks,Band=48,Kernel,0.09
2026-09-13,afc1909d1a582511899e1e1cb204d26c573d6fef,AMD EPYC 9V74,MyersGateBenchmarks,Band=48,Dp_Cjk,1.0
2026-09-13,afc1909d1a582511899e1e1cb204d26c573d6fef,AMD EPYC 9V74,MyersGateBenchmarks,Band=48,Kernel_Cjk,0.12
2026-09-13,afc1909d1a582511899e1e1cb204d26c573d6fef,AMD EPYC 9V74,MyersGateBenchmarks,Band=64,Dp,1.0
2026-09-13,afc1909d1a582511899e1e1cb204d26c573d6fef,AMD EPYC 9V74,MyersGateBenchmarks,Band=64,Kernel,0.07
2026-09-13,afc1909d1a582511899e1e1cb204d26c573d6fef,AMD EPYC 9V74,MyersGateBenchmarks,Band=64,Dp_Cjk,1.01
2026-09-13,afc1909d1a582511899e1e1cb204d26c573d6fef,AMD EPYC 9V74,MyersGateBenchmarks,Band=64,Kernel_Cjk,0.09
2026-09-13,afc1909d1a582511899e1e1cb204d26c573d6fef,AMD EPYC 9V74,MyersGateBenchmarks,Band=96,Dp,1.0
2026-09-13,afc1909d1a582511899e1e1cb204d26c573d6fef,AMD EPYC 9V74,MyersGateBenchmarks,Band=96,Kernel,0.11
2026-09-13,afc1909d1a582511899e1e1cb204d26c573d6fef,AMD EPYC 9V74,MyersGateBenchmarks,Band=96,Dp_Cjk,1.0
2026-09-13,afc1909d1a582511899e1e1cb204d26c573d6fef,AMD EPYC 9V74,MyersGateBenchmarks,Band=96,Kernel_Cjk,0.12
2026-09-13,afc1909d1a582511899e1e1cb204d26c573d6fef,AMD EPYC 9V74,PrincipalComponentVarianceBenchmarks,Shape=100x200,Lodestar_ExplainedVariance,1.0
2026-09-13,afc1909d1a582511899e1e1cb204d26c573d6fef,AMD EPYC 9V74,PrincipalComponentVarianceBenchmarks,Shape=100x200,NumFlat_Pca,1.18
2026-09-13,afc1909d1a582511899e1e1cb204d26c573d6fef,AMD EPYC 9V74,PrincipalComponentVarianceBenchmarks,Shape=2000x10,Lodestar_ExplainedVariance,1.0
2026-09-13,afc1909d1a582511899e1e1cb204d26c573d6fef,AMD EPYC 9V74,PrincipalComponentVarianceBenchmarks,Shape=2000x10,NumFlat_Pca,1.37
2026-09-13,afc1909d1a582511899e1e1cb204d26c573d6fef,AMD EPYC 9V74,PrincipalComponentVarianceBenchmarks,Shape=2000x50,Lodestar_ExplainedVariance,1.0
2026-09-13,afc1909d1a582511899e1e1cb204d26c573d6fef,AMD EPYC 9V74,PrincipalComponentVarianceBenchmarks,Shape=2000x50,NumFlat_Pca,0.82
2026-09-13,afc1909d1a582511899e1e1cb204d26c573d6fef,AMD EPYC 9V74,PrincipalComponentVarianceBenchmarks,Shape=200x10,Lodestar_ExplainedVariance,1.0
2026-09-13,afc1909d1a582511899e1e1cb204d26c573d6fef,AMD EPYC 9V74,PrincipalComponentVarianceBenchmarks,Shape=200x10,NumFlat_Pca,1.03
2026-09-13,afc1909d1a582511899e1e1cb204d26c573d6fef,AMD EPYC 9V74,SimilaritySketchBenchmarks,"Documents=500, Permutations=64",ExactPairwise,1.0
2026-09-13,afc1909d1a582511899e1e1cb204d26c573d6fef,AMD EPYC 9V74,SimilaritySketchBenchmarks,"Documents=500, Permutations=64",SketchThenVerify,0.24
2026-09-13,afc1909d1a582511899e1e1cb204d26c573d6fef,AMD EPYC 9V74,SimilaritySketchBenchmarks,"Documents=500, Permutations=64",SignaturesOnly,0.17
2026-09-13,afc1909d1a582511899e1e1cb204d26c573d6fef,AMD EPYC 9V74,SimilaritySketchBenchmarks,"Documents=500, Permutations=64",FingerprintsOnly,0.19
2026-09-13,afc1909d1a582511899e1e1cb204d26c573d6fef,AMD EPYC 9V74,SimilaritySketchBenchmarks,"Documents=500, Permutations=128",ExactPairwise,1.0
2026-09-13,afc1909d1a582511899e1e1cb204d26c573d6fef,AMD EPYC 9V74,SimilaritySketchBenchmarks,"Documents=500, Permutations=128",SketchThenVerify,0.31
2026-09-13,afc1909d1a582511899e1e1cb204d26c573d6fef,AMD EPYC 9V74,SimilaritySketchBenchmarks,"Documents=500, Permutations=128",SignaturesOnly,0.23
2026-09-13,afc1909d1a582511899e1e1cb204d26c573d6fef,AMD EPYC 9V74,SimilaritySketchBenchmarks,"Documents=500, Permutations=128",FingerprintsOnly,0.22
2026-09-13,afc1909d1a582511899e1e1cb204d26c573d6fef,AMD EPYC 9V74,SimilaritySketchBenchmarks,"Documents=2000, Permutations=64",ExactPairwise,1.0
2026-09-13,afc1909d1a582511899e1e1cb204d26c573d6fef,AMD EPYC 9V74,SimilaritySketchBenchmarks,"Documents=2000, Permutations=64",SketchThenVerify,0.06
2026-09-13,afc1909d1a582511899e1e1cb204d26c573d6fef,AMD EPYC 9V74,SimilaritySketchBenchmarks,"Documents=2000, Permutations=64",SignaturesOnly,0.04
2026-09-13,afc1909d1a582511899e1e1cb204d26c573d6fef,AMD EPYC 9V74,SimilaritySketchBenchmarks,"Documents=2000, Permutations=64",FingerprintsOnly,0.04
2026-09-13,afc1909d1a582511899e1e1cb204d26c573d6fef,AMD EPYC 9V74,SimilaritySketchBenchmarks,"Documents=2000, Permutations=128",ExactPairwise,1.0
2026-09-13,afc1909d1a582511899e1e1cb204d26c573d6fef,AMD EPYC 9V74,SimilaritySketchBenchmarks,"Documents=2000, Permutations=128",SketchThenVerify,0.08
2026-09-13,afc1909d1a582511899e1e1cb204d26c573d6fef,AMD EPYC 9V74,SimilaritySketchBenchmarks,"Documents=2000, Permutations=128",SignaturesOnly,0.05
2026-09-13,afc1909d1a582511899e1e1cb204d26c573d6fef,AMD EPYC 9V74,SimilaritySketchBenchmarks,"Documents=2000, Permutations=128",FingerprintsOnly,0.04
2026-09-13,afc1909d1a582511899e1e1cb204d26c573d6fef,AMD EPYC 9V74,StopWordBenchmarks,Documents=200,Count,1.0
2026-09-13,afc1909d1a582511899e1e1cb204d26c573d6fef,AMD EPYC 9V74,StopWordBenchmarks,Documents=200,CountWithStopWords,0.83
2026-09-13,afc1909d1a582511899e1e1cb204d26c573d6fef,AMD EPYC 9V74,StopWordBenchmarks,Documents=200,Hashing,0.99
2026-09-13,afc1909d1a582511899e1e1cb204d26c573d6fef,AMD EPYC 9V74,StopWordBenchmarks,Documents=200,HashingWithStopWords,0.86
2026-09-13,afc1909d1a582511899e1e1cb204d26c573d6fef,AMD EPYC 9V74,StopWordBenchmarks,Documents=1000,Count,1.0
2026-09-13,afc1909d1a582511899e1e1cb204d26c573d6fef,AMD EPYC 9V74,StopWordBenchmarks,Documents=1000,CountWithStopWords,0.77
2026-09-13,afc1909d1a582511899e1e1cb204d26c573d6fef,AMD EPYC 9V74,StopWordBenchmarks,Documents=1000,Hashing,0.96
2026-09-13,afc1909d1a582511899e1e1cb204d26c573d6fef,AMD EPYC 9V74,StopWordBenchmarks,Documents=1000,HashingWithStopWords,0.81
2026-09-13,afc1909d1a582511899e1e1cb204d26c573d6fef,AMD EPYC 9V74,TokenizerIncumbentBenchmarks,Model=WordPiece,Lodestar,1.0
2026-09-13,afc1909d1a582511899e1e1cb204d26c573d6fef,AMD EPYC 9V74,TokenizerIncumbentBenchmarks,Model=WordPiece,MlTokenizers,1.53
2026-09-13,afc1909d1a582511899e1e1cb204d26c573d6fef,AMD EPYC 9V74,TokenizerIncumbentBenchmarks,Model=SentencePiece,Lodestar,1.0
2026-09-13,afc1909d1a582511899e1e1cb204d26c573d6fef,AMD EPYC 9V74,TokenizerIncumbentBenchmarks,Model=SentencePiece,MlTokenizers,1.11
2026-09-15,1d0a36307dabc3141c3a5339c8bef057c359d454,AMD EPYC 9V74,DistributionTailBenchmarks,,ChiSquaredSfOneDf,1.0
2026-09-15,1d0a36307dabc3141c3a5339c8bef057c359d454,AMD EPYC 9V74,DistributionTailBenchmarks,,ChiSquaredSfFourDf,0.41
2026-09-15,1d0a36307dabc3141c3a5339c8bef057c359d454,AMD EPYC 9V74,DistributionTailBenchmarks,,ChiSquaredSfThreeDfFarTail,1.26
2026-09-15,1d0a36307dabc3141c3a5339c8bef057c359d454,AMD EPYC 9V74,DistributionTailBenchmarks,,ChiSquaredSfHundredDf,2.68
2026-09-15,1d0a36307dabc3141c3a5339c8bef057c359d454,AMD EPYC 9V74,DistributionTailBenchmarks,,ChiSquaredSfFractionalDf,4.14
2026-09-15,1d0a36307dabc3141c3a5339c8bef057c359d454,AMD EPYC 9V74,DistributionTailBenchmarks,,NormalQuantile,4.05
2026-09-15,1d0a36307dabc3141c3a5339c8bef057c359d454,AMD EPYC 9V74,StatsBenchmarks,SampleSize=100,LodestarWelchT,1.0
2026-09-15,1d0a36307dabc3141c3a5339c8bef057c359d454,AMD EPYC 9V74,StatsBenchmarks,SampleSize=100,AccordWelchT,37.03
2026-09-15,1d0a36307dabc3141c3a5339c8bef057c359d454,AMD EPYC 9V74,StatsBenchmarks,SampleSize=100,LodestarMannWhitney,2.59
2026-09-15,1d0a36307dabc3141c3a5339c8bef057c359d454,AMD EPYC 9V74,StatsBenchmarks,SampleSize=100,AccordMannWhitney,21.8
2026-09-15,1d0a36307dabc3141c3a5339c8bef057c359d454,AMD EPYC 9V74,StatsBenchmarks,SampleSize=100,LodestarChiSquare,0.11
2026-09-15,1d0a36307dabc3141c3a5339c8bef057c359d454,AMD EPYC 9V74,StatsBenchmarks,SampleSize=100,AccordChiSquare,0.21
2026-09-15,1d0a36307dabc3141c3a5339c8bef057c359d454,AMD EPYC 9V74,StatsBenchmarks,SampleSize=10000,LodestarWelchT,1.0
2026-09-15,1d0a36307dabc3141c3a5339c8bef057c359d454,AMD EPYC 9V74,StatsBenchmarks,SampleSize=10000,AccordWelchT,3.457
2026-09-15,1d0a36307dabc3141c3a5339c8bef057c359d454,AMD EPYC 9V74,StatsBenchmarks,SampleSize=10000,LodestarMannWhitney,10.939
2026-09-15,1d0a36307dabc3141c3a5339c8bef057c359d454,AMD EPYC 9V74,StatsBenchmarks,SampleSize=10000,AccordMannWhitney,330.342
2026-09-15,1d0a36307dabc3141c3a5339c8bef057c359d454,AMD EPYC 9V74,StatsBenchmarks,SampleSize=10000,LodestarChiSquare,0.003
2026-09-15,1d0a36307dabc3141c3a5339c8bef057c359d454,AMD EPYC 9V74,StatsBenchmarks,SampleSize=10000,AccordChiSquare,0.005
2026-09-15,1d0a36307dabc3141c3a5339c8bef057c359d454,AMD EPYC 9V74,BatchEmbeddingBenchmarks,CorpusSize=1,UnitLoop,1.0
2026-09-15,1d0a36307dabc3141c3a5339c8bef057c359d454,AMD EPYC 9V74,BatchEmbeddingBenchmarks,CorpusSize=1,EmbedBatch,1.06
2026-09-15,1d0a36307dabc3141c3a5339c8bef057c359d454,AMD EPYC 9V74,BatchEmbeddingBenchmarks,CorpusSize=1,EmbedBatchBucketed,1.05
2026-09-15,1d0a36307dabc3141c3a5339c8bef057c359d454,AMD EPYC 9V74,BatchEmbeddingBenchmarks,CorpusSize=8,UnitLoop,1.0
2026-09-15,1d0a36307dabc3141c3a5339c8bef057c359d454,AMD EPYC 9V74,BatchEmbeddingBenchmarks,CorpusSize=8,EmbedBatch,0.52
2026-09-15,1d0a36307dabc3141c3a5339c8bef057c359d454,AMD EPYC 9V74,BatchEmbeddingBenchmarks,CorpusSize=8,EmbedBatchBucketed,0.52
2026-09-15,1d0a36307dabc3141c3a5339c8bef057c359d454,AMD EPYC 9V74,BatchEmbeddingBenchmarks,CorpusSize=32,UnitLoop,1.0
2026-09-15,1d0a36307dabc3141c3a5339c8bef057c359d454,AMD EPYC 9V74,BatchEmbeddingBenchmarks,CorpusSize=32,EmbedBatch,0.49
2026-09-15,1d0a36307dabc3141c3a5339c8bef057c359d454,AMD EPYC 9V74,BatchEmbeddingBenchmarks,CorpusSize=32,EmbedBatchBucketed,0.44
2026-09-15,1d0a36307dabc3141c3a5339c8bef057c359d454,AMD EPYC 9V74,BatchEmbeddingBenchmarks,CorpusSize=128,UnitLoop,1.0
2026-09-15,1d0a36307dabc3141c3a5339c8bef057c359d454,AMD EPYC 9V74,BatchEmbeddingBenchmarks,CorpusSize=128,EmbedBatch,0.49
2026-09-15,1d0a36307dabc3141c3a5339c8bef057c359d454,AMD EPYC 9V74,BatchEmbeddingBenchmarks,CorpusSize=128,EmbedBatchBucketed,0.44
2026-09-15,1d0a36307dabc3141c3a5339c8bef057c359d454,AMD EPYC 9V74,BkTreeBenchmarks,"Radius=1, Shape=clustered",LengthFilteredScan,1.0
2026-09-15,1d0a36307dabc3141c3a5339c8bef057c359d454,AMD EPYC 9V74,BkTreeBenchmarks,"Radius=1, Shape=clustered",TreeWithinDistance,0.5
2026-09-15,1d0a36307dabc3141c3a5339c8bef057c359d454,AMD EPYC 9V74,BkTreeBenchmarks,"Radius=1, Shape=uniform",LengthFilteredScan,1.0
2026-09-15,1d0a36307dabc3141c3a5339c8bef057c359d454,AMD EPYC 9V74,BkTreeBenchmarks,"Radius=1, Shape=uniform",TreeWithinDistance,0.45
2026-09-15,1d0a36307dabc3141c3a5339c8bef057c359d454,AMD EPYC 9V74,BkTreeBenchmarks,"Radius=2, Shape=clustered",LengthFilteredScan,1.0
2026-09-15,1d0a36307dabc3141c3a5339c8bef057c359d454,AMD EPYC 9V74,BkTreeBenchmarks,"Radius=2, Shape=clustered",TreeWithinDistance,1.16
2026-09-15,1d0a36307dabc3141c3a5339c8bef057c359d454,AMD EPYC 9V74,BkTreeBenchmarks,"Radius=2, Shape=uniform",LengthFilteredScan,1.0
2026-09-15,1d0a36307dabc3141c3a5339c8bef057c359d454,AMD EPYC 9V74,BkTreeBenchmarks,"Radius=2, Shape=uniform",TreeWithinDistance,1.04
2026-09-15,1d0a36307dabc3141c3a5339c8bef057c359d454,AMD EPYC 9V74,BkTreeBenchmarks,"Radius=3, Shape=clustered",LengthFilteredScan,1.0
2026-09-15,1d0a36307dabc3141c3a5339c8bef057c359d454,AMD EPYC 9V74,BkTreeBenchmarks,"Radius=3, Shape=clustered",TreeWithinDistance,1.4
2026-09-15,1d0a36307dabc3141c3a5339c8bef057c359d454,AMD EPYC 9V74,BkTreeBenchmarks,"Radius=3, Shape=uniform",LengthFilteredScan,1.0
2026-09-15,1d0a36307dabc3141c3a5339c8bef057c359d454,AMD EPYC 9V74,BkTreeBenchmarks,"Radius=3, Shape=uniform",TreeWithinDistance,1.26
2026-09-15,1d0a36307dabc3141c3a5339c8bef057c359d454,AMD EPYC 9V74,BkTreeBenchmarks,"Radius=4, Shape=clustered",LengthFilteredScan,1.0
2026-09-15,1d0a36307dabc3141c3a5339c8bef057c359d454,AMD EPYC 9V74,BkTreeBenchmarks,"Radius=4, Shape=clustered",TreeWithinDistance,1.38
2026-09-15,1d0a36307dabc3141c3a5339c8bef057c359d454,AMD EPYC 9V74,BkTreeBenchmarks,"Radius=4, Shape=uniform",LengthFilteredScan,1.0
2026-09-15,1d0a36307dabc3141c3a5339c8bef057c359d454,AMD EPYC 9V74,BkTreeBenchmarks,"Radius=4, Shape=uniform",TreeWithinDistance,1.38
2026-09-15,1d0a36307dabc3141c3a5339c8bef057c359d454,AMD EPYC 9V74,Bm25Benchmarks,Documents=1000,LodestarQuery,1.0
2026-09-15,1d0a36307dabc3141c3a5339c8bef057c359d454,AMD EPYC 9V74,Bm25Benchmarks,Documents=1000,LuceneQuery,1.48
2026-09-15,1d0a36307dabc3141c3a5339c8bef057c359d454,AMD EPYC 9V74,Bm25Benchmarks,Documents=1000,LodestarFromText,6488.4
2026-09-15,1d0a36307dabc3141c3a5339c8bef057c359d454,AMD EPYC 9V74,Bm25Benchmarks,Documents=1000,LuceneFromText,3407.67
2026-09-15,1d0a36307dabc3141c3a5339c8bef057c359d454,AMD EPYC 9V74,Bm25Benchmarks,Documents=20000,LodestarQuery,1.0
2026-09-15,1d0a36307dabc3141c3a5339c8bef057c359d454,AMD EPYC 9V74,Bm25Benchmarks,Documents=20000,LuceneQuery,0.69
2026-09-15,1d0a36307dabc3141c3a5339c8bef057c359d454,AMD EPYC 9V74,Bm25Benchmarks,Documents=20000,LodestarFromText,11434.38
2026-09-15,1d0a36307dabc3141c3a5339c8bef057c359d454,AMD EPYC 9V74,Bm25Benchmarks,Documents=20000,LuceneFromText,5644.67
2026-09-15,1d0a36307dabc3141c3a5339c8bef057c359d454,AMD EPYC 9V74,BpeBenchmarks,,Unigram,1.0
2026-09-15,1d0a36307dabc3141c3a5339c8bef057c359d454,AMD EPYC 9V74,BpeBenchmarks,,Bpe,2.68
2026-09-15,1d0a36307dabc3141c3a5339c8bef057c359d454,AMD EPYC 9V74,FuzzBenchmarks,,Ratio,1.0
2026-09-15,1d0a36307dabc3141c3a5339c8bef057c359d454,AMD EPYC 9V74,FuzzBenchmarks,,PartialRatio,6.98
2026-09-15,1d0a36307dabc3141c3a5339c8bef057c359d454,AMD EPYC 9V74,FuzzBenchmarks,,TokenSortRatio,8.57
2026-09-15,1d0a36307dabc3141c3a5339c8bef057c359d454,AMD EPYC 9V74,FuzzBenchmarks,,TokenSetRatio,10.65
2026-09-15,1d0a36307dabc3141c3a5339c8bef057c359d454,AMD EPYC 9V74,FuzzBenchmarks,,WRatio,20.44
2026-09-15,1d0a36307dabc3141c3a5339c8bef057c359d454,AMD EPYC 9V74,FuzzIncumbentBenchmarks,Operation=Ratio,Lodestar,1.0
2026-09-15,1d0a36307dabc3141c3a5339c8bef057c359d454,AMD EPYC 9V74,FuzzIncumbentBenchmarks,Operation=Ratio,FuzzySharp,2.1
2026-09-15,1d0a36307dabc3141c3a5339c8bef057c359d454,AMD EPYC 9V74,FuzzIncumbentBenchmarks,Operation=PartialRatio,Lodestar,1.0
2026-09-15,1d0a36307dabc3141c3a5339c8bef057c359d454,AMD EPYC 9V74,FuzzIncumbentBenchmarks,Operation=PartialRatio,FuzzySharp,13.17
2026-09-15,1d0a36307dabc3141c3a5339c8bef057c359d454,AMD EPYC 9V74,FuzzIncumbentBenchmarks,Operation=TokenSetRatio,Lodestar,1.0
2026-09-15,1d0a36307dabc3141c3a5339c8bef057c359d454,AMD EPYC 9V74,FuzzIncumbentBenchmarks,Operation=TokenSetRatio,FuzzySharp,1.77
2026-09-15,1d0a36307dabc3141c3a5339c8bef057c359d454,AMD EPYC 9V74,FuzzIncumbentBenchmarks,Operation=WRatio,Lodestar,1.0
2026-09-15,1d0a36307dabc3141c3a5339c8bef057c359d454,AMD EPYC 9V74,FuzzIncumbentBenchmarks,Operation=WRatio,FuzzySharp,2.15
2026-09-15,1d0a36307dabc3141c3a5339c8bef057c359d454,AMD EPYC 9V74,IndelBenchmarks,Length=8,Distance_Utf16,1.0
2026-09-15,1d0a36307dabc3141c3a5339c8bef057c359d454,AMD EPYC 9V74,IndelBenchmarks,Length=8,Distance_CodePoint,1.38
2026-09-15,1d0a36307dabc3141c3a5339c8bef057c359d454,AMD EPYC 9V74,IndelBenchmarks,Length=8,NormalizedSimilarity_Utf16,1.05
2026-09-15,1d0a36307dabc3141c3a5339c8bef057c359d454,AMD EPYC 9V74,IndelBenchmarks,Length=8,SubsequenceLength_Utf16,0.97
2026-09-15,1d0a36307dabc3141c3a5339c8bef057c359d454,AMD EPYC 9V74,IndelBenchmarks,Length=12,Distance_Utf16,1.0
2026-09-15,1d0a36307dabc3141c3a5339c8bef057c359d454,AMD EPYC 9V74,IndelBenchmarks,Length=12,Distance_CodePoint,1.34
2026-09-15,1d0a36307dabc3141c3a5339c8bef057c359d454,AMD EPYC 9V74,IndelBenchmarks,Length=12,NormalizedSimilarity_Utf16,1.05
2026-09-15,1d0a36307dabc3141c3a5339c8bef057c359d454,AMD EPYC 9V74,IndelBenchmarks,Length=12,SubsequenceLength_Utf16,1.04
2026-09-15,1d0a36307dabc3141c3a5339c8bef057c359d454,AMD EPYC 9V74,IndelBenchmarks,Length=16,Distance_Utf16,1.0
2026-09-15,1d0a36307dabc3141c3a5339c8bef057c359d454,AMD EPYC 9V74,IndelBenchmarks,Length=16,Distance_CodePoint,1.28
2026-09-15,1d0a36307dabc3141c3a5339c8bef057c359d454,AMD EPYC 9V74,IndelBenchmarks,Length=16,NormalizedSimilarity_Utf16,0.97
2026-09-15,1d0a36307dabc3141c3a5339c8bef057c359d454,AMD EPYC 9V74,IndelBenchmarks,Length=16,SubsequenceLength_Utf16,0.93
2026-09-15,1d0a36307dabc3141c3a5339c8bef057c359d454,AMD EPYC 9V74,IndelBenchmarks,Length=20,Distance_Utf16,1.0
2026-09-15,1d0a36307dabc3141c3a5339c8bef057c359d454,AMD EPYC 9V74,IndelBenchmarks,Length=20,Distance_CodePoint,1.24
2026-09-15,1d0a36307dabc3141c3a5339c8bef057c359d454,AMD EPYC 9V74,IndelBenchmarks,Length=20,NormalizedSimilarity_Utf16,0.99
2026-09-15,1d0a36307dabc3141c3a5339c8bef057c359d454,AMD EPYC 9V74,IndelBenchmarks,Length=20,SubsequenceLength_Utf16,0.91
2026-09-15,1d0a36307dabc3141c3a5339c8bef057c359d454,AMD EPYC 9V74,IndelBenchmarks,Length=24,Distance_Utf16,1.0
2026-09-15,1d0a36307dabc3141c3a5339c8bef057c359d454,AMD EPYC 9V74,IndelBenchmarks,Length=24,Distance_CodePoint,1.05
2026-09-15,1d0a36307dabc3141c3a5339c8bef057c359d454,AMD EPYC 9V74,IndelBenchmarks,Length=24,NormalizedSimilarity_Utf16,0.95
2026-09-15,1d0a36307dabc3141c3a5339c8bef057c359d454,AMD EPYC 9V74,IndelBenchmarks,Length=24,SubsequenceLength_Utf16,0.87
2026-09-15,1d0a36307dabc3141c3a5339c8bef057c359d454,AMD EPYC 9V74,IndelBenchmarks,Length=32,Distance_Utf16,1.0
2026-09-15,1d0a36307dabc3141c3a5339c8bef057c359d454,AMD EPYC 9V74,IndelBenchmarks,Length=32,Distance_CodePoint,1.08
2026-09-15,1d0a36307dabc3141c3a5339c8bef057c359d454,AMD EPYC 9V74,IndelBenchmarks,Length=32,NormalizedSimilarity_Utf16,1.08
2026-09-15,1d0a36307dabc3141c3a5339c8bef057c359d454,AMD EPYC 9V74,IndelBenchmarks,Length=32,SubsequenceLength_Utf16,0.94
2026-09-15,1d0a36307dabc3141c3a5339c8bef057c359d454,AMD EPYC 9V74,IndelBenchmarks,Length=128,Distance_Utf16,1.0
2026-09-15,1d0a36307dabc3141c3a5339c8bef057c359d454,AMD EPYC 9V74,IndelBenchmarks,Length=128,Distance_CodePoint,1.04
2026-09-15,1d0a36307dabc3141c3a5339c8bef057c359d454,AMD EPYC 9V74,IndelBenchmarks,Length=128,NormalizedSimilarity_Utf16,1.0
2026-09-15,1d0a36307dabc3141c3a5339c8bef057c359d454,AMD EPYC 9V74,IndelBenchmarks,Length=128,SubsequenceLength_Utf16,0.99
2026-09-15,1d0a36307dabc3141c3a5339c8bef057c359d454,AMD EPYC 9V74,IndelBenchmarks,Length=512,Distance_Utf16,1.0
2026-09-15,1d0a36307dabc3141c3a5339c8bef057c359d454,AMD EPYC 9V74,IndelBenchmarks,Length=512,Distance_CodePoint,1.0
2026-09-15,1d0a36307dabc3141c3a5339c8bef057c359d454,AMD EPYC 9V74,IndelBenchmarks,Length=512,NormalizedSimilarity_Utf16,0.99
2026-09-15,1d0a36307dabc3141c3a5339c8bef057c359d454,AMD EPYC 9V74,IndelBenchmarks,Length=512,SubsequenceLength_Utf16,0.99
2026-09-15,1d0a36307dabc3141c3a5339c8bef057c359d454,AMD EPYC 9V74,IndelCodePointBenchmarks,Length=20,Distance_CodePoint,1.0
2026-09-15,1d0a36307dabc3141c3a5339c8bef057c359d454,AMD EPYC 9V74,IndelCodePointBenchmarks,Length=20,Distance_Utf16,0.53
2026-09-15,1d0a36307dabc3141c3a5339c8bef057c359d454,AMD EPYC 9V74,IndelCodePointBenchmarks,Length=128,Distance_CodePoint,1.0
2026-09-15,1d0a36307dabc3141c3a5339c8bef057c359d454,AMD EPYC 9V74,IndelCodePointBenchmarks,Length=128,Distance_Utf16,2.18
2026-09-15,1d0a36307dabc3141c3a5339c8bef057c359d454,AMD EPYC 9V74,IndelCodePointBenchmarks,Length=512,Distance_CodePoint,1.0
2026-09-15,1d0a36307dabc3141c3a5339c8bef057c359d454,AMD EPYC 9V74,IndelCodePointBenchmarks,Length=512,Distance_Utf16,2.64
2026-09-15,1d0a36307dabc3141c3a5339c8bef057c359d454,AMD EPYC 9V74,LcsGateBenchmarks,Band=8,Dp,1.0
2026-09-15,1d0a36307dabc3141c3a5339c8bef057c359d454,AMD EPYC 9V74,LcsGateBenchmarks,Band=8,Kernel,0.45
2026-09-15,1d0a36307dabc3141c3a5339c8bef057c359d454,AMD EPYC 9V74,LcsGateBenchmarks,Band=8,Dp_Cjk,1.0
2026-09-15,1d0a36307dabc3141c3a5339c8bef057c359d454,AMD EPYC 9V74,LcsGateBenchmarks,Band=8,Kernel_Cjk,0.82
2026-09-15,1d0a36307dabc3141c3a5339c8bef057c359d454,AMD EPYC 9V74,LcsGateBenchmarks,Band=12,Dp,1.0
2026-09-15,1d0a36307dabc3141c3a5339c8bef057c359d454,AMD EPYC 9V74,LcsGateBenchmarks,Band=12,Kernel,0.3
2026-09-15,1d0a36307dabc3141c3a5339c8bef057c359d454,AMD EPYC 9V74,LcsGateBenchmarks,Band=12,Dp_Cjk,0.99
2026-09-15,1d0a36307dabc3141c3a5339c8bef057c359d454,AMD EPYC 9V74,LcsGateBenchmarks,Band=12,Kernel_Cjk,0.52
2026-09-15,1d0a36307dabc3141c3a5339c8bef057c359d454,AMD EPYC 9V74,LcsGateBenchmarks,Band=14,Dp,1.0
2026-09-15,1d0a36307dabc3141c3a5339c8bef057c359d454,AMD EPYC 9V74,LcsGateBenchmarks,Band=14,Kernel,0.25
2026-09-15,1d0a36307dabc3141c3a5339c8bef057c359d454,AMD EPYC 9V74,LcsGateBenchmarks,Band=14,Dp_Cjk,1.0
2026-09-15,1d0a36307dabc3141c3a5339c8bef057c359d454,AMD EPYC 9V74,LcsGateBenchmarks,Band=14,Kernel_Cjk,0.43
2026-09-15,1d0a36307dabc3141c3a5339c8bef057c359d454,AMD EPYC 9V74,LcsGateBenchmarks,Band=16,Dp,1.0
2026-09-15,1d0a36307dabc3141c3a5339c8bef057c359d454,AMD EPYC 9V74,LcsGateBenchmarks,Band=16,Kernel,0.21
2026-09-15,1d0a36307dabc3141c3a5339c8bef057c359d454,AMD EPYC 9V74,LcsGateBenchmarks,Band=16,Dp_Cjk,0.92
2026-09-15,1d0a36307dabc3141c3a5339c8bef057c359d454,AMD EPYC 9V74,LcsGateBenchmarks,Band=16,Kernel_Cjk,0.35
2026-09-15,1d0a36307dabc3141c3a5339c8bef057c359d454,AMD EPYC 9V74,LcsGateBenchmarks,Band=18,Dp,1.0
2026-09-15,1d0a36307dabc3141c3a5339c8bef057c359d454,AMD EPYC 9V74,LcsGateBenchmarks,Band=18,Kernel,0.11
2026-09-15,1d0a36307dabc3141c3a5339c8bef057c359d454,AMD EPYC 9V74,LcsGateBenchmarks,Band=18,Dp_Cjk,0.96
2026-09-15,1d0a36307dabc3141c3a5339c8bef057c359d454,AMD EPYC 9V74,LcsGateBenchmarks,Band=18,Kernel_Cjk,0.18
2026-09-15,1d0a36307dabc3141c3a5339c8bef057c359d454,AMD EPYC 9V74,LcsGateBenchmarks,Band=20,Dp,1.0
2026-09-15,1d0a36307dabc3141c3a5339c8bef057c359d454,AMD EPYC 9V74,LcsGateBenchmarks,Band=20,Kernel,0.11
2026-09-15,1d0a36307dabc3141c3a5339c8bef057c359d454,AMD EPYC 9V74,LcsGateBenchmarks,Band=20,Dp_Cjk,1.01
2026-09-15,1d0a36307dabc3141c3a5339c8bef057c359d454,AMD EPYC 9V74,LcsGateBenchmarks,Band=20,Kernel_Cjk,0.17
2026-09-15,1d0a36307dabc3141c3a5339c8bef057c359d454,AMD EPYC 9V74,LcsGateBenchmarks,Band=24,Dp,1.0
2026-09-15,1d0a36307dabc3141c3a5339c8bef057c359d454,AMD EPYC 9V74,LcsGateBenchmarks,Band=24,Kernel,0.1
2026-09-15,1d0a36307dabc3141c3a5339c8bef057c359d454,AMD EPYC 9V74,LcsGateBenchmarks,Band=24,Dp_Cjk,1.05
2026-09-15,1d0a36307dabc3141c3a5339c8bef057c359d454,AMD EPYC 9V74,LcsGateBenchmarks,Band=24,Kernel_Cjk,0.15
2026-09-15,1d0a36307dabc3141c3a5339c8bef057c359d454,AMD EPYC 9V74,LcsGateBenchmarks,Band=32,Dp,1.0
2026-09-15,1d0a36307dabc3141c3a5339c8bef057c359d454,AMD EPYC 9V74,LcsGateBenchmarks,Band=32,Kernel,0.07
2026-09-15,1d0a36307dabc3141c3a5339c8bef057c359d454,AMD EPYC 9V74,LcsGateBenchmarks,Band=32,Dp_Cjk,1.01
2026-09-15,1d0a36307dabc3141c3a5339c8bef057c359d454,AMD EPYC 9V74,LcsGateBenchmarks,Band=32,Kernel_Cjk,0.11
2026-09-15,1d0a36307dabc3141c3a5339c8bef057c359d454,AMD EPYC 9V74,LcsGateBenchmarks,Band=48,Dp,1.0
2026-09-15,1d0a36307dabc3141c3a5339c8bef057c359d454,AMD EPYC 9V74,LcsGateBenchmarks,Band=48,Kernel,0.05
2026-09-15,1d0a36307dabc3141c3a5339c8bef057c359d454,AMD EPYC 9V74,LcsGateBenchmarks,Band=48,Dp_Cjk,1.0
2026-09-15,1d0a36307dabc3141c3a5339c8bef057c359d454,AMD EPYC 9V74,LcsGateBenchmarks,Band=48,Kernel_Cjk,0.08
2026-09-15,1d0a36307dabc3141c3a5339c8bef057c359d454,AMD EPYC 9V74,LcsGateBenchmarks,Band=64,Dp,1.0
2026-09-15,1d0a36307dabc3141c3a5339c8bef057c359d454,AMD EPYC 9V74,LcsGateBenchmarks,Band=64,Kernel,0.03
2026-09-15,1d0a36307dabc3141c3a5339c8bef057c359d454,AMD EPYC 9V74,LcsGateBenchmarks,Band=64,Dp_Cjk,1.02
2026-09-15,1d0a36307dabc3141c3a5339c8bef057c359d454,AMD EPYC 9V74,LcsGateBenchmarks,Band=64,Kernel_Cjk,0.06
2026-09-15,1d0a36307dabc3141c3a5339c8bef057c359d454,AMD EPYC 9V74,LcsGateBenchmarks,Band=96,Dp,1.0
2026-09-15,1d0a36307dabc3141c3a5339c8bef057c359d454,AMD EPYC 9V74,LcsGateBenchmarks,Band=96,Kernel,0.03
2026-09-15,1d0a36307dabc3141c3a5339c8bef057c359d454,AMD EPYC 9V74,LcsGateBenchmarks,Band=96,Dp_Cjk,1.03
2026-09-15,1d0a36307dabc3141c3a5339c8bef057c359d454,AMD EPYC 9V74,LcsGateBenchmarks,Band=96,Kernel_Cjk,0.09
2026-09-15,1d0a36307dabc3141c3a5339c8bef057c359d454,AMD EPYC 9V74,LevenshteinBenchmarks,Length=8,Distance_Utf16,1.0
2026-09-15,1d0a36307dabc3141c3a5339c8bef057c359d454,AMD EPYC 9V74,LevenshteinBenchmarks,Length=8,Distance_Utf16_Cjk,1.0
2026-09-15,1d0a36307dabc3141c3a5339c8bef057c359d454,AMD EPYC 9V74,LevenshteinBenchmarks,Length=8,Distance_CodePoint,4.74
2026-09-15,1d0a36307dabc3141c3a5339c8bef057c359d454,AMD EPYC 9V74,LevenshteinBenchmarks,Length=8,NormalizedSimilarity_Utf16,1.05
2026-09-15,1d0a36307dabc3141c3a5339c8bef057c359d454,AMD EPYC 9V74,LevenshteinBenchmarks,Length=64,Distance_Utf16,1.0
2026-09-15,1d0a36307dabc3141c3a5339c8bef057c359d454,AMD EPYC 9V74,LevenshteinBenchmarks,Length=64,Distance_Utf16_Cjk,1.27
2026-09-15,1d0a36307dabc3141c3a5339c8bef057c359d454,AMD EPYC 9V74,LevenshteinBenchmarks,Length=64,Distance_CodePoint,2.24
2026-09-15,1d0a36307dabc3141c3a5339c8bef057c359d454,AMD EPYC 9V74,LevenshteinBenchmarks,Length=64,NormalizedSimilarity_Utf16,0.99
2026-09-15,1d0a36307dabc3141c3a5339c8bef057c359d454,AMD EPYC 9V74,LevenshteinBenchmarks,Length=128,Distance_Utf16,1.0
2026-09-15,1d0a36307dabc3141c3a5339c8bef057c359d454,AMD EPYC 9V74,LevenshteinBenchmarks,Length=128,Distance_Utf16_Cjk,1.94
2026-09-15,1d0a36307dabc3141c3a5339c8bef057c359d454,AMD EPYC 9V74,LevenshteinBenchmarks,Length=128,Distance_CodePoint,1.64
2026-09-15,1d0a36307dabc3141c3a5339c8bef057c359d454,AMD EPYC 9V74,LevenshteinBenchmarks,Length=128,NormalizedSimilarity_Utf16,0.96
2026-09-15,1d0a36307dabc3141c3a5339c8bef057c359d454,AMD EPYC 9V74,LevenshteinBenchmarks,Length=512,Distance_Utf16,1.0
2026-09-15,1d0a36307dabc3141c3a5339c8bef057c359d454,AMD EPYC 9V74,LevenshteinBenchmarks,Length=512,Distance_Utf16_Cjk,1.44
2026-09-15,1d0a36307dabc3141c3a5339c8bef057c359d454,AMD EPYC 9V74,LevenshteinBenchmarks,Length=512,Distance_CodePoint,1.18
2026-09-15,1d0a36307dabc3141c3a5339c8bef057c359d454,AMD EPYC 9V74,LevenshteinBenchmarks,Length=512,NormalizedSimilarity_Utf16,1.0
2026-09-15,1d0a36307dabc3141c3a5339c8bef057c359d454,AMD EPYC 9V74,LevenshteinCodePointBenchmarks,"Length=16, Distinct=32",Distance_CodePoint,1.0
2026-09-15,1d0a36307dabc3141c3a5339c8bef057c359d454,AMD EPYC 9V74,LevenshteinCodePointBenchmarks,"Length=16, Distinct=32",Distance_Utf16,0.72
2026-09-15,1d0a36307dabc3141c3a5339c8bef057c359d454,AMD EPYC 9V74,LevenshteinCodePointBenchmarks,"Length=16, Distinct=512",Distance_CodePoint,1.0
2026-09-15,1d0a36307dabc3141c3a5339c8bef057c359d454,AMD EPYC 9V74,LevenshteinCodePointBenchmarks,"Length=16, Distinct=512",Distance_Utf16,0.73
2026-09-15,1d0a36307dabc3141c3a5339c8bef057c359d454,AMD EPYC 9V74,LevenshteinCodePointBenchmarks,"Length=24, Distinct=32",Distance_CodePoint,1.0
2026-09-15,1d0a36307dabc3141c3a5339c8bef057c359d454,AMD EPYC 9V74,LevenshteinCodePointBenchmarks,"Length=24, Distinct=32",Distance_Utf16,0.77
2026-09-15,1d0a36307dabc3141c3a5339c8bef057c359d454,AMD EPYC 9V74,LevenshteinCodePointBenchmarks,"Length=24, Distinct=512",Distance_CodePoint,1.0
2026-09-15,1d0a36307dabc3141c3a5339c8bef057c359d454,AMD EPYC 9V74,LevenshteinCodePointBenchmarks,"Length=24, Distinct=512",Distance_Utf16,0.77
2026-09-15,1d0a36307dabc3141c3a5339c8bef057c359d454,AMD EPYC 9V74,LevenshteinCodePointBenchmarks,"Length=32, Distinct=32",Distance_CodePoint,1.0
2026-09-15,1d0a36307dabc3141c3a5339c8bef057c359d454,AMD EPYC 9V74,LevenshteinCodePointBenchmarks,"Length=32, Distinct=32",Distance_Utf16,0.81
2026-09-15,1d0a36307dabc3141c3a5339c8bef057c359d454,AMD EPYC 9V74,LevenshteinCodePointBenchmarks,"Length=32, Distinct=512",Distance_CodePoint,1.0
2026-09-15,1d0a36307dabc3141c3a5339c8bef057c359d454,AMD EPYC 9V74,LevenshteinCodePointBenchmarks,"Length=32, Distinct=512",Distance_Utf16,0.83
2026-09-15,1d0a36307dabc3141c3a5339c8bef057c359d454,AMD EPYC 9V74,LevenshteinCodePointBenchmarks,"Length=40, Distinct=32",Distance_CodePoint,1.0
2026-09-15,1d0a36307dabc3141c3a5339c8bef057c359d454,AMD EPYC 9V74,LevenshteinCodePointBenchmarks,"Length=40, Distinct=32",Distance_Utf16,2.2
2026-09-15,1d0a36307dabc3141c3a5339c8bef057c359d454,AMD EPYC 9V74,LevenshteinCodePointBenchmarks,"Length=40, Distinct=512",Distance_CodePoint,1.0
2026-09-15,1d0a36307dabc3141c3a5339c8bef057c359d454,AMD EPYC 9V74,LevenshteinCodePointBenchmarks,"Length=40, Distinct=512",Distance_Utf16,2.02
2026-09-15,1d0a36307dabc3141c3a5339c8bef057c359d454,AMD EPYC 9V74,LevenshteinCodePointBenchmarks,"Length=128, Distinct=32",Distance_CodePoint,1.0
2026-09-15,1d0a36307dabc3141c3a5339c8bef057c359d454,AMD EPYC 9V74,LevenshteinCodePointBenchmarks,"Length=128, Distinct=32",Distance_Utf16,2.86
2026-09-15,1d0a36307dabc3141c3a5339c8bef057c359d454,AMD EPYC 9V74,LevenshteinCodePointBenchmarks,"Length=128, Distinct=512",Distance_CodePoint,1.0
2026-09-15,1d0a36307dabc3141c3a5339c8bef057c359d454,AMD EPYC 9V74,LevenshteinCodePointBenchmarks,"Length=128, Distinct=512",Distance_Utf16,2.78
2026-09-15,1d0a36307dabc3141c3a5339c8bef057c359d454,AMD EPYC 9V74,LevenshteinCodePointBenchmarks,"Length=512, Distinct=32",Distance_CodePoint,1.0
2026-09-15,1d0a36307dabc3141c3a5339c8bef057c359d454,AMD EPYC 9V74,LevenshteinCodePointBenchmarks,"Length=512, Distinct=32",Distance_Utf16,4.18
2026-09-15,1d0a36307dabc3141c3a5339c8bef057c359d454,AMD EPYC 9V74,LevenshteinCodePointBenchmarks,"Length=512, Distinct=512",Distance_CodePoint,1.0
2026-09-15,1d0a36307dabc3141c3a5339c8bef057c359d454,AMD EPYC 9V74,LevenshteinCodePointBenchmarks,"Length=512, Distinct=512",Distance_Utf16,0.16
2026-09-15,1d0a36307dabc3141c3a5339c8bef057c359d454,AMD EPYC 9V74,LevenshteinIncumbentBenchmarks,Length=8,Lodestar,1.0
2026-09-15,1d0a36307dabc3141c3a5339c8bef057c359d454,AMD EPYC 9V74,LevenshteinIncumbentBenchmarks,Length=8,Fastenshtein,3.22
2026-09-15,1d0a36307dabc3141c3a5339c8bef057c359d454,AMD EPYC 9V74,LevenshteinIncumbentBenchmarks,Length=8,Quickenshtein,3.06
2026-09-15,1d0a36307dabc3141c3a5339c8bef057c359d454,AMD EPYC 9V74,LevenshteinIncumbentBenchmarks,Length=8,F23_StringSimilarity,6.35
2026-09-15,1d0a36307dabc3141c3a5339c8bef057c359d454,AMD EPYC 9V74,LevenshteinIncumbentBenchmarks,Length=64,Lodestar,1.0
2026-09-15,1d0a36307dabc3141c3a5339c8bef057c359d454,AMD EPYC 9V74,LevenshteinIncumbentBenchmarks,Length=64,Fastenshtein,19.04
2026-09-15,1d0a36307dabc3141c3a5339c8bef057c359d454,AMD EPYC 9V74,LevenshteinIncumbentBenchmarks,Length=64,Quickenshtein,4.34
2026-09-15,1d0a36307dabc3141c3a5339c8bef057c359d454,AMD EPYC 9V74,LevenshteinIncumbentBenchmarks,Length=64,F23_StringSimilarity,29.44
2026-09-15,1d0a36307dabc3141c3a5339c8bef057c359d454,AMD EPYC 9V74,LevenshteinIncumbentBenchmarks,Length=512,Lodestar,1.0
2026-09-15,1d0a36307dabc3141c3a5339c8bef057c359d454,AMD EPYC 9V74,LevenshteinIncumbentBenchmarks,Length=512,Fastenshtein,39.3
2026-09-15,1d0a36307dabc3141c3a5339c8bef057c359d454,AMD EPYC 9V74,LevenshteinIncumbentBenchmarks,Length=512,Quickenshtein,2.84
2026-09-15,1d0a36307dabc3141c3a5339c8bef057c359d454,AMD EPYC 9V74,LevenshteinIncumbentBenchmarks,Length=512,F23_StringSimilarity,64.78
2026-09-15,1d0a36307dabc3141c3a5339c8bef057c359d454,AMD EPYC 9V74,MyersGateBenchmarks,Band=4,Dp,1.0
2026-09-15,1d0a36307dabc3141c3a5339c8bef057c359d454,AMD EPYC 9V74,MyersGateBenchmarks,Band=4,Kernel,0.99
2026-09-15,1d0a36307dabc3141c3a5339c8bef057c359d454,AMD EPYC 9V74,MyersGateBenchmarks,Band=4,Dp_Cjk,1.03
2026-09-15,1d0a36307dabc3141c3a5339c8bef057c359d454,AMD EPYC 9V74,MyersGateBenchmarks,Band=4,Kernel_Cjk,0.98
2026-09-15,1d0a36307dabc3141c3a5339c8bef057c359d454,AMD EPYC 9V74,MyersGateBenchmarks,Band=6,Dp,1.0
2026-09-15,1d0a36307dabc3141c3a5339c8bef057c359d454,AMD EPYC 9V74,MyersGateBenchmarks,Band=6,Kernel,0.79
2026-09-15,1d0a36307dabc3141c3a5339c8bef057c359d454,AMD EPYC 9V74,MyersGateBenchmarks,Band=6,Dp_Cjk,1.02
2026-09-15,1d0a36307dabc3141c3a5339c8bef057c359d454,AMD EPYC 9V74,MyersGateBenchmarks,Band=6,Kernel_Cjk,1.27
2026-09-15,1d0a36307dabc3141c3a5339c8bef057c359d454,AMD EPYC 9V74,MyersGateBenchmarks,Band=8,Dp,1.0
2026-09-15,1d0a36307dabc3141c3a5339c8bef057c359d454,AMD EPYC 9V74,MyersGateBenchmarks,Band=8,Kernel,0.63
2026-09-15,1d0a36307dabc3141c3a5339c8bef057c359d454,AMD EPYC 9V74,MyersGateBenchmarks,Band=8,Dp_Cjk,0.98
2026-09-15,1d0a36307dabc3141c3a5339c8bef057c359d454,AMD EPYC 9V74,MyersGateBenchmarks,Band=8,Kernel_Cjk,1.18
2026-09-15,1d0a36307dabc3141c3a5339c8bef057c359d454,AMD EPYC 9V74,MyersGateBenchmarks,Band=10,Dp,1.0
2026-09-15,1d0a36307dabc3141c3a5339c8bef057c359d454,AMD EPYC 9V74,MyersGateBenchmarks,Band=10,Kernel,0.53
2026-09-15,1d0a36307dabc3141c3a5339c8bef057c359d454,AMD EPYC 9V74,MyersGateBenchmarks,Band=10,Dp_Cjk,1.0
2026-09-15,1d0a36307dabc3141c3a5339c8bef057c359d454,AMD EPYC 9V74,MyersGateBenchmarks,Band=10,Kernel_Cjk,0.82
2026-09-15,1d0a36307dabc3141c3a5339c8bef057c359d454,AMD EPYC 9V74,MyersGateBenchmarks,Band=12,Dp,1.0
2026-09-15,1d0a36307dabc3141c3a5339c8bef057c359d454,AMD EPYC 9V74,MyersGateBenchmarks,Band=12,Kernel,0.44
2026-09-15,1d0a36307dabc3141c3a5339c8bef057c359d454,AMD EPYC 9V74,MyersGateBenchmarks,Band=12,Dp_Cjk,1.0
2026-09-15,1d0a36307dabc3141c3a5339c8bef057c359d454,AMD EPYC 9V74,MyersGateBenchmarks,Band=12,Kernel_Cjk,0.8
2026-09-15,1d0a36307dabc3141c3a5339c8bef057c359d454,AMD EPYC 9V74,MyersGateBenchmarks,Band=16,Dp,1.0
2026-09-15,1d0a36307dabc3141c3a5339c8bef057c359d454,AMD EPYC 9V74,MyersGateBenchmarks,Band=16,Kernel,0.32
2026-09-15,1d0a36307dabc3141c3a5339c8bef057c359d454,AMD EPYC 9V74,MyersGateBenchmarks,Band=16,Dp_Cjk,1.02
2026-09-15,1d0a36307dabc3141c3a5339c8bef057c359d454,AMD EPYC 9V74,MyersGateBenchmarks,Band=16,Kernel_Cjk,0.47
2026-09-15,1d0a36307dabc3141c3a5339c8bef057c359d454,AMD EPYC 9V74,MyersGateBenchmarks,Band=24,Dp,1.0
2026-09-15,1d0a36307dabc3141c3a5339c8bef057c359d454,AMD EPYC 9V74,MyersGateBenchmarks,Band=24,Kernel,0.21
2026-09-15,1d0a36307dabc3141c3a5339c8bef057c359d454,AMD EPYC 9V74,MyersGateBenchmarks,Band=24,Dp_Cjk,1.0
2026-09-15,1d0a36307dabc3141c3a5339c8bef057c359d454,AMD EPYC 9V74,MyersGateBenchmarks,Band=24,Kernel_Cjk,0.29
2026-09-15,1d0a36307dabc3141c3a5339c8bef057c359d454,AMD EPYC 9V74,MyersGateBenchmarks,Band=32,Dp,1.0
2026-09-15,1d0a36307dabc3141c3a5339c8bef057c359d454,AMD EPYC 9V74,MyersGateBenchmarks,Band=32,Kernel,0.15
2026-09-15,1d0a36307dabc3141c3a5339c8bef057c359d454,AMD EPYC 9V74,MyersGateBenchmarks,Band=32,Dp_Cjk,0.98
2026-09-15,1d0a36307dabc3141c3a5339c8bef057c359d454,AMD EPYC 9V74,MyersGateBenchmarks,Band=32,Kernel_Cjk,0.2
2026-09-15,1d0a36307dabc3141c3a5339c8bef057c359d454,AMD EPYC 9V74,MyersGateBenchmarks,Band=48,Dp,1.0
2026-09-15,1d0a36307dabc3141c3a5339c8bef057c359d454,AMD EPYC 9V74,MyersGateBenchmarks,Band=48,Kernel,0.1
2026-09-15,1d0a36307dabc3141c3a5339c8bef057c359d454,AMD EPYC 9V74,MyersGateBenchmarks,Band=48,Dp_Cjk,1.0
2026-09-15,1d0a36307dabc3141c3a5339c8bef057c359d454,AMD EPYC 9V74,MyersGateBenchmarks,Band=48,Kernel_Cjk,0.12
2026-09-15,1d0a36307dabc3141c3a5339c8bef057c359d454,AMD EPYC 9V74,MyersGateBenchmarks,Band=64,Dp,1.0
2026-09-15,1d0a36307dabc3141c3a5339c8bef057c359d454,AMD EPYC 9V74,MyersGateBenchmarks,Band=64,Kernel,0.07
2026-09-15,1d0a36307dabc3141c3a5339c8bef057c359d454,AMD EPYC 9V74,MyersGateBenchmarks,Band=64,Dp_Cjk,1.0
2026-09-15,1d0a36307dabc3141c3a5339c8bef057c359d454,AMD EPYC 9V74,MyersGateBenchmarks,Band=64,Kernel_Cjk,0.09
2026-09-15,1d0a36307dabc3141c3a5339c8bef057c359d454,AMD EPYC 9V74,MyersGateBenchmarks,Band=96,Dp,1.0
2026-09-15,1d0a36307dabc3141c3a5339c8bef057c359d454,AMD EPYC 9V74,MyersGateBenchmarks,Band=96,Kernel,0.07
2026-09-15,1d0a36307dabc3141c3a5339c8bef057c359d454,AMD EPYC 9V74,MyersGateBenchmarks,Band=96,Dp_Cjk,0.99
2026-09-15,1d0a36307dabc3141c3a5339c8bef057c359d454,AMD EPYC 9V74,MyersGateBenchmarks,Band=96,Kernel_Cjk,0.12
2026-09-15,1d0a36307dabc3141c3a5339c8bef057c359d454,AMD EPYC 9V74,TokenizerIncumbentBenchmarks,Model=WordPiece,Lodestar,1.0
2026-09-15,1d0a36307dabc3141c3a5339c8bef057c359d454,AMD EPYC 9V74,TokenizerIncumbentBenchmarks,Model=WordPiece,MlTokenizers,1.51
2026-09-15,1d0a36307dabc3141c3a5339c8bef057c359d454,AMD EPYC 9V74,TokenizerIncumbentBenchmarks,Model=SentencePiece,Lodestar,1.0
2026-09-15,1d0a36307dabc3141c3a5339c8bef057c359d454,AMD EPYC 9V74,TokenizerIncumbentBenchmarks,Model=SentencePiece,MlTokenizers,1.2
2026-09-15,1d0a36307dabc3141c3a5339c8bef057c359d454,AMD EPYC 9V74,TokenizerIncumbentBenchmarks,Model=ByteLevelBpe,Lodestar,1.0
2026-09-15,1d0a36307dabc3141c3a5339c8bef057c359d454,AMD EPYC 9V74,TokenizerIncumbentBenchmarks,Model=ByteLevelBpe,MlTokenizers,2.95
2026-09-15,1d0a36307dabc3141c3a5339c8bef057c359d454,AMD EPYC 9V74,VectorMathBenchmarks,Dim=384,Dot,1.0
2026-09-15,1d0a36307dabc3141c3a5339c8bef057c359d454,AMD EPYC 9V74,VectorMathBenchmarks,Dim=384,L2Norm,0.94
2026-09-15,1d0a36307dabc3141c3a5339c8bef057c359d454,AMD EPYC 9V74,VectorMathBenchmarks,Dim=768,Dot,1.0
2026-09-15,1d0a36307dabc3141c3a5339c8bef057c359d454,AMD EPYC 9V74,VectorMathBenchmarks,Dim=768,L2Norm,0.91
2026-09-15,1d0a36307dabc3141c3a5339c8bef057c359d454,AMD EPYC 9V74,VectorMathBenchmarks,Dim=1024,Dot,1.0
2026-09-15,1d0a36307dabc3141c3a5339c8bef057c359d454,AMD EPYC 9V74,VectorMathBenchmarks,Dim=1024,L2Norm,0.93
2026-09-15,1d0a36307dabc3141c3a5339c8bef057c359d454,AMD EPYC 9V74,VectorizerBenchmarks,Documents=200,Count,1.01
2026-09-15,1d0a36307dabc3141c3a5339c8bef057c359d454,AMD EPYC 9V74,VectorizerBenchmarks,Documents=200,Tfidf,1.0
2026-09-15,1d0a36307dabc3141c3a5339c8bef057c359d454,AMD EPYC 9V74,VectorizerBenchmarks,Documents=200,CountBigrams,1.22
2026-09-15,1d0a36307dabc3141c3a5339c8bef057c359d454,AMD EPYC 9V74,VectorizerBenchmarks,Documents=200,Hashing,0.96
2026-09-15,1d0a36307dabc3141c3a5339c8bef057c359d454,AMD EPYC 9V74,VectorizerBenchmarks,Documents=1000,Count,1.0
2026-09-15,1d0a36307dabc3141c3a5339c8bef057c359d454,AMD EPYC 9V74,VectorizerBenchmarks,Documents=1000,Tfidf,1.03
2026-09-15,1d0a36307dabc3141c3a5339c8bef057c359d454,AMD EPYC 9V74,VectorizerBenchmarks,Documents=1000,CountBigrams,1.67
2026-09-15,1d0a36307dabc3141c3a5339c8bef057c359d454,AMD EPYC 9V74,VectorizerBenchmarks,Documents=1000,Hashing,1.01
2026-09-15,1d0a36307dabc3141c3a5339c8bef057c359d454,AMD EPYC 9V74,VectorizerIncumbentBenchmarks,Documents=200,Lodestar,1.0
2026-09-15,1d0a36307dabc3141c3a5339c8bef057c359d454,AMD EPYC 9V74,VectorizerIncumbentBenchmarks,Documents=200,MlNet,6.75
2026-09-15,1d0a36307dabc3141c3a5339c8bef057c359d454,AMD EPYC 9V74,VectorizerIncumbentBenchmarks,Documents=1000,Lodestar,1.0
2026-09-15,1d0a36307dabc3141c3a5339c8bef057c359d454,AMD EPYC 9V74,VectorizerIncumbentBenchmarks,Documents=1000,MlNet,14.16
2026-09-16,1cdec9f1eccc530c49b20f73615db7f4338cfd7f,AMD EPYC 9V74,BatchEmbeddingBenchmarks,CorpusSize=1,UnitLoop,1.0
2026-09-16,1cdec9f1eccc530c49b20f73615db7f4338cfd7f,AMD EPYC 9V74,BatchEmbeddingBenchmarks,CorpusSize=1,EmbedBatch,1.06
2026-09-16,1cdec9f1eccc530c49b20f73615db7f4338cfd7f,AMD EPYC 9V74,BatchEmbeddingBenchmarks,CorpusSize=1,EmbedBatchBucketed,1.05
2026-09-16,1cdec9f1eccc530c49b20f73615db7f4338cfd7f,AMD EPYC 9V74,BatchEmbeddingBenchmarks,CorpusSize=8,UnitLoop,1.0
2026-09-16,1cdec9f1eccc530c49b20f73615db7f4338cfd7f,AMD EPYC 9V74,BatchEmbeddingBenchmarks,CorpusSize=8,EmbedBatch,0.51
2026-09-16,1cdec9f1eccc530c49b20f73615db7f4338cfd7f,AMD EPYC 9V74,BatchEmbeddingBenchmarks,CorpusSize=8,EmbedBatchBucketed,0.52
2026-09-16,1cdec9f1eccc530c49b20f73615db7f4338cfd7f,AMD EPYC 9V74,BatchEmbeddingBenchmarks,CorpusSize=32,UnitLoop,1.0
2026-09-16,1cdec9f1eccc530c49b20f73615db7f4338cfd7f,AMD EPYC 9V74,BatchEmbeddingBenchmarks,CorpusSize=32,EmbedBatch,0.49
2026-09-16,1cdec9f1eccc530c49b20f73615db7f4338cfd7f,AMD EPYC 9V74,BatchEmbeddingBenchmarks,CorpusSize=32,EmbedBatchBucketed,0.45
2026-09-16,1cdec9f1eccc530c49b20f73615db7f4338cfd7f,AMD EPYC 9V74,BatchEmbeddingBenchmarks,CorpusSize=128,UnitLoop,1.0
2026-09-16,1cdec9f1eccc530c49b20f73615db7f4338cfd7f,AMD EPYC 9V74,BatchEmbeddingBenchmarks,CorpusSize=128,EmbedBatch,0.48
2026-09-16,1cdec9f1eccc530c49b20f73615db7f4338cfd7f,AMD EPYC 9V74,BatchEmbeddingBenchmarks,CorpusSize=128,EmbedBatchBucketed,0.43
2026-09-16,1cdec9f1eccc530c49b20f73615db7f4338cfd7f,AMD EPYC 9V74,BkTreeBenchmarks,"Radius=1, Shape=clustered",LengthFilteredScan,1.0
2026-09-16,1cdec9f1eccc530c49b20f73615db7f4338cfd7f,AMD EPYC 9V74,BkTreeBenchmarks,"Radius=1, Shape=clustered",TreeWithinDistance,0.52
2026-09-16,1cdec9f1eccc530c49b20f73615db7f4338cfd7f,AMD EPYC 9V74,BkTreeBenchmarks,"Radius=1, Shape=uniform",LengthFilteredScan,1.0
2026-09-16,1cdec9f1eccc530c49b20f73615db7f4338cfd7f,AMD EPYC 9V74,BkTreeBenchmarks,"Radius=1, Shape=uniform",TreeWithinDistance,0.44
2026-09-16,1cdec9f1eccc530c49b20f73615db7f4338cfd7f,AMD EPYC 9V74,BkTreeBenchmarks,"Radius=2, Shape=clustered",LengthFilteredScan,1.0
2026-09-16,1cdec9f1eccc530c49b20f73615db7f4338cfd7f,AMD EPYC 9V74,BkTreeBenchmarks,"Radius=2, Shape=clustered",TreeWithinDistance,1.26
2026-09-16,1cdec9f1eccc530c49b20f73615db7f4338cfd7f,AMD EPYC 9V74,BkTreeBenchmarks,"Radius=2, Shape=uniform",LengthFilteredScan,1.0
2026-09-16,1cdec9f1eccc530c49b20f73615db7f4338cfd7f,AMD EPYC 9V74,BkTreeBenchmarks,"Radius=2, Shape=uniform",TreeWithinDistance,1.07
2026-09-16,1cdec9f1eccc530c49b20f73615db7f4338cfd7f,AMD EPYC 9V74,BkTreeBenchmarks,"Radius=3, Shape=clustered",LengthFilteredScan,1.0
2026-09-16,1cdec9f1eccc530c49b20f73615db7f4338cfd7f,AMD EPYC 9V74,BkTreeBenchmarks,"Radius=3, Shape=clustered",TreeWithinDistance,1.38
2026-09-16,1cdec9f1eccc530c49b20f73615db7f4338cfd7f,AMD EPYC 9V74,BkTreeBenchmarks,"Radius=3, Shape=uniform",LengthFilteredScan,1.0
2026-09-16,1cdec9f1eccc530c49b20f73615db7f4338cfd7f,AMD EPYC 9V74,BkTreeBenchmarks,"Radius=3, Shape=uniform",TreeWithinDistance,1.27
2026-09-16,1cdec9f1eccc530c49b20f73615db7f4338cfd7f,AMD EPYC 9V74,BkTreeBenchmarks,"Radius=4, Shape=clustered",LengthFilteredScan,1.0
2026-09-16,1cdec9f1eccc530c49b20f73615db7f4338cfd7f,AMD EPYC 9V74,BkTreeBenchmarks,"Radius=4, Shape=clustered",TreeWithinDistance,1.39
2026-09-16,1cdec9f1eccc530c49b20f73615db7f4338cfd7f,AMD EPYC 9V74,BkTreeBenchmarks,"Radius=4, Shape=uniform",LengthFilteredScan,1.0
2026-09-16,1cdec9f1eccc530c49b20f73615db7f4338cfd7f,AMD EPYC 9V74,BkTreeBenchmarks,"Radius=4, Shape=uniform",TreeWithinDistance,1.35
2026-09-16,1cdec9f1eccc530c49b20f73615db7f4338cfd7f,AMD EPYC 9V74,BpeBenchmarks,,Unigram,1.0
2026-09-16,1cdec9f1eccc530c49b20f73615db7f4338cfd7f,AMD EPYC 9V74,BpeBenchmarks,,Bpe,2.64
2026-09-16,1cdec9f1eccc530c49b20f73615db7f4338cfd7f,AMD EPYC 9V74,DecompositionBenchmarks,,TruncatedSvd_Rank20,1.0
2026-09-16,1cdec9f1eccc530c49b20f73615db7f4338cfd7f,AMD EPYC 9V74,DecompositionBenchmarks,,Nmf_Rank20,7.08
2026-09-16,1cdec9f1eccc530c49b20f73615db7f4338cfd7f,AMD EPYC 9V74,DecompositionBenchmarks,,MlNet_ProjectToPrincipalComponents_Rank20,0.84
2026-09-16,1cdec9f1eccc530c49b20f73615db7f4338cfd7f,AMD EPYC 9V74,FuzzBenchmarks,,Ratio,1.0
2026-09-16,1cdec9f1eccc530c49b20f73615db7f4338cfd7f,AMD EPYC 9V74,FuzzBenchmarks,,PartialRatio,7.04
2026-09-16,1cdec9f1eccc530c49b20f73615db7f4338cfd7f,AMD EPYC 9V74,FuzzBenchmarks,,TokenSortRatio,9.41
2026-09-16,1cdec9f1eccc530c49b20f73615db7f4338cfd7f,AMD EPYC 9V74,FuzzBenchmarks,,TokenSetRatio,10.7
2026-09-16,1cdec9f1eccc530c49b20f73615db7f4338cfd7f,AMD EPYC 9V74,FuzzBenchmarks,,WRatio,20.49
2026-09-16,1cdec9f1eccc530c49b20f73615db7f4338cfd7f,AMD EPYC 9V74,FuzzIncumbentBenchmarks,Operation=Ratio,Lodestar,1.0
2026-09-16,1cdec9f1eccc530c49b20f73615db7f4338cfd7f,AMD EPYC 9V74,FuzzIncumbentBenchmarks,Operation=Ratio,FuzzySharp,2.16
2026-09-16,1cdec9f1eccc530c49b20f73615db7f4338cfd7f,AMD EPYC 9V74,FuzzIncumbentBenchmarks,Operation=PartialRatio,Lodestar,1.0
2026-09-16,1cdec9f1eccc530c49b20f73615db7f4338cfd7f,AMD EPYC 9V74,FuzzIncumbentBenchmarks,Operation=PartialRatio,FuzzySharp,13.16
2026-09-16,1cdec9f1eccc530c49b20f73615db7f4338cfd7f,AMD EPYC 9V74,FuzzIncumbentBenchmarks,Operation=TokenSetRatio,Lodestar,1.0
2026-09-16,1cdec9f1eccc530c49b20f73615db7f4338cfd7f,AMD EPYC 9V74,FuzzIncumbentBenchmarks,Operation=TokenSetRatio,FuzzySharp,1.7
2026-09-16,1cdec9f1eccc530c49b20f73615db7f4338cfd7f,AMD EPYC 9V74,FuzzIncumbentBenchmarks,Operation=WRatio,Lodestar,1.0
2026-09-16,1cdec9f1eccc530c49b20f73615db7f4338cfd7f,AMD EPYC 9V74,FuzzIncumbentBenchmarks,Operation=WRatio,FuzzySharp,2.12
2026-09-16,1cdec9f1eccc530c49b20f73615db7f4338cfd7f,AMD EPYC 9V74,IndelBenchmarks,Length=8,Distance_Utf16,1.0
2026-09-16,1cdec9f1eccc530c49b20f73615db7f4338cfd7f,AMD EPYC 9V74,IndelBenchmarks,Length=8,Distance_CodePoint,1.21
2026-09-16,1cdec9f1eccc530c49b20f73615db7f4338cfd7f,AMD EPYC 9V74,IndelBenchmarks,Length=8,NormalizedSimilarity_Utf16,1.05
2026-09-16,1cdec9f1eccc530c49b20f73615db7f4338cfd7f,AMD EPYC 9V74,IndelBenchmarks,Length=8,SubsequenceLength_Utf16,1.05
2026-09-16,1cdec9f1eccc530c49b20f73615db7f4338cfd7f,AMD EPYC 9V74,IndelBenchmarks,Length=12,Distance_Utf16,1.0
2026-09-16,1cdec9f1eccc530c49b20f73615db7f4338cfd7f,AMD EPYC 9V74,IndelBenchmarks,Length=12,Distance_CodePoint,1.22
2026-09-16,1cdec9f1eccc530c49b20f73615db7f4338cfd7f,AMD EPYC 9V74,IndelBenchmarks,Length=12,NormalizedSimilarity_Utf16,1.01
2026-09-16,1cdec9f1eccc530c49b20f73615db7f4338cfd7f,AMD EPYC 9V74,IndelBenchmarks,Length=12,SubsequenceLength_Utf16,1.06
2026-09-16,1cdec9f1eccc530c49b20f73615db7f4338cfd7f,AMD EPYC 9V74,IndelBenchmarks,Length=16,Distance_Utf16,1.0
2026-09-16,1cdec9f1eccc530c49b20f73615db7f4338cfd7f,AMD EPYC 9V74,IndelBenchmarks,Length=16,Distance_CodePoint,1.17
2026-09-16,1cdec9f1eccc530c49b20f73615db7f4338cfd7f,AMD EPYC 9V74,IndelBenchmarks,Length=16,NormalizedSimilarity_Utf16,1.04
2026-09-16,1cdec9f1eccc530c49b20f73615db7f4338cfd7f,AMD EPYC 9V74,IndelBenchmarks,Length=16,SubsequenceLength_Utf16,1.01
2026-09-16,1cdec9f1eccc530c49b20f73615db7f4338cfd7f,AMD EPYC 9V74,IndelBenchmarks,Length=20,Distance_Utf16,1.0
2026-09-16,1cdec9f1eccc530c49b20f73615db7f4338cfd7f,AMD EPYC 9V74,IndelBenchmarks,Length=20,Distance_CodePoint,1.15
2026-09-16,1cdec9f1eccc530c49b20f73615db7f4338cfd7f,AMD EPYC 9V74,IndelBenchmarks,Length=20,NormalizedSimilarity_Utf16,1.0
2026-09-16,1cdec9f1eccc530c49b20f73615db7f4338cfd7f,AMD EPYC 9V74,IndelBenchmarks,Length=20,SubsequenceLength_Utf16,0.9
2026-09-16,1cdec9f1eccc530c49b20f73615db7f4338cfd7f,AMD EPYC 9V74,IndelBenchmarks,Length=24,Distance_Utf16,1.0
2026-09-16,1cdec9f1eccc530c49b20f73615db7f4338cfd7f,AMD EPYC 9V74,IndelBenchmarks,Length=24,Distance_CodePoint,1.13
2026-09-16,1cdec9f1eccc530c49b20f73615db7f4338cfd7f,AMD EPYC 9V74,IndelBenchmarks,Length=24,NormalizedSimilarity_Utf16,0.96
2026-09-16,1cdec9f1eccc530c49b20f73615db7f4338cfd7f,AMD EPYC 9V74,IndelBenchmarks,Length=24,SubsequenceLength_Utf16,0.87
2026-09-16,1cdec9f1eccc530c49b20f73615db7f4338cfd7f,AMD EPYC 9V74,IndelBenchmarks,Length=32,Distance_Utf16,1.0
2026-09-16,1cdec9f1eccc530c49b20f73615db7f4338cfd7f,AMD EPYC 9V74,IndelBenchmarks,Length=32,Distance_CodePoint,1.08
2026-09-16,1cdec9f1eccc530c49b20f73615db7f4338cfd7f,AMD EPYC 9V74,IndelBenchmarks,Length=32,NormalizedSimilarity_Utf16,1.07
2026-09-16,1cdec9f1eccc530c49b20f73615db7f4338cfd7f,AMD EPYC 9V74,IndelBenchmarks,Length=32,SubsequenceLength_Utf16,0.96
2026-09-16,1cdec9f1eccc530c49b20f73615db7f4338cfd7f,AMD EPYC 9V74,IndelBenchmarks,Length=128,Distance_Utf16,1.0
2026-09-16,1cdec9f1eccc530c49b20f73615db7f4338cfd7f,AMD EPYC 9V74,IndelBenchmarks,Length=128,Distance_CodePoint,1.05
2026-09-16,1cdec9f1eccc530c49b20f73615db7f4338cfd7f,AMD EPYC 9V74,IndelBenchmarks,Length=128,NormalizedSimilarity_Utf16,1.01
2026-09-16,1cdec9f1eccc530c49b20f73615db7f4338cfd7f,AMD EPYC 9V74,IndelBenchmarks,Length=128,SubsequenceLength_Utf16,1.0
2026-09-16,1cdec9f1eccc530c49b20f73615db7f4338cfd7f,AMD EPYC 9V74,IndelBenchmarks,Length=512,Distance_Utf16,1.0
2026-09-16,1cdec9f1eccc530c49b20f73615db7f4338cfd7f,AMD EPYC 9V74,IndelBenchmarks,Length=512,Distance_CodePoint,1.08
2026-09-16,1cdec9f1eccc530c49b20f73615db7f4338cfd7f,AMD EPYC 9V74,IndelBenchmarks,Length=512,NormalizedSimilarity_Utf16,1.02
2026-09-16,1cdec9f1eccc530c49b20f73615db7f4338cfd7f,AMD EPYC 9V74,IndelBenchmarks,Length=512,SubsequenceLength_Utf16,1.06
2026-09-16,1cdec9f1eccc530c49b20f73615db7f4338cfd7f,AMD EPYC 9V74,IndelCodePointBenchmarks,Length=20,Distance_CodePoint,1.0
2026-09-16,1cdec9f1eccc530c49b20f73615db7f4338cfd7f,AMD EPYC 9V74,IndelCodePointBenchmarks,Length=20,Distance_Utf16,0.44
2026-09-16,1cdec9f1eccc530c49b20f73615db7f4338cfd7f,AMD EPYC 9V74,IndelCodePointBenchmarks,Length=128,Distance_CodePoint,1.0
2026-09-16,1cdec9f1eccc530c49b20f73615db7f4338cfd7f,AMD EPYC 9V74,IndelCodePointBenchmarks,Length=128,Distance_Utf16,2.06
2026-09-16,1cdec9f1eccc530c49b20f73615db7f4338cfd7f,AMD EPYC 9V74,IndelCodePointBenchmarks,Length=512,Distance_CodePoint,1.0
2026-09-16,1cdec9f1eccc530c49b20f73615db7f4338cfd7f,AMD EPYC 9V74,IndelCodePointBenchmarks,Length=512,Distance_Utf16,2.72
2026-09-16,1cdec9f1eccc530c49b20f73615db7f4338cfd7f,AMD EPYC 9V74,KMeansFitIncumbentBenchmarks,Shape=10000x16x16,Lodestar_Fit,1.0
2026-09-16,1cdec9f1eccc530c49b20f73615db7f4338cfd7f,AMD EPYC 9V74,KMeansFitIncumbentBenchmarks,Shape=10000x16x16,NumFlat_Fit,5.5
2026-09-16,1cdec9f1eccc530c49b20f73615db7f4338cfd7f,AMD EPYC 9V74,KMeansFitIncumbentBenchmarks,Shape=10000x16x16,MetaNumerics_Fit,13.87
2026-09-16,1cdec9f1eccc530c49b20f73615db7f4338cfd7f,AMD EPYC 9V74,KMeansFitIncumbentBenchmarks,Shape=10000x2x8,Lodestar_Fit,1.0
2026-09-16,1cdec9f1eccc530c49b20f73615db7f4338cfd7f,AMD EPYC 9V74,KMeansFitIncumbentBenchmarks,Shape=10000x2x8,NumFlat_Fit,7.6
2026-09-16,1cdec9f1eccc530c49b20f73615db7f4338cfd7f,AMD EPYC 9V74,KMeansFitIncumbentBenchmarks,Shape=10000x2x8,MetaNumerics_Fit,4.03
2026-09-16,1cdec9f1eccc530c49b20f73615db7f4338cfd7f,AMD EPYC 9V74,KMeansFitIncumbentBenchmarks,Shape=50000x8x32,Lodestar_Fit,1.0
2026-09-16,1cdec9f1eccc530c49b20f73615db7f4338cfd7f,AMD EPYC 9V74,KMeansFitIncumbentBenchmarks,Shape=50000x8x32,NumFlat_Fit,13.07
2026-09-16,1cdec9f1eccc530c49b20f73615db7f4338cfd7f,AMD EPYC 9V74,KMeansFitIncumbentBenchmarks,Shape=50000x8x32,MetaNumerics_Fit,20.51
2026-09-16,1cdec9f1eccc530c49b20f73615db7f4338cfd7f,AMD EPYC 9V74,KMeansLloydIncumbentBenchmarks,Shape=10000x16x16,Lodestar_Lloyd,1.0
2026-09-16,1cdec9f1eccc530c49b20f73615db7f4338cfd7f,AMD EPYC 9V74,KMeansLloydIncumbentBenchmarks,Shape=10000x16x16,NumFlat_Lloyd,1.52
2026-09-16,1cdec9f1eccc530c49b20f73615db7f4338cfd7f,AMD EPYC 9V74,KMeansLloydIncumbentBenchmarks,Shape=10000x2x8,Lodestar_Lloyd,1.0
2026-09-16,1cdec9f1eccc530c49b20f73615db7f4338cfd7f,AMD EPYC 9V74,KMeansLloydIncumbentBenchmarks,Shape=10000x2x8,NumFlat_Lloyd,3.88
2026-09-16,1cdec9f1eccc530c49b20f73615db7f4338cfd7f,AMD EPYC 9V74,KMeansLloydIncumbentBenchmarks,Shape=50000x8x32,Lodestar_Lloyd,1.01
2026-09-16,1cdec9f1eccc530c49b20f73615db7f4338cfd7f,AMD EPYC 9V74,KMeansLloydIncumbentBenchmarks,Shape=50000x8x32,NumFlat_Lloyd,2.11
2026-09-16,1cdec9f1eccc530c49b20f73615db7f4338cfd7f,AMD EPYC 9V74,LcsGateBenchmarks,Band=8,Dp,1.0
2026-09-16,1cdec9f1eccc530c49b20f73615db7f4338cfd7f,AMD EPYC 9V74,LcsGateBenchmarks,Band=8,Kernel,0.48
2026-09-16,1cdec9f1eccc530c49b20f73615db7f4338cfd7f,AMD EPYC 9V74,LcsGateBenchmarks,Band=8,Dp_Cjk,1.0
2026-09-16,1cdec9f1eccc530c49b20f73615db7f4338cfd7f,AMD EPYC 9V74,LcsGateBenchmarks,Band=8,Kernel_Cjk,0.82
2026-09-16,1cdec9f1eccc530c49b20f73615db7f4338cfd7f,AMD EPYC 9V74,LcsGateBenchmarks,Band=12,Dp,1.0
2026-09-16,1cdec9f1eccc530c49b20f73615db7f4338cfd7f,AMD EPYC 9V74,LcsGateBenchmarks,Band=12,Kernel,0.31
2026-09-16,1cdec9f1eccc530c49b20f73615db7f4338cfd7f,AMD EPYC 9V74,LcsGateBenchmarks,Band=12,Dp_Cjk,0.99
2026-09-16,1cdec9f1eccc530c49b20f73615db7f4338cfd7f,AMD EPYC 9V74,LcsGateBenchmarks,Band=12,Kernel_Cjk,0.56
2026-09-16,1cdec9f1eccc530c49b20f73615db7f4338cfd7f,AMD EPYC 9V74,LcsGateBenchmarks,Band=14,Dp,1.0
2026-09-16,1cdec9f1eccc530c49b20f73615db7f4338cfd7f,AMD EPYC 9V74,LcsGateBenchmarks,Band=14,Kernel,0.31
2026-09-16,1cdec9f1eccc530c49b20f73615db7f4338cfd7f,AMD EPYC 9V74,LcsGateBenchmarks,Band=14,Dp_Cjk,0.96
2026-09-16,1cdec9f1eccc530c49b20f73615db7f4338cfd7f,AMD EPYC 9V74,LcsGateBenchmarks,Band=14,Kernel_Cjk,0.43
2026-09-16,1cdec9f1eccc530c49b20f73615db7f4338cfd7f,AMD EPYC 9V74,LcsGateBenchmarks,Band=16,Dp,1.0
2026-09-16,1cdec9f1eccc530c49b20f73615db7f4338cfd7f,AMD EPYC 9V74,LcsGateBenchmarks,Band=16,Kernel,0.23
2026-09-16,1cdec9f1eccc530c49b20f73615db7f4338cfd7f,AMD EPYC 9V74,LcsGateBenchmarks,Band=16,Dp_Cjk,1.0
2026-09-16,1cdec9f1eccc530c49b20f73615db7f4338cfd7f,AMD EPYC 9V74,LcsGateBenchmarks,Band=16,Kernel_Cjk,0.39
2026-09-16,1cdec9f1eccc530c49b20f73615db7f4338cfd7f,AMD EPYC 9V74,LcsGateBenchmarks,Band=18,Dp,1.0
2026-09-16,1cdec9f1eccc530c49b20f73615db7f4338cfd7f,AMD EPYC 9V74,LcsGateBenchmarks,Band=18,Kernel,0.13
2026-09-16,1cdec9f1eccc530c49b20f73615db7f4338cfd7f,AMD EPYC 9V74,LcsGateBenchmarks,Band=18,Dp_Cjk,0.97
2026-09-16,1cdec9f1eccc530c49b20f73615db7f4338cfd7f,AMD EPYC 9V74,LcsGateBenchmarks,Band=18,Kernel_Cjk,0.21
2026-09-16,1cdec9f1eccc530c49b20f73615db7f4338cfd7f,AMD EPYC 9V74,LcsGateBenchmarks,Band=20,Dp,1.0
2026-09-16,1cdec9f1eccc530c49b20f73615db7f4338cfd7f,AMD EPYC 9V74,LcsGateBenchmarks,Band=20,Kernel,0.11
2026-09-16,1cdec9f1eccc530c49b20f73615db7f4338cfd7f,AMD EPYC 9V74,LcsGateBenchmarks,Band=20,Dp_Cjk,1.0
2026-09-16,1cdec9f1eccc530c49b20f73615db7f4338cfd7f,AMD EPYC 9V74,LcsGateBenchmarks,Band=20,Kernel_Cjk,0.18
2026-09-16,1cdec9f1eccc530c49b20f73615db7f4338cfd7f,AMD EPYC 9V74,LcsGateBenchmarks,Band=24,Dp,1.0
2026-09-16,1cdec9f1eccc530c49b20f73615db7f4338cfd7f,AMD EPYC 9V74,LcsGateBenchmarks,Band=24,Kernel,0.1
2026-09-16,1cdec9f1eccc530c49b20f73615db7f4338cfd7f,AMD EPYC 9V74,LcsGateBenchmarks,Band=24,Dp_Cjk,1.01
2026-09-16,1cdec9f1eccc530c49b20f73615db7f4338cfd7f,AMD EPYC 9V74,LcsGateBenchmarks,Band=24,Kernel_Cjk,0.16
2026-09-16,1cdec9f1eccc530c49b20f73615db7f4338cfd7f,AMD EPYC 9V74,LcsGateBenchmarks,Band=32,Dp,1.0
2026-09-16,1cdec9f1eccc530c49b20f73615db7f4338cfd7f,AMD EPYC 9V74,LcsGateBenchmarks,Band=32,Kernel,0.07
2026-09-16,1cdec9f1eccc530c49b20f73615db7f4338cfd7f,AMD EPYC 9V74,LcsGateBenchmarks,Band=32,Dp_Cjk,1.01
2026-09-16,1cdec9f1eccc530c49b20f73615db7f4338cfd7f,AMD EPYC 9V74,LcsGateBenchmarks,Band=32,Kernel_Cjk,0.11
2026-09-16,1cdec9f1eccc530c49b20f73615db7f4338cfd7f,AMD EPYC 9V74,LcsGateBenchmarks,Band=48,Dp,1.0
2026-09-16,1cdec9f1eccc530c49b20f73615db7f4338cfd7f,AMD EPYC 9V74,LcsGateBenchmarks,Band=48,Kernel,0.04
2026-09-16,1cdec9f1eccc530c49b20f73615db7f4338cfd7f,AMD EPYC 9V74,LcsGateBenchmarks,Band=48,Dp_Cjk,1.01
2026-09-16,1cdec9f1eccc530c49b20f73615db7f4338cfd7f,AMD EPYC 9V74,LcsGateBenchmarks,Band=48,Kernel_Cjk,0.08
2026-09-16,1cdec9f1eccc530c49b20f73615db7f4338cfd7f,AMD EPYC 9V74,LcsGateBenchmarks,Band=64,Dp,1.0
2026-09-16,1cdec9f1eccc530c49b20f73615db7f4338cfd7f,AMD EPYC 9V74,LcsGateBenchmarks,Band=64,Kernel,0.03
2026-09-16,1cdec9f1eccc530c49b20f73615db7f4338cfd7f,AMD EPYC 9V74,LcsGateBenchmarks,Band=64,Dp_Cjk,1.02
2026-09-16,1cdec9f1eccc530c49b20f73615db7f4338cfd7f,AMD EPYC 9V74,LcsGateBenchmarks,Band=64,Kernel_Cjk,0.06
2026-09-16,1cdec9f1eccc530c49b20f73615db7f4338cfd7f,AMD EPYC 9V74,LcsGateBenchmarks,Band=96,Dp,1.0
2026-09-16,1cdec9f1eccc530c49b20f73615db7f4338cfd7f,AMD EPYC 9V74,LcsGateBenchmarks,Band=96,Kernel,0.03
2026-09-16,1cdec9f1eccc530c49b20f73615db7f4338cfd7f,AMD EPYC 9V74,LcsGateBenchmarks,Band=96,Dp_Cjk,0.98
2026-09-16,1cdec9f1eccc530c49b20f73615db7f4338cfd7f,AMD EPYC 9V74,LcsGateBenchmarks,Band=96,Kernel_Cjk,0.08
2026-09-16,1cdec9f1eccc530c49b20f73615db7f4338cfd7f,AMD EPYC 9V74,LevenshteinBenchmarks,Length=8,Distance_Utf16,1.0
2026-09-16,1cdec9f1eccc530c49b20f73615db7f4338cfd7f,AMD EPYC 9V74,LevenshteinBenchmarks,Length=8,Distance_Utf16_Cjk,0.97
2026-09-16,1cdec9f1eccc530c49b20f73615db7f4338cfd7f,AMD EPYC 9V74,LevenshteinBenchmarks,Length=8,Distance_CodePoint,4.54
2026-09-16,1cdec9f1eccc530c49b20f73615db7f4338cfd7f,AMD EPYC 9V74,LevenshteinBenchmarks,Length=8,NormalizedSimilarity_Utf16,0.99
2026-09-16,1cdec9f1eccc530c49b20f73615db7f4338cfd7f,AMD EPYC 9V74,LevenshteinBenchmarks,Length=64,Distance_Utf16,1.0
2026-09-16,1cdec9f1eccc530c49b20f73615db7f4338cfd7f,AMD EPYC 9V74,LevenshteinBenchmarks,Length=64,Distance_Utf16_Cjk,1.29
2026-09-16,1cdec9f1eccc530c49b20f73615db7f4338cfd7f,AMD EPYC 9V74,LevenshteinBenchmarks,Length=64,Distance_CodePoint,2.29
2026-09-16,1cdec9f1eccc530c49b20f73615db7f4338cfd7f,AMD EPYC 9V74,LevenshteinBenchmarks,Length=64,NormalizedSimilarity_Utf16,1.0
2026-09-16,1cdec9f1eccc530c49b20f73615db7f4338cfd7f,AMD EPYC 9V74,LevenshteinBenchmarks,Length=128,Distance_Utf16,1.0
2026-09-16,1cdec9f1eccc530c49b20f73615db7f4338cfd7f,AMD EPYC 9V74,LevenshteinBenchmarks,Length=128,Distance_Utf16_Cjk,1.94
2026-09-16,1cdec9f1eccc530c49b20f73615db7f4338cfd7f,AMD EPYC 9V74,LevenshteinBenchmarks,Length=128,Distance_CodePoint,1.72
2026-09-16,1cdec9f1eccc530c49b20f73615db7f4338cfd7f,AMD EPYC 9V74,LevenshteinBenchmarks,Length=128,NormalizedSimilarity_Utf16,1.0
2026-09-16,1cdec9f1eccc530c49b20f73615db7f4338cfd7f,AMD EPYC 9V74,LevenshteinBenchmarks,Length=512,Distance_Utf16,1.0
2026-09-16,1cdec9f1eccc530c49b20f73615db7f4338cfd7f,AMD EPYC 9V74,LevenshteinBenchmarks,Length=512,Distance_Utf16_Cjk,1.46
2026-09-16,1cdec9f1eccc530c49b20f73615db7f4338cfd7f,AMD EPYC 9V74,LevenshteinBenchmarks,Length=512,Distance_CodePoint,1.2
2026-09-16,1cdec9f1eccc530c49b20f73615db7f4338cfd7f,AMD EPYC 9V74,LevenshteinBenchmarks,Length=512,NormalizedSimilarity_Utf16,1.01
2026-09-16,1cdec9f1eccc530c49b20f73615db7f4338cfd7f,AMD EPYC 9V74,LevenshteinCodePointBenchmarks,"Length=16, Distinct=32",Distance_CodePoint,1.0
2026-09-16,1cdec9f1eccc530c49b20f73615db7f4338cfd7f,AMD EPYC 9V74,LevenshteinCodePointBenchmarks,"Length=16, Distinct=32",Distance_Utf16,0.71
2026-09-16,1cdec9f1eccc530c49b20f73615db7f4338cfd7f,AMD EPYC 9V74,LevenshteinCodePointBenchmarks,"Length=16, Distinct=512",Distance_CodePoint,1.0
2026-09-16,1cdec9f1eccc530c49b20f73615db7f4338cfd7f,AMD EPYC 9V74,LevenshteinCodePointBenchmarks,"Length=16, Distinct=512",Distance_Utf16,0.66
2026-09-16,1cdec9f1eccc530c49b20f73615db7f4338cfd7f,AMD EPYC 9V74,LevenshteinCodePointBenchmarks,"Length=24, Distinct=32",Distance_CodePoint,1.0
2026-09-16,1cdec9f1eccc530c49b20f73615db7f4338cfd7f,AMD EPYC 9V74,LevenshteinCodePointBenchmarks,"Length=24, Distinct=32",Distance_Utf16,0.77
2026-09-16,1cdec9f1eccc530c49b20f73615db7f4338cfd7f,AMD EPYC 9V74,LevenshteinCodePointBenchmarks,"Length=24, Distinct=512",Distance_CodePoint,1.0
2026-09-16,1cdec9f1eccc530c49b20f73615db7f4338cfd7f,AMD EPYC 9V74,LevenshteinCodePointBenchmarks,"Length=24, Distinct=512",Distance_Utf16,0.79
2026-09-16,1cdec9f1eccc530c49b20f73615db7f4338cfd7f,AMD EPYC 9V74,LevenshteinCodePointBenchmarks,"Length=32, Distinct=32",Distance_CodePoint,1.0
2026-09-16,1cdec9f1eccc530c49b20f73615db7f4338cfd7f,AMD EPYC 9V74,LevenshteinCodePointBenchmarks,"Length=32, Distinct=32",Distance_Utf16,0.83
2026-09-16,1cdec9f1eccc530c49b20f73615db7f4338cfd7f,AMD EPYC 9V74,LevenshteinCodePointBenchmarks,"Length=32, Distinct=512",Distance_CodePoint,1.0
2026-09-16,1cdec9f1eccc530c49b20f73615db7f4338cfd7f,AMD EPYC 9V74,LevenshteinCodePointBenchmarks,"Length=32, Distinct=512",Distance_Utf16,0.83
2026-09-16,1cdec9f1eccc530c49b20f73615db7f4338cfd7f,AMD EPYC 9V74,LevenshteinCodePointBenchmarks,"Length=40, Distinct=32",Distance_CodePoint,1.0
2026-09-16,1cdec9f1eccc530c49b20f73615db7f4338cfd7f,AMD EPYC 9V74,LevenshteinCodePointBenchmarks,"Length=40, Distinct=32",Distance_Utf16,2.13
2026-09-16,1cdec9f1eccc530c49b20f73615db7f4338cfd7f,AMD EPYC 9V74,LevenshteinCodePointBenchmarks,"Length=40, Distinct=512",Distance_CodePoint,1.0
2026-09-16,1cdec9f1eccc530c49b20f73615db7f4338cfd7f,AMD EPYC 9V74,LevenshteinCodePointBenchmarks,"Length=40, Distinct=512",Distance_Utf16,2.05
2026-09-16,1cdec9f1eccc530c49b20f73615db7f4338cfd7f,AMD EPYC 9V74,LevenshteinCodePointBenchmarks,"Length=128, Distinct=32",Distance_CodePoint,1.0
2026-09-16,1cdec9f1eccc530c49b20f73615db7f4338cfd7f,AMD EPYC 9V74,LevenshteinCodePointBenchmarks,"Length=128, Distinct=32",Distance_Utf16,2.89
2026-09-16,1cdec9f1eccc530c49b20f73615db7f4338cfd7f,AMD EPYC 9V74,LevenshteinCodePointBenchmarks,"Length=128, Distinct=512",Distance_CodePoint,1.0
2026-09-16,1cdec9f1eccc530c49b20f73615db7f4338cfd7f,AMD EPYC 9V74,LevenshteinCodePointBenchmarks,"Length=128, Distinct=512",Distance_Utf16,2.77
2026-09-16,1cdec9f1eccc530c49b20f73615db7f4338cfd7f,AMD EPYC 9V74,LevenshteinCodePointBenchmarks,"Length=512, Distinct=32",Distance_CodePoint,1.0
2026-09-16,1cdec9f1eccc530c49b20f73615db7f4338cfd7f,AMD EPYC 9V74,LevenshteinCodePointBenchmarks,"Length=512, Distinct=32",Distance_Utf16,4.22
2026-09-16,1cdec9f1eccc530c49b20f73615db7f4338cfd7f,AMD EPYC 9V74,LevenshteinCodePointBenchmarks,"Length=512, Distinct=512",Distance_CodePoint,1.0
2026-09-16,1cdec9f1eccc530c49b20f73615db7f4338cfd7f,AMD EPYC 9V74,LevenshteinCodePointBenchmarks,"Length=512, Distinct=512",Distance_Utf16,0.15
2026-09-16,1cdec9f1eccc530c49b20f73615db7f4338cfd7f,AMD EPYC 9V74,LevenshteinIncumbentBenchmarks,Length=8,Lodestar,1.0
2026-09-16,1cdec9f1eccc530c49b20f73615db7f4338cfd7f,AMD EPYC 9V74,LevenshteinIncumbentBenchmarks,Length=8,Fastenshtein,2.99
2026-09-16,1cdec9f1eccc530c49b20f73615db7f4338cfd7f,AMD EPYC 9V74,LevenshteinIncumbentBenchmarks,Length=8,Quickenshtein,2.95
2026-09-16,1cdec9f1eccc530c49b20f73615db7f4338cfd7f,AMD EPYC 9V74,LevenshteinIncumbentBenchmarks,Length=8,F23_StringSimilarity,6.34
2026-09-16,1cdec9f1eccc530c49b20f73615db7f4338cfd7f,AMD EPYC 9V74,LevenshteinIncumbentBenchmarks,Length=64,Lodestar,1.0
2026-09-16,1cdec9f1eccc530c49b20f73615db7f4338cfd7f,AMD EPYC 9V74,LevenshteinIncumbentBenchmarks,Length=64,Fastenshtein,18.49
2026-09-16,1cdec9f1eccc530c49b20f73615db7f4338cfd7f,AMD EPYC 9V74,LevenshteinIncumbentBenchmarks,Length=64,Quickenshtein,4.04
2026-09-16,1cdec9f1eccc530c49b20f73615db7f4338cfd7f,AMD EPYC 9V74,LevenshteinIncumbentBenchmarks,Length=64,F23_StringSimilarity,29.03
2026-09-16,1cdec9f1eccc530c49b20f73615db7f4338cfd7f,AMD EPYC 9V74,LevenshteinIncumbentBenchmarks,Length=512,Lodestar,1.0
2026-09-16,1cdec9f1eccc530c49b20f73615db7f4338cfd7f,AMD EPYC 9V74,LevenshteinIncumbentBenchmarks,Length=512,Fastenshtein,30.7
2026-09-16,1cdec9f1eccc530c49b20f73615db7f4338cfd7f,AMD EPYC 9V74,LevenshteinIncumbentBenchmarks,Length=512,Quickenshtein,2.91
2026-09-16,1cdec9f1eccc530c49b20f73615db7f4338cfd7f,AMD EPYC 9V74,LevenshteinIncumbentBenchmarks,Length=512,F23_StringSimilarity,60.22
2026-09-16,1cdec9f1eccc530c49b20f73615db7f4338cfd7f,AMD EPYC 9V74,MetricsIncumbentBenchmarks,"Samples=100000, Request=Bundle",Lodestar,1.0
2026-09-16,1cdec9f1eccc530c49b20f73615db7f4338cfd7f,AMD EPYC 9V74,MetricsIncumbentBenchmarks,"Samples=100000, Request=Bundle",MlNet,4.93
2026-09-16,1cdec9f1eccc530c49b20f73615db7f4338cfd7f,AMD EPYC 9V74,MetricsIncumbentBenchmarks,"Samples=100000, Request=AccuracyAlone",Lodestar,1.0
2026-09-16,1cdec9f1eccc530c49b20f73615db7f4338cfd7f,AMD EPYC 9V74,MetricsIncumbentBenchmarks,"Samples=100000, Request=AccuracyAlone",MlNet,329.5
2026-09-16,1cdec9f1eccc530c49b20f73615db7f4338cfd7f,AMD EPYC 9V74,MetricsIncumbentBenchmarks,"Samples=1000000, Request=Bundle",Lodestar,1.0
2026-09-16,1cdec9f1eccc530c49b20f73615db7f4338cfd7f,AMD EPYC 9V74,MetricsIncumbentBenchmarks,"Samples=1000000, Request=Bundle",MlNet,2.16
2026-09-16,1cdec9f1eccc530c49b20f73615db7f4338cfd7f,AMD EPYC 9V74,MetricsIncumbentBenchmarks,"Samples=1000000, Request=AccuracyAlone",Lodestar,1.0
2026-09-16,1cdec9f1eccc530c49b20f73615db7f4338cfd7f,AMD EPYC 9V74,MetricsIncumbentBenchmarks,"Samples=1000000, Request=AccuracyAlone",MlNet,87.84
2026-09-16,1cdec9f1eccc530c49b20f73615db7f4338cfd7f,AMD EPYC 9V74,MyersGateBenchmarks,Band=4,Dp,1.0
2026-09-16,1cdec9f1eccc530c49b20f73615db7f4338cfd7f,AMD EPYC 9V74,MyersGateBenchmarks,Band=4,Kernel,0.96
2026-09-16,1cdec9f1eccc530c49b20f73615db7f4338cfd7f,AMD EPYC 9V74,MyersGateBenchmarks,Band=4,Dp_Cjk,0.99
2026-09-16,1cdec9f1eccc530c49b20f73615db7f4338cfd7f,AMD EPYC 9V74,MyersGateBenchmarks,Band=4,Kernel_Cjk,0.97
2026-09-16,1cdec9f1eccc530c49b20f73615db7f4338cfd7f,AMD EPYC 9V74,MyersGateBenchmarks,Band=6,Dp,1.0
2026-09-16,1cdec9f1eccc530c49b20f73615db7f4338cfd7f,AMD EPYC 9V74,MyersGateBenchmarks,Band=6,Kernel,0.74
2026-09-16,1cdec9f1eccc530c49b20f73615db7f4338cfd7f,AMD EPYC 9V74,MyersGateBenchmarks,Band=6,Dp_Cjk,1.03
2026-09-16,1cdec9f1eccc530c49b20f73615db7f4338cfd7f,AMD EPYC 9V74,MyersGateBenchmarks,Band=6,Kernel_Cjk,1.22
2026-09-16,1cdec9f1eccc530c49b20f73615db7f4338cfd7f,AMD EPYC 9V74,MyersGateBenchmarks,Band=8,Dp,1.0
2026-09-16,1cdec9f1eccc530c49b20f73615db7f4338cfd7f,AMD EPYC 9V74,MyersGateBenchmarks,Band=8,Kernel,0.56
2026-09-16,1cdec9f1eccc530c49b20f73615db7f4338cfd7f,AMD EPYC 9V74,MyersGateBenchmarks,Band=8,Dp_Cjk,0.88
2026-09-16,1cdec9f1eccc530c49b20f73615db7f4338cfd7f,AMD EPYC 9V74,MyersGateBenchmarks,Band=8,Kernel_Cjk,1.04
2026-09-16,1cdec9f1eccc530c49b20f73615db7f4338cfd7f,AMD EPYC 9V74,MyersGateBenchmarks,Band=10,Dp,1.0
2026-09-16,1cdec9f1eccc530c49b20f73615db7f4338cfd7f,AMD EPYC 9V74,MyersGateBenchmarks,Band=10,Kernel,0.54
2026-09-16,1cdec9f1eccc530c49b20f73615db7f4338cfd7f,AMD EPYC 9V74,MyersGateBenchmarks,Band=10,Dp_Cjk,1.0
2026-09-16,1cdec9f1eccc530c49b20f73615db7f4338cfd7f,AMD EPYC 9V74,MyersGateBenchmarks,Band=10,Kernel_Cjk,0.85
2026-09-16,1cdec9f1eccc530c49b20f73615db7f4338cfd7f,AMD EPYC 9V74,MyersGateBenchmarks,Band=12,Dp,1.0
2026-09-16,1cdec9f1eccc530c49b20f73615db7f4338cfd7f,AMD EPYC 9V74,MyersGateBenchmarks,Band=12,Kernel,0.44
2026-09-16,1cdec9f1eccc530c49b20f73615db7f4338cfd7f,AMD EPYC 9V74,MyersGateBenchmarks,Band=12,Dp_Cjk,1.0
2026-09-16,1cdec9f1eccc530c49b20f73615db7f4338cfd7f,AMD EPYC 9V74,MyersGateBenchmarks,Band=12,Kernel_Cjk,0.66
2026-09-16,1cdec9f1eccc530c49b20f73615db7f4338cfd7f,AMD EPYC 9V74,MyersGateBenchmarks,Band=16,Dp,1.0
2026-09-16,1cdec9f1eccc530c49b20f73615db7f4338cfd7f,AMD EPYC 9V74,MyersGateBenchmarks,Band=16,Kernel,0.32
2026-09-16,1cdec9f1eccc530c49b20f73615db7f4338cfd7f,AMD EPYC 9V74,MyersGateBenchmarks,Band=16,Dp_Cjk,1.01
2026-09-16,1cdec9f1eccc530c49b20f73615db7f4338cfd7f,AMD EPYC 9V74,MyersGateBenchmarks,Band=16,Kernel_Cjk,0.46
2026-09-16,1cdec9f1eccc530c49b20f73615db7f4338cfd7f,AMD EPYC 9V74,MyersGateBenchmarks,Band=24,Dp,1.0
2026-09-16,1cdec9f1eccc530c49b20f73615db7f4338cfd7f,AMD EPYC 9V74,MyersGateBenchmarks,Band=24,Kernel,0.21
2026-09-16,1cdec9f1eccc530c49b20f73615db7f4338cfd7f,AMD EPYC 9V74,MyersGateBenchmarks,Band=24,Dp_Cjk,1.0
2026-09-16,1cdec9f1eccc530c49b20f73615db7f4338cfd7f,AMD EPYC 9V74,MyersGateBenchmarks,Band=24,Kernel_Cjk,0.29
2026-09-16,1cdec9f1eccc530c49b20f73615db7f4338cfd7f,AMD EPYC 9V74,MyersGateBenchmarks,Band=32,Dp,1.0
2026-09-16,1cdec9f1eccc530c49b20f73615db7f4338cfd7f,AMD EPYC 9V74,MyersGateBenchmarks,Band=32,Kernel,0.15
2026-09-16,1cdec9f1eccc530c49b20f73615db7f4338cfd7f,AMD EPYC 9V74,MyersGateBenchmarks,Band=32,Dp_Cjk,1.09
2026-09-16,1cdec9f1eccc530c49b20f73615db7f4338cfd7f,AMD EPYC 9V74,MyersGateBenchmarks,Band=32,Kernel_Cjk,0.2
2026-09-16,1cdec9f1eccc530c49b20f73615db7f4338cfd7f,AMD EPYC 9V74,MyersGateBenchmarks,Band=48,Dp,1.0
2026-09-16,1cdec9f1eccc530c49b20f73615db7f4338cfd7f,AMD EPYC 9V74,MyersGateBenchmarks,Band=48,Kernel,0.09
2026-09-16,1cdec9f1eccc530c49b20f73615db7f4338cfd7f,AMD EPYC 9V74,MyersGateBenchmarks,Band=48,Dp_Cjk,1.01
2026-09-16,1cdec9f1eccc530c49b20f73615db7f4338cfd7f,AMD EPYC 9V74,MyersGateBenchmarks,Band=48,Kernel_Cjk,0.12
2026-09-16,1cdec9f1eccc530c49b20f73615db7f4338cfd7f,AMD EPYC 9V74,MyersGateBenchmarks,Band=64,Dp,1.0
2026-09-16,1cdec9f1eccc530c49b20f73615db7f4338cfd7f,AMD EPYC 9V74,MyersGateBenchmarks,Band=64,Kernel,0.07
2026-09-16,1cdec9f1eccc530c49b20f73615db7f4338cfd7f,AMD EPYC 9V74,MyersGateBenchmarks,Band=64,Dp_Cjk,0.99
2026-09-16,1cdec9f1eccc530c49b20f73615db7f4338cfd7f,AMD EPYC 9V74,MyersGateBenchmarks,Band=64,Kernel_Cjk,0.09
2026-09-16,1cdec9f1eccc530c49b20f73615db7f4338cfd7f,AMD EPYC 9V74,MyersGateBenchmarks,Band=96,Dp,1.0
2026-09-16,1cdec9f1eccc530c49b20f73615db7f4338cfd7f,AMD EPYC 9V74,MyersGateBenchmarks,Band=96,Kernel,0.07
2026-09-16,1cdec9f1eccc530c49b20f73615db7f4338cfd7f,AMD EPYC 9V74,MyersGateBenchmarks,Band=96,Dp_Cjk,1.0
2026-09-16,1cdec9f1eccc530c49b20f73615db7f4338cfd7f,AMD EPYC 9V74,MyersGateBenchmarks,Band=96,Kernel_Cjk,0.13
2026-09-16,1cdec9f1eccc530c49b20f73615db7f4338cfd7f,AMD EPYC 9V74,PrincipalComponentVarianceBenchmarks,Shape=100x200,Lodestar_ExplainedVariance,1.0
2026-09-16,1cdec9f1eccc530c49b20f73615db7f4338cfd7f,AMD EPYC 9V74,PrincipalComponentVarianceBenchmarks,Shape=100x200,NumFlat_Pca,1.18
2026-09-16,1cdec9f1eccc530c49b20f73615db7f4338cfd7f,AMD EPYC 9V74,PrincipalComponentVarianceBenchmarks,Shape=2000x10,Lodestar_ExplainedVariance,1.0
2026-09-16,1cdec9f1eccc530c49b20f73615db7f4338cfd7f,AMD EPYC 9V74,PrincipalComponentVarianceBenchmarks,Shape=2000x10,NumFlat_Pca,1.37
2026-09-16,1cdec9f1eccc530c49b20f73615db7f4338cfd7f,AMD EPYC 9V74,PrincipalComponentVarianceBenchmarks,Shape=2000x50,Lodestar_ExplainedVariance,1.0
2026-09-16,1cdec9f1eccc530c49b20f73615db7f4338cfd7f,AMD EPYC 9V74,PrincipalComponentVarianceBenchmarks,Shape=2000x50,NumFlat_Pca,0.82
2026-09-16,1cdec9f1eccc530c49b20f73615db7f4338cfd7f,AMD EPYC 9V74,PrincipalComponentVarianceBenchmarks,Shape=200x10,Lodestar_ExplainedVariance,1.0
2026-09-16,1cdec9f1eccc530c49b20f73615db7f4338cfd7f,AMD EPYC 9V74,PrincipalComponentVarianceBenchmarks,Shape=200x10,NumFlat_Pca,1.04
2026-09-16,1cdec9f1eccc530c49b20f73615db7f4338cfd7f,AMD EPYC 9V74,TokenizerIncumbentBenchmarks,Model=WordPiece,Lodestar,1.0
2026-09-16,1cdec9f1eccc530c49b20f73615db7f4338cfd7f,AMD EPYC 9V74,TokenizerIncumbentBenchmarks,Model=WordPiece,MlTokenizers,1.5
2026-09-16,1cdec9f1eccc530c49b20f73615db7f4338cfd7f,AMD EPYC 9V74,TokenizerIncumbentBenchmarks,Model=SentencePiece,Lodestar,1.0
2026-09-16,1cdec9f1eccc530c49b20f73615db7f4338cfd7f,AMD EPYC 9V74,TokenizerIncumbentBenchmarks,Model=SentencePiece,MlTokenizers,1.23
2026-09-16,1cdec9f1eccc530c49b20f73615db7f4338cfd7f,AMD EPYC 9V74,TokenizerIncumbentBenchmarks,Model=ByteLevelBpe,Lodestar,1.0
2026-09-16,1cdec9f1eccc530c49b20f73615db7f4338cfd7f,AMD EPYC 9V74,TokenizerIncumbentBenchmarks,Model=ByteLevelBpe,MlTokenizers,3.11
2026-09-16,1cdec9f1eccc530c49b20f73615db7f4338cfd7f,AMD EPYC 9V74,VectorizerIncumbentBenchmarks,Documents=200,Lodestar,1.0
2026-09-16,1cdec9f1eccc530c49b20f73615db7f4338cfd7f,AMD EPYC 9V74,VectorizerIncumbentBenchmarks,Documents=200,MlNet,7.72
2026-09-16,1cdec9f1eccc530c49b20f73615db7f4338cfd7f,AMD EPYC 9V74,VectorizerIncumbentBenchmarks,Documents=1000,Lodestar,1.0
2026-09-16,1cdec9f1eccc530c49b20f73615db7f4338cfd7f,AMD EPYC 9V74,VectorizerIncumbentBenchmarks,Documents=1000,MlNet,12.88
2026-09-17,a5f400484df38ca0ec04247446d4e85df7013528,AMD EPYC 9V74,DistributionTailBenchmarks,,ChiSquaredSfOneDf,1.0
2026-09-17,a5f400484df38ca0ec04247446d4e85df7013528,AMD EPYC 9V74,DistributionTailBenchmarks,,ChiSquaredSfFourDf,0.41
2026-09-17,a5f400484df38ca0ec04247446d4e85df7013528,AMD EPYC 9V74,DistributionTailBenchmarks,,ChiSquaredSfThreeDfFarTail,1.19
2026-09-17,a5f400484df38ca0ec04247446d4e85df7013528,AMD EPYC 9V74,DistributionTailBenchmarks,,ChiSquaredSfHundredDf,2.56
2026-09-17,a5f400484df38ca0ec04247446d4e85df7013528,AMD EPYC 9V74,DistributionTailBenchmarks,,ChiSquaredSfFractionalDf,4.03
2026-09-17,a5f400484df38ca0ec04247446d4e85df7013528,AMD EPYC 9V74,DistributionTailBenchmarks,,NormalQuantile,3.89
2026-09-17,a5f400484df38ca0ec04247446d4e85df7013528,AMD EPYC 9V74,GlsBenchmarks,SampleSize=50,Lodestar_Gls,1.0
2026-09-17,a5f400484df38ca0ec04247446d4e85df7013528,AMD EPYC 9V74,GlsBenchmarks,SampleSize=50,MathNet_Gls,1.97
2026-09-17,a5f400484df38ca0ec04247446d4e85df7013528,AMD EPYC 9V74,GlsBenchmarks,SampleSize=200,Lodestar_Gls,1.0
2026-09-17,a5f400484df38ca0ec04247446d4e85df7013528,AMD EPYC 9V74,GlsBenchmarks,SampleSize=200,MathNet_Gls,2.91
2026-09-17,a5f400484df38ca0ec04247446d4e85df7013528,AMD EPYC 9V74,GlsBenchmarks,SampleSize=500,Lodestar_Gls,1.0
2026-09-17,a5f400484df38ca0ec04247446d4e85df7013528,AMD EPYC 9V74,GlsBenchmarks,SampleSize=500,MathNet_Gls,3.84
2026-09-17,a5f400484df38ca0ec04247446d4e85df7013528,AMD EPYC 9V74,GlsBenchmarks,SampleSize=1000,Lodestar_Gls,1.0
2026-09-17,a5f400484df38ca0ec04247446d4e85df7013528,AMD EPYC 9V74,GlsBenchmarks,SampleSize=1000,MathNet_Gls,2.95
2026-09-17,a5f400484df38ca0ec04247446d4e85df7013528,AMD EPYC 9V74,KsAutoBenchmarks,SampleSize=1000,Before_Asymptotic,1.0
2026-09-17,a5f400484df38ca0ec04247446d4e85df7013528,AMD EPYC 9V74,KsAutoBenchmarks,SampleSize=1000,After_Auto,1.08
2026-09-17,a5f400484df38ca0ec04247446d4e85df7013528,AMD EPYC 9V74,KsAutoBenchmarks,SampleSize=10000,Before_Asymptotic,1.0
2026-09-17,a5f400484df38ca0ec04247446d4e85df7013528,AMD EPYC 9V74,KsAutoBenchmarks,SampleSize=10000,After_Auto,0.76
2026-09-17,a5f400484df38ca0ec04247446d4e85df7013528,AMD EPYC 9V74,MetaNumericsStatsBenchmarks,SampleSize=100,Lodestar_StudentT,1.0
2026-09-17,a5f400484df38ca0ec04247446d4e85df7013528,AMD EPYC 9V74,MetaNumericsStatsBenchmarks,SampleSize=100,MetaNumerics_StudentT,2.89
2026-09-17,a5f400484df38ca0ec04247446d4e85df7013528,AMD EPYC 9V74,MetaNumericsStatsBenchmarks,SampleSize=100,Lodestar_MannWhitney,3.06
2026-09-17,a5f400484df38ca0ec04247446d4e85df7013528,AMD EPYC 9V74,MetaNumericsStatsBenchmarks,SampleSize=100,MetaNumerics_MannWhitney,4.53
2026-09-17,a5f400484df38ca0ec04247446d4e85df7013528,AMD EPYC 9V74,MetaNumericsStatsBenchmarks,SampleSize=100,Lodestar_KruskalWallis,8.24
2026-09-17,a5f400484df38ca0ec04247446d4e85df7013528,AMD EPYC 9V74,MetaNumericsStatsBenchmarks,SampleSize=100,MetaNumerics_KruskalWallis,10.97
2026-09-17,a5f400484df38ca0ec04247446d4e85df7013528,AMD EPYC 9V74,MetaNumericsStatsBenchmarks,SampleSize=100,Lodestar_KolmogorovSmirnov,2.94
2026-09-17,a5f400484df38ca0ec04247446d4e85df7013528,AMD EPYC 9V74,MetaNumericsStatsBenchmarks,SampleSize=100,MetaNumerics_KolmogorovSmirnov,4.56
2026-09-17,a5f400484df38ca0ec04247446d4e85df7013528,AMD EPYC 9V74,MetaNumericsStatsBenchmarks,SampleSize=100,Lodestar_OneWayAnova,1.19
2026-09-17,a5f400484df38ca0ec04247446d4e85df7013528,AMD EPYC 9V74,MetaNumericsStatsBenchmarks,SampleSize=100,MetaNumerics_OneWayAnova,4.11
2026-09-17,a5f400484df38ca0ec04247446d4e85df7013528,AMD EPYC 9V74,MetaNumericsStatsBenchmarks,SampleSize=100,Lodestar_Wilcoxon,1.22
2026-09-17,a5f400484df38ca0ec04247446d4e85df7013528,AMD EPYC 9V74,MetaNumericsStatsBenchmarks,SampleSize=100,MetaNumerics_Wilcoxon,1.22
2026-09-17,a5f400484df38ca0ec04247446d4e85df7013528,AMD EPYC 9V74,MetaNumericsStatsBenchmarks,SampleSize=100,Lodestar_FisherExact,0.52
2026-09-17,a5f400484df38ca0ec04247446d4e85df7013528,AMD EPYC 9V74,MetaNumericsStatsBenchmarks,SampleSize=100,MetaNumerics_FisherExact,1.74
2026-09-17,a5f400484df38ca0ec04247446d4e85df7013528,AMD EPYC 9V74,MetaNumericsStatsBenchmarks,SampleSize=100,Lodestar_ChiSquare,0.13
2026-09-17,a5f400484df38ca0ec04247446d4e85df7013528,AMD EPYC 9V74,MetaNumericsStatsBenchmarks,SampleSize=100,MetaNumerics_ChiSquare,0.78
2026-09-17,a5f400484df38ca0ec04247446d4e85df7013528,AMD EPYC 9V74,MetaNumericsStatsBenchmarks,SampleSize=10000,Lodestar_StudentT,1.0
2026-09-17,a5f400484df38ca0ec04247446d4e85df7013528,AMD EPYC 9V74,MetaNumericsStatsBenchmarks,SampleSize=10000,MetaNumerics_StudentT,4.836
2026-09-17,a5f400484df38ca0ec04247446d4e85df7013528,AMD EPYC 9V74,MetaNumericsStatsBenchmarks,SampleSize=10000,Lodestar_MannWhitney,10.69
2026-09-17,a5f400484df38ca0ec04247446d4e85df7013528,AMD EPYC 9V74,MetaNumericsStatsBenchmarks,SampleSize=10000,MetaNumerics_MannWhitney,55.807
2026-09-17,a5f400484df38ca0ec04247446d4e85df7013528,AMD EPYC 9V74,MetaNumericsStatsBenchmarks,SampleSize=10000,Lodestar_KruskalWallis,27.952
2026-09-17,a5f400484df38ca0ec04247446d4e85df7013528,AMD EPYC 9V74,MetaNumericsStatsBenchmarks,SampleSize=10000,MetaNumerics_KruskalWallis,96.354
2026-09-17,a5f400484df38ca0ec04247446d4e85df7013528,AMD EPYC 9V74,MetaNumericsStatsBenchmarks,SampleSize=10000,Lodestar_KolmogorovSmirnov,39.168
2026-09-17,a5f400484df38ca0ec04247446d4e85df7013528,AMD EPYC 9V74,MetaNumericsStatsBenchmarks,SampleSize=10000,MetaNumerics_KolmogorovSmirnov,59.125
2026-09-17,a5f400484df38ca0ec04247446d4e85df7013528,AMD EPYC 9V74,MetaNumericsStatsBenchmarks,SampleSize=10000,Lodestar_OneWayAnova,2.243
2026-09-17,a5f400484df38ca0ec04247446d4e85df7013528,AMD EPYC 9V74,MetaNumericsStatsBenchmarks,SampleSize=10000,MetaNumerics_OneWayAnova,7.24
2026-09-17,a5f400484df38ca0ec04247446d4e85df7013528,AMD EPYC 9V74,MetaNumericsStatsBenchmarks,SampleSize=10000,Lodestar_Wilcoxon,4.212
2026-09-17,a5f400484df38ca0ec04247446d4e85df7013528,AMD EPYC 9V74,MetaNumericsStatsBenchmarks,SampleSize=10000,MetaNumerics_Wilcoxon,5.026
2026-09-17,a5f400484df38ca0ec04247446d4e85df7013528,AMD EPYC 9V74,MetaNumericsStatsBenchmarks,SampleSize=10000,Lodestar_FisherExact,0.01
2026-09-17,a5f400484df38ca0ec04247446d4e85df7013528,AMD EPYC 9V74,MetaNumericsStatsBenchmarks,SampleSize=10000,MetaNumerics_FisherExact,0.035
2026-09-17,a5f400484df38ca0ec04247446d4e85df7013528,AMD EPYC 9V74,MetaNumericsStatsBenchmarks,SampleSize=10000,Lodestar_ChiSquare,0.003
2026-09-17,a5f400484df38ca0ec04247446d4e85df7013528,AMD EPYC 9V74,MetaNumericsStatsBenchmarks,SampleSize=10000,MetaNumerics_ChiSquare,0.016
2026-09-17,a5f400484df38ca0ec04247446d4e85df7013528,AMD EPYC 9V74,OlsBenchmarks,SampleSize=100,Lodestar_Ols,1.0
2026-09-17,a5f400484df38ca0ec04247446d4e85df7013528,AMD EPYC 9V74,OlsBenchmarks,SampleSize=100,Accord_Ols,35.25
2026-09-17,a5f400484df38ca0ec04247446d4e85df7013528,AMD EPYC 9V74,OlsBenchmarks,SampleSize=100,MathNet_Ols,4.46
2026-09-17,a5f400484df38ca0ec04247446d4e85df7013528,AMD EPYC 9V74,OlsBenchmarks,SampleSize=10000,Lodestar_Ols,1.0
2026-09-17,a5f400484df38ca0ec04247446d4e85df7013528,AMD EPYC 9V74,OlsBenchmarks,SampleSize=10000,Accord_Ols,9.69
2026-09-17,a5f400484df38ca0ec04247446d4e85df7013528,AMD EPYC 9V74,OlsBenchmarks,SampleSize=10000,MathNet_Ols,3.71
2026-09-17,a5f400484df38ca0ec04247446d4e85df7013528,AMD EPYC 9V74,QuantileBenchmarks,,NormalQuantile,1.0
2026-09-17,a5f400484df38ca0ec04247446d4e85df7013528,AMD EPYC 9V74,QuantileBenchmarks,,NormalQuantileFarTail,1.0
2026-09-17,a5f400484df38ca0ec04247446d4e85df7013528,AMD EPYC 9V74,QuantileBenchmarks,,StudentQuantile,7.52
2026-09-17,a5f400484df38ca0ec04247446d4e85df7013528,AMD EPYC 9V74,QuantileBenchmarks,,StudentQuantileCauchyFarTail,2.34
2026-09-17,a5f400484df38ca0ec04247446d4e85df7013528,AMD EPYC 9V74,SerialCorrelationBenchmarks,SampleSize=200,LodestarAutocorrelation,1.0
2026-09-17,a5f400484df38ca0ec04247446d4e85df7013528,AMD EPYC 9V74,SerialCorrelationBenchmarks,SampleSize=200,CortexAutocorrelation,2.7
2026-09-17,a5f400484df38ca0ec04247446d4e85df7013528,AMD EPYC 9V74,SerialCorrelationBenchmarks,SampleSize=200,LodestarPartialAutocorrelation,1.12
2026-09-17,a5f400484df38ca0ec04247446d4e85df7013528,AMD EPYC 9V74,SerialCorrelationBenchmarks,SampleSize=200,CortexPartialAutocorrelation,2.84
2026-09-17,a5f400484df38ca0ec04247446d4e85df7013528,AMD EPYC 9V74,SerialCorrelationBenchmarks,SampleSize=200,LodestarLjungBox,1.11
2026-09-17,a5f400484df38ca0ec04247446d4e85df7013528,AMD EPYC 9V74,SerialCorrelationBenchmarks,SampleSize=200,CortexLjungBox,2.73
2026-09-17,a5f400484df38ca0ec04247446d4e85df7013528,AMD EPYC 9V74,SerialCorrelationBenchmarks,SampleSize=2000,LodestarAutocorrelation,1.0
2026-09-17,a5f400484df38ca0ec04247446d4e85df7013528,AMD EPYC 9V74,SerialCorrelationBenchmarks,SampleSize=2000,CortexAutocorrelation,2.49
2026-09-17,a5f400484df38ca0ec04247446d4e85df7013528,AMD EPYC 9V74,SerialCorrelationBenchmarks,SampleSize=2000,LodestarPartialAutocorrelation,1.01
2026-09-17,a5f400484df38ca0ec04247446d4e85df7013528,AMD EPYC 9V74,SerialCorrelationBenchmarks,SampleSize=2000,CortexPartialAutocorrelation,2.51
2026-09-17,a5f400484df38ca0ec04247446d4e85df7013528,AMD EPYC 9V74,SerialCorrelationBenchmarks,SampleSize=2000,LodestarLjungBox,1.02
2026-09-17,a5f400484df38ca0ec04247446d4e85df7013528,AMD EPYC 9V74,SerialCorrelationBenchmarks,SampleSize=2000,CortexLjungBox,2.5
2026-09-17,a5f400484df38ca0ec04247446d4e85df7013528,AMD EPYC 9V74,StationarityBenchmarks,SampleSize=200,LodestarAugmentedDickeyFuller,1.0
2026-09-17,a5f400484df38ca0ec04247446d4e85df7013528,AMD EPYC 9V74,StationarityBenchmarks,SampleSize=200,LodestarAdfAutolag,4.47
2026-09-17,a5f400484df38ca0ec04247446d4e85df7013528,AMD EPYC 9V74,StationarityBenchmarks,SampleSize=200,CortexAugmentedDickeyFuller,5.04
2026-09-17,a5f400484df38ca0ec04247446d4e85df7013528,AMD EPYC 9V74,StationarityBenchmarks,SampleSize=200,LodestarKpss,0.71
2026-09-17,a5f400484df38ca0ec04247446d4e85df7013528,AMD EPYC 9V74,StationarityBenchmarks,SampleSize=200,CortexKpss,0.73
2026-09-17,a5f400484df38ca0ec04247446d4e85df7013528,AMD EPYC 9V74,StationarityBenchmarks,SampleSize=200,LodestarDecompose,0.25
2026-09-17,a5f400484df38ca0ec04247446d4e85df7013528,AMD EPYC 9V74,StationarityBenchmarks,SampleSize=200,CortexDecompose,0.47
2026-09-17,a5f400484df38ca0ec04247446d4e85df7013528,AMD EPYC 9V74,StationarityBenchmarks,SampleSize=2000,LodestarAugmentedDickeyFuller,1.0
2026-09-17,a5f400484df38ca0ec04247446d4e85df7013528,AMD EPYC 9V74,StationarityBenchmarks,SampleSize=2000,LodestarAdfAutolag,9.88
2026-09-17,a5f400484df38ca0ec04247446d4e85df7013528,AMD EPYC 9V74,StationarityBenchmarks,SampleSize=2000,CortexAugmentedDickeyFuller,3.25
2026-09-17,a5f400484df38ca0ec04247446d4e85df7013528,AMD EPYC 9V74,StationarityBenchmarks,SampleSize=2000,LodestarKpss,1.08
2026-09-17,a5f400484df38ca0ec04247446d4e85df7013528,AMD EPYC 9V74,StationarityBenchmarks,SampleSize=2000,CortexKpss,1.1
2026-09-17,a5f400484df38ca0ec04247446d4e85df7013528,AMD EPYC 9V74,StationarityBenchmarks,SampleSize=2000,LodestarDecompose,0.14
2026-09-17,a5f400484df38ca0ec04247446d4e85df7013528,AMD EPYC 9V74,StationarityBenchmarks,SampleSize=2000,CortexDecompose,0.27
2026-09-17,a5f400484df38ca0ec04247446d4e85df7013528,AMD EPYC 9V74,StatsBenchmarks,SampleSize=100,LodestarWelchT,1.0
2026-09-17,a5f400484df38ca0ec04247446d4e85df7013528,AMD EPYC 9V74,StatsBenchmarks,SampleSize=100,AccordWelchT,34.03
2026-09-17,a5f400484df38ca0ec04247446d4e85df7013528,AMD EPYC 9V74,StatsBenchmarks,SampleSize=100,LodestarMannWhitney,2.5
2026-09-17,a5f400484df38ca0ec04247446d4e85df7013528,AMD EPYC 9V74,StatsBenchmarks,SampleSize=100,AccordMannWhitney,21.82
2026-09-17,a5f400484df38ca0ec04247446d4e85df7013528,AMD EPYC 9V74,StatsBenchmarks,SampleSize=100,LodestarChiSquare,0.11
2026-09-17,a5f400484df38ca0ec04247446d4e85df7013528,AMD EPYC 9V74,StatsBenchmarks,SampleSize=100,AccordChiSquare,0.22
2026-09-17,a5f400484df38ca0ec04247446d4e85df7013528,AMD EPYC 9V74,StatsBenchmarks,SampleSize=10000,LodestarWelchT,1.0
2026-09-17,a5f400484df38ca0ec04247446d4e85df7013528,AMD EPYC 9V74,StatsBenchmarks,SampleSize=10000,AccordWelchT,3.233
2026-09-17,a5f400484df38ca0ec04247446d4e85df7013528,AMD EPYC 9V74,StatsBenchmarks,SampleSize=10000,LodestarMannWhitney,10.816
2026-09-17,a5f400484df38ca0ec04247446d4e85df7013528,AMD EPYC 9V74,StatsBenchmarks,SampleSize=10000,AccordMannWhitney,325.537
2026-09-17,a5f400484df38ca0ec04247446d4e85df7013528,AMD EPYC 9V74,StatsBenchmarks,SampleSize=10000,LodestarChiSquare,0.003
2026-09-17,a5f400484df38ca0ec04247446d4e85df7013528,AMD EPYC 9V74,StatsBenchmarks,SampleSize=10000,AccordChiSquare,0.005
2026-09-17,a5f400484df38ca0ec04247446d4e85df7013528,AMD EPYC 9V74,WeightedLeastSquaresBenchmarks,SampleSize=200,Lodestar_Wls,1.0
2026-09-17,a5f400484df38ca0ec04247446d4e85df7013528,AMD EPYC 9V74,WeightedLeastSquaresBenchmarks,SampleSize=200,MathNet_Wls,1.51
2026-09-17,a5f400484df38ca0ec04247446d4e85df7013528,AMD EPYC 9V74,WeightedLeastSquaresBenchmarks,SampleSize=2000,Lodestar_Wls,1.0
2026-09-17,a5f400484df38ca0ec04247446d4e85df7013528,AMD EPYC 9V74,WeightedLeastSquaresBenchmarks,SampleSize=2000,MathNet_Wls,1.15
2026-09-17,a5f400484df38ca0ec04247446d4e85df7013528,AMD EPYC 9V74,WeightedLeastSquaresBenchmarks,SampleSize=20000,Lodestar_Wls,1.0
2026-09-17,a5f400484df38ca0ec04247446d4e85df7013528,AMD EPYC 9V74,WeightedLeastSquaresBenchmarks,SampleSize=20000,MathNet_Wls,1.53
2026-09-17,a5f400484df38ca0ec04247446d4e85df7013528,AMD EPYC 9V74,WeightedLeastSquaresBenchmarks,SampleSize=200000,Lodestar_Wls,1.0
2026-09-17,a5f400484df38ca0ec04247446d4e85df7013528,AMD EPYC 9V74,WeightedLeastSquaresBenchmarks,SampleSize=200000,MathNet_Wls,1.66
2026-09-17,a5f400484df38ca0ec04247446d4e85df7013528,AMD EPYC 9V74,AgglomerativeIncumbentBenchmarks,"Rows=500, Method=average",Lodestar_Fit,1.0
2026-09-17,a5f400484df38ca0ec04247446d4e85df7013528,AMD EPYC 9V74,AgglomerativeIncumbentBenchmarks,"Rows=500, Method=average",Aglomera_GetClustering,51.87
2026-09-17,a5f400484df38ca0ec04247446d4e85df7013528,AMD EPYC 9V74,AgglomerativeIncumbentBenchmarks,"Rows=500, Method=complete",Lodestar_Fit,1.0
2026-09-17,a5f400484df38ca0ec04247446d4e85df7013528,AMD EPYC 9V74,AgglomerativeIncumbentBenchmarks,"Rows=500, Method=complete",Aglomera_GetClustering,58.71
2026-09-17,a5f400484df38ca0ec04247446d4e85df7013528,AMD EPYC 9V74,AgglomerativeIncumbentBenchmarks,"Rows=500, Method=single",Lodestar_Fit,1.0
2026-09-17,a5f400484df38ca0ec04247446d4e85df7013528,AMD EPYC 9V74,AgglomerativeIncumbentBenchmarks,"Rows=500, Method=single",Aglomera_GetClustering,198.36
2026-09-17,a5f400484df38ca0ec04247446d4e85df7013528,AMD EPYC 9V74,AgglomerativeIncumbentBenchmarks,"Rows=500, Method=ward",Lodestar_Fit,1.0
2026-09-17,a5f400484df38ca0ec04247446d4e85df7013528,AMD EPYC 9V74,AgglomerativeIncumbentBenchmarks,"Rows=500, Method=ward",Aglomera_GetClustering,33.17
2026-09-17,a5f400484df38ca0ec04247446d4e85df7013528,AMD EPYC 9V74,AgglomerativeIncumbentBenchmarks,"Rows=1500, Method=average",Lodestar_Fit,1.0
2026-09-17,a5f400484df38ca0ec04247446d4e85df7013528,AMD EPYC 9V74,AgglomerativeIncumbentBenchmarks,"Rows=1500, Method=average",Aglomera_GetClustering,120.2
2026-09-17,a5f400484df38ca0ec04247446d4e85df7013528,AMD EPYC 9V74,AgglomerativeIncumbentBenchmarks,"Rows=1500, Method=complete",Lodestar_Fit,1.0
2026-09-17,a5f400484df38ca0ec04247446d4e85df7013528,AMD EPYC 9V74,AgglomerativeIncumbentBenchmarks,"Rows=1500, Method=complete",Aglomera_GetClustering,140.03
2026-09-17,a5f400484df38ca0ec04247446d4e85df7013528,AMD EPYC 9V74,AgglomerativeIncumbentBenchmarks,"Rows=1500, Method=single",Lodestar_Fit,1.0
2026-09-17,a5f400484df38ca0ec04247446d4e85df7013528,AMD EPYC 9V74,AgglomerativeIncumbentBenchmarks,"Rows=1500, Method=single",Aglomera_GetClustering,536.47
2026-09-17,a5f400484df38ca0ec04247446d4e85df7013528,AMD EPYC 9V74,AgglomerativeIncumbentBenchmarks,"Rows=1500, Method=ward",Lodestar_Fit,1.0
2026-09-17,a5f400484df38ca0ec04247446d4e85df7013528,AMD EPYC 9V74,AgglomerativeIncumbentBenchmarks,"Rows=1500, Method=ward",Aglomera_GetClustering,100.88
2026-09-17,a5f400484df38ca0ec04247446d4e85df7013528,AMD EPYC 9V74,BatchEmbeddingBenchmarks,CorpusSize=1,UnitLoop,1.0
2026-09-17,a5f400484df38ca0ec04247446d4e85df7013528,AMD EPYC 9V74,BatchEmbeddingBenchmarks,CorpusSize=1,EmbedBatch,1.06
2026-09-17,a5f400484df38ca0ec04247446d4e85df7013528,AMD EPYC 9V74,BatchEmbeddingBenchmarks,CorpusSize=1,EmbedBatchBucketed,1.07
2026-09-17,a5f400484df38ca0ec04247446d4e85df7013528,AMD EPYC 9V74,BatchEmbeddingBenchmarks,CorpusSize=8,UnitLoop,1.0
2026-09-17,a5f400484df38ca0ec04247446d4e85df7013528,AMD EPYC 9V74,BatchEmbeddingBenchmarks,CorpusSize=8,EmbedBatch,0.52
2026-09-17,a5f400484df38ca0ec04247446d4e85df7013528,AMD EPYC 9V74,BatchEmbeddingBenchmarks,CorpusSize=8,EmbedBatchBucketed,0.52
2026-09-17,a5f400484df38ca0ec04247446d4e85df7013528,AMD EPYC 9V74,BatchEmbeddingBenchmarks,CorpusSize=32,UnitLoop,1.0
2026-09-17,a5f400484df38ca0ec04247446d4e85df7013528,AMD EPYC 9V74,BatchEmbeddingBenchmarks,CorpusSize=32,EmbedBatch,0.5
2026-09-17,a5f400484df38ca0ec04247446d4e85df7013528,AMD EPYC 9V74,BatchEmbeddingBenchmarks,CorpusSize=32,EmbedBatchBucketed,0.45
2026-09-17,a5f400484df38ca0ec04247446d4e85df7013528,AMD EPYC 9V74,BatchEmbeddingBenchmarks,CorpusSize=128,UnitLoop,1.0
2026-09-17,a5f400484df38ca0ec04247446d4e85df7013528,AMD EPYC 9V74,BatchEmbeddingBenchmarks,CorpusSize=128,EmbedBatch,0.48
2026-09-17,a5f400484df38ca0ec04247446d4e85df7013528,AMD EPYC 9V74,BatchEmbeddingBenchmarks,CorpusSize=128,EmbedBatchBucketed,0.42
2026-09-17,a5f400484df38ca0ec04247446d4e85df7013528,AMD EPYC 9V74,BkTreeBenchmarks,"Radius=1, Shape=clustered",LengthFilteredScan,1.0
2026-09-17,a5f400484df38ca0ec04247446d4e85df7013528,AMD EPYC 9V74,BkTreeBenchmarks,"Radius=1, Shape=clustered",TreeWithinDistance,0.51
2026-09-17,a5f400484df38ca0ec04247446d4e85df7013528,AMD EPYC 9V74,BkTreeBenchmarks,"Radius=1, Shape=uniform",LengthFilteredScan,1.0
2026-09-17,a5f400484df38ca0ec04247446d4e85df7013528,AMD EPYC 9V74,BkTreeBenchmarks,"Radius=1, Shape=uniform",TreeWithinDistance,0.44
2026-09-17,a5f400484df38ca0ec04247446d4e85df7013528,AMD EPYC 9V74,BkTreeBenchmarks,"Radius=2, Shape=clustered",LengthFilteredScan,1.0
2026-09-17,a5f400484df38ca0ec04247446d4e85df7013528,AMD EPYC 9V74,BkTreeBenchmarks,"Radius=2, Shape=clustered",TreeWithinDistance,1.13
2026-09-17,a5f400484df38ca0ec04247446d4e85df7013528,AMD EPYC 9V74,BkTreeBenchmarks,"Radius=2, Shape=uniform",LengthFilteredScan,1.0
2026-09-17,a5f400484df38ca0ec04247446d4e85df7013528,AMD EPYC 9V74,BkTreeBenchmarks,"Radius=2, Shape=uniform",TreeWithinDistance,1.06
2026-09-17,a5f400484df38ca0ec04247446d4e85df7013528,AMD EPYC 9V74,BkTreeBenchmarks,"Radius=3, Shape=clustered",LengthFilteredScan,1.0
2026-09-17,a5f400484df38ca0ec04247446d4e85df7013528,AMD EPYC 9V74,BkTreeBenchmarks,"Radius=3, Shape=clustered",TreeWithinDistance,1.38
2026-09-17,a5f400484df38ca0ec04247446d4e85df7013528,AMD EPYC 9V74,BkTreeBenchmarks,"Radius=3, Shape=uniform",LengthFilteredScan,1.0
2026-09-17,a5f400484df38ca0ec04247446d4e85df7013528,AMD EPYC 9V74,BkTreeBenchmarks,"Radius=3, Shape=uniform",TreeWithinDistance,1.26
2026-09-17,a5f400484df38ca0ec04247446d4e85df7013528,AMD EPYC 9V74,BkTreeBenchmarks,"Radius=4, Shape=clustered",LengthFilteredScan,1.0
2026-09-17,a5f400484df38ca0ec04247446d4e85df7013528,AMD EPYC 9V74,BkTreeBenchmarks,"Radius=4, Shape=clustered",TreeWithinDistance,1.38
2026-09-17,a5f400484df38ca0ec04247446d4e85df7013528,AMD EPYC 9V74,BkTreeBenchmarks,"Radius=4, Shape=uniform",LengthFilteredScan,1.0
2026-09-17,a5f400484df38ca0ec04247446d4e85df7013528,AMD EPYC 9V74,BkTreeBenchmarks,"Radius=4, Shape=uniform",TreeWithinDistance,1.37
2026-09-17,a5f400484df38ca0ec04247446d4e85df7013528,AMD EPYC 9V74,Bm25Benchmarks,Documents=1000,LodestarQuery,1.0
2026-09-17,a5f400484df38ca0ec04247446d4e85df7013528,AMD EPYC 9V74,Bm25Benchmarks,Documents=1000,LodestarQueryMultiTerm,1.21
2026-09-17,a5f400484df38ca0ec04247446d4e85df7013528,AMD EPYC 9V74,Bm25Benchmarks,Documents=1000,LuceneQuery,1.63
2026-09-17,a5f400484df38ca0ec04247446d4e85df7013528,AMD EPYC 9V74,Bm25Benchmarks,Documents=1000,LodestarFromText,3817.02
2026-09-17,a5f400484df38ca0ec04247446d4e85df7013528,AMD EPYC 9V74,Bm25Benchmarks,Documents=1000,LuceneFromText,3652.72
2026-09-17,a5f400484df38ca0ec04247446d4e85df7013528,AMD EPYC 9V74,Bm25Benchmarks,Documents=20000,LodestarQuery,1.0
2026-09-17,a5f400484df38ca0ec04247446d4e85df7013528,AMD EPYC 9V74,Bm25Benchmarks,Documents=20000,LodestarQueryMultiTerm,1.7
2026-09-17,a5f400484df38ca0ec04247446d4e85df7013528,AMD EPYC 9V74,Bm25Benchmarks,Documents=20000,LuceneQuery,0.76
2026-09-17,a5f400484df38ca0ec04247446d4e85df7013528,AMD EPYC 9V74,Bm25Benchmarks,Documents=20000,LodestarFromText,4835.22
2026-09-17,a5f400484df38ca0ec04247446d4e85df7013528,AMD EPYC 9V74,Bm25Benchmarks,Documents=20000,LuceneFromText,6082.04
2026-09-17,a5f400484df38ca0ec04247446d4e85df7013528,AMD EPYC 9V74,BpeBenchmarks,,Unigram,1.0
2026-09-17,a5f400484df38ca0ec04247446d4e85df7013528,AMD EPYC 9V74,BpeBenchmarks,,Bpe,2.78
2026-09-17,a5f400484df38ca0ec04247446d4e85df7013528,AMD EPYC 9V74,DbscanDimensionBenchmarks,Shape=10000x8x8,Lodestar_Fit,1.0
2026-09-17,a5f400484df38ca0ec04247446d4e85df7013528,AMD EPYC 9V74,DbscanDimensionBenchmarks,Shape=10000x8x8,NumFlat_Fit,6.25
2026-09-17,a5f400484df38ca0ec04247446d4e85df7013528,AMD EPYC 9V74,DbscanDimensionBenchmarks,Shape=5000x16x8,Lodestar_Fit,1.0
2026-09-17,a5f400484df38ca0ec04247446d4e85df7013528,AMD EPYC 9V74,DbscanDimensionBenchmarks,Shape=5000x16x8,NumFlat_Fit,6.22
2026-09-17,a5f400484df38ca0ec04247446d4e85df7013528,AMD EPYC 9V74,DbscanIncumbentBenchmarks,Shape=20000x2x10,Lodestar_Fit,1.0
2026-09-17,a5f400484df38ca0ec04247446d4e85df7013528,AMD EPYC 9V74,DbscanIncumbentBenchmarks,Shape=20000x2x10,NumFlat_Fit,6.52
2026-09-17,a5f400484df38ca0ec04247446d4e85df7013528,AMD EPYC 9V74,DbscanIncumbentBenchmarks,Shape=20000x2x10,Dbscan_CalculateClusters,3.62
2026-09-17,a5f400484df38ca0ec04247446d4e85df7013528,AMD EPYC 9V74,DbscanIncumbentBenchmarks,Shape=5000x2x5,Lodestar_Fit,1.0
2026-09-17,a5f400484df38ca0ec04247446d4e85df7013528,AMD EPYC 9V74,DbscanIncumbentBenchmarks,Shape=5000x2x5,NumFlat_Fit,9.22
2026-09-17,a5f400484df38ca0ec04247446d4e85df7013528,AMD EPYC 9V74,DbscanIncumbentBenchmarks,Shape=5000x2x5,Dbscan_CalculateClusters,4.59
2026-09-17,a5f400484df38ca0ec04247446d4e85df7013528,AMD EPYC 9V74,DecompositionBenchmarks,,TruncatedSvd_Rank20,1.0
2026-09-17,a5f400484df38ca0ec04247446d4e85df7013528,AMD EPYC 9V74,DecompositionBenchmarks,,Nmf_Rank20,5.57
2026-09-17,a5f400484df38ca0ec04247446d4e85df7013528,AMD EPYC 9V74,DecompositionBenchmarks,,MlNet_ProjectToPrincipalComponents_Rank20,1.21
2026-09-17,a5f400484df38ca0ec04247446d4e85df7013528,AMD EPYC 9V74,EncoderIncumbentBenchmarks,"Job=Job-FGTQMV, InvocationCount=1, IterationCount=20, RunStrategy=Throughput, UnrollFactor=1, WarmupCount=5, RowCount=1000",Lodestar_OneHot,1.01
2026-09-17,a5f400484df38ca0ec04247446d4e85df7013528,AMD EPYC 9V74,EncoderIncumbentBenchmarks,"Job=Job-FGTQMV, InvocationCount=1, IterationCount=20, RunStrategy=Throughput, UnrollFactor=1, WarmupCount=5, RowCount=1000",Lodestar_Ordinal,1.03
2026-09-17,a5f400484df38ca0ec04247446d4e85df7013528,AMD EPYC 9V74,EncoderIncumbentBenchmarks,"Job=Job-FGTQMV, InvocationCount=1, IterationCount=20, RunStrategy=Throughput, UnrollFactor=1, WarmupCount=5, RowCount=1000",Lodestar_Impute,0.89
2026-09-17,a5f400484df38ca0ec04247446d4e85df7013528,AMD EPYC 9V74,EncoderIncumbentBenchmarks,"Job=Job-FGTQMV, InvocationCount=1, IterationCount=20, RunStrategy=Throughput, UnrollFactor=1, WarmupCount=5, RowCount=1000",MlNet_OneHotEncoding_Fit,1.77
2026-09-17,a5f400484df38ca0ec04247446d4e85df7013528,AMD EPYC 9V74,EncoderIncumbentBenchmarks,"Job=Job-FGTQMV, InvocationCount=1, IterationCount=20, RunStrategy=Throughput, UnrollFactor=1, WarmupCount=5, RowCount=1000",MlNet_OneHotEncoding_Read,8.04
2026-09-17,a5f400484df38ca0ec04247446d4e85df7013528,AMD EPYC 9V74,EncoderIncumbentBenchmarks,"Job=Job-FGTQMV, InvocationCount=1, IterationCount=20, RunStrategy=Throughput, UnrollFactor=1, WarmupCount=5, RowCount=1000",MlNet_ReplaceMissingValues_Read,6.0
2026-09-17,a5f400484df38ca0ec04247446d4e85df7013528,AMD EPYC 9V74,EncoderIncumbentBenchmarks,"Job=ShortRun, InvocationCount=Default, IterationCount=3, RunStrategy=Default, UnrollFactor=16, WarmupCount=3, RowCount=1000",Lodestar_OneHot,1.0
2026-09-17,a5f400484df38ca0ec04247446d4e85df7013528,AMD EPYC 9V74,EncoderIncumbentBenchmarks,"Job=ShortRun, InvocationCount=Default, IterationCount=3, RunStrategy=Default, UnrollFactor=16, WarmupCount=3, RowCount=1000",Lodestar_Ordinal,0.44
2026-09-17,a5f400484df38ca0ec04247446d4e85df7013528,AMD EPYC 9V74,EncoderIncumbentBenchmarks,"Job=ShortRun, InvocationCount=Default, IterationCount=3, RunStrategy=Default, UnrollFactor=16, WarmupCount=3, RowCount=1000",Lodestar_Impute,0.15
2026-09-17,a5f400484df38ca0ec04247446d4e85df7013528,AMD EPYC 9V74,EncoderIncumbentBenchmarks,"Job=ShortRun, InvocationCount=Default, IterationCount=3, RunStrategy=Default, UnrollFactor=16, WarmupCount=3, RowCount=1000",MlNet_OneHotEncoding_Fit,6.19
2026-09-17,a5f400484df38ca0ec04247446d4e85df7013528,AMD EPYC 9V74,EncoderIncumbentBenchmarks,"Job=ShortRun, InvocationCount=Default, IterationCount=3, RunStrategy=Default, UnrollFactor=16, WarmupCount=3, RowCount=1000",MlNet_OneHotEncoding_Read,6.54
2026-09-17,a5f400484df38ca0ec04247446d4e85df7013528,AMD EPYC 9V74,EncoderIncumbentBenchmarks,"Job=ShortRun, InvocationCount=Default, IterationCount=3, RunStrategy=Default, UnrollFactor=16, WarmupCount=3, RowCount=1000",MlNet_ReplaceMissingValues_Read,1.75
2026-09-17,a5f400484df38ca0ec04247446d4e85df7013528,AMD EPYC 9V74,EncoderIncumbentBenchmarks,"Job=Job-FGTQMV, InvocationCount=1, IterationCount=20, RunStrategy=Throughput, UnrollFactor=1, WarmupCount=5, RowCount=20000",Lodestar_OneHot,1.0
2026-09-17,a5f400484df38ca0ec04247446d4e85df7013528,AMD EPYC 9V74,EncoderIncumbentBenchmarks,"Job=Job-FGTQMV, InvocationCount=1, IterationCount=20, RunStrategy=Throughput, UnrollFactor=1, WarmupCount=5, RowCount=20000",Lodestar_Ordinal,0.86
2026-09-17,a5f400484df38ca0ec04247446d4e85df7013528,AMD EPYC 9V74,EncoderIncumbentBenchmarks,"Job=Job-FGTQMV, InvocationCount=1, IterationCount=20, RunStrategy=Throughput, UnrollFactor=1, WarmupCount=5, RowCount=20000",Lodestar_Impute,0.33
2026-09-17,a5f400484df38ca0ec04247446d4e85df7013528,AMD EPYC 9V74,EncoderIncumbentBenchmarks,"Job=Job-FGTQMV, InvocationCount=1, IterationCount=20, RunStrategy=Throughput, UnrollFactor=1, WarmupCount=5, RowCount=20000",MlNet_OneHotEncoding_Fit,0.8
2026-09-17,a5f400484df38ca0ec04247446d4e85df7013528,AMD EPYC 9V74,EncoderIncumbentBenchmarks,"Job=Job-FGTQMV, InvocationCount=1, IterationCount=20, RunStrategy=Throughput, UnrollFactor=1, WarmupCount=5, RowCount=20000",MlNet_OneHotEncoding_Read,3.97
2026-09-17,a5f400484df38ca0ec04247446d4e85df7013528,AMD EPYC 9V74,EncoderIncumbentBenchmarks,"Job=Job-FGTQMV, InvocationCount=1, IterationCount=20, RunStrategy=Throughput, UnrollFactor=1, WarmupCount=5, RowCount=20000",MlNet_ReplaceMissingValues_Read,2.57
2026-09-17,a5f400484df38ca0ec04247446d4e85df7013528,AMD EPYC 9V74,EncoderIncumbentBenchmarks,"Job=ShortRun, InvocationCount=Default, IterationCount=3, RunStrategy=Default, UnrollFactor=16, WarmupCount=3, RowCount=20000",Lodestar_OneHot,1.0
2026-09-17,a5f400484df38ca0ec04247446d4e85df7013528,AMD EPYC 9V74,EncoderIncumbentBenchmarks,"Job=ShortRun, InvocationCount=Default, IterationCount=3, RunStrategy=Default, UnrollFactor=16, WarmupCount=3, RowCount=20000",Lodestar_Ordinal,0.89
2026-09-17,a5f400484df38ca0ec04247446d4e85df7013528,AMD EPYC 9V74,EncoderIncumbentBenchmarks,"Job=ShortRun, InvocationCount=Default, IterationCount=3, RunStrategy=Default, UnrollFactor=16, WarmupCount=3, RowCount=20000",Lodestar_Impute,0.21
2026-09-17,a5f400484df38ca0ec04247446d4e85df7013528,AMD EPYC 9V74,EncoderIncumbentBenchmarks,"Job=ShortRun, InvocationCount=Default, IterationCount=3, RunStrategy=Default, UnrollFactor=16, WarmupCount=3, RowCount=20000",MlNet_OneHotEncoding_Fit,0.42
2026-09-17,a5f400484df38ca0ec04247446d4e85df7013528,AMD EPYC 9V74,EncoderIncumbentBenchmarks,"Job=ShortRun, InvocationCount=Default, IterationCount=3, RunStrategy=Default, UnrollFactor=16, WarmupCount=3, RowCount=20000",MlNet_OneHotEncoding_Read,1.27
2026-09-17,a5f400484df38ca0ec04247446d4e85df7013528,AMD EPYC 9V74,EncoderIncumbentBenchmarks,"Job=ShortRun, InvocationCount=Default, IterationCount=3, RunStrategy=Default, UnrollFactor=16, WarmupCount=3, RowCount=20000",MlNet_ReplaceMissingValues_Read,0.68
2026-09-17,a5f400484df38ca0ec04247446d4e85df7013528,AMD EPYC 9V74,FuzzBenchmarks,,Ratio,1.0
2026-09-17,a5f400484df38ca0ec04247446d4e85df7013528,AMD EPYC 9V74,FuzzBenchmarks,,PartialRatio,6.95
2026-09-17,a5f400484df38ca0ec04247446d4e85df7013528,AMD EPYC 9V74,FuzzBenchmarks,,TokenSortRatio,7.87
2026-09-17,a5f400484df38ca0ec04247446d4e85df7013528,AMD EPYC 9V74,FuzzBenchmarks,,TokenSetRatio,8.05
2026-09-17,a5f400484df38ca0ec04247446d4e85df7013528,AMD EPYC 9V74,FuzzBenchmarks,,WRatio,11.42
2026-09-17,a5f400484df38ca0ec04247446d4e85df7013528,AMD EPYC 9V74,FuzzIncumbentBenchmarks,Operation=Ratio,Lodestar,1.0
2026-09-17,a5f400484df38ca0ec04247446d4e85df7013528,AMD EPYC 9V74,FuzzIncumbentBenchmarks,Operation=Ratio,FuzzySharp,2.05
2026-09-17,a5f400484df38ca0ec04247446d4e85df7013528,AMD EPYC 9V74,FuzzIncumbentBenchmarks,Operation=PartialRatio,Lodestar,1.0
2026-09-17,a5f400484df38ca0ec04247446d4e85df7013528,AMD EPYC 9V74,FuzzIncumbentBenchmarks,Operation=PartialRatio,FuzzySharp,13.03
2026-09-17,a5f400484df38ca0ec04247446d4e85df7013528,AMD EPYC 9V74,FuzzIncumbentBenchmarks,Operation=TokenSetRatio,Lodestar,1.0
2026-09-17,a5f400484df38ca0ec04247446d4e85df7013528,AMD EPYC 9V74,FuzzIncumbentBenchmarks,Operation=TokenSetRatio,FuzzySharp,2.22
2026-09-17,a5f400484df38ca0ec04247446d4e85df7013528,AMD EPYC 9V74,FuzzIncumbentBenchmarks,Operation=WRatio,Lodestar,1.0
2026-09-17,a5f400484df38ca0ec04247446d4e85df7013528,AMD EPYC 9V74,FuzzIncumbentBenchmarks,Operation=WRatio,FuzzySharp,4.21
2026-09-17,a5f400484df38ca0ec04247446d4e85df7013528,AMD EPYC 9V74,IndelBenchmarks,Length=8,Distance_Utf16,1.0
2026-09-17,a5f400484df38ca0ec04247446d4e85df7013528,AMD EPYC 9V74,IndelBenchmarks,Length=8,Distance_CodePoint,1.19
2026-09-17,a5f400484df38ca0ec04247446d4e85df7013528,AMD EPYC 9V74,IndelBenchmarks,Length=8,NormalizedSimilarity_Utf16,1.06
2026-09-17,a5f400484df38ca0ec04247446d4e85df7013528,AMD EPYC 9V74,IndelBenchmarks,Length=8,SubsequenceLength_Utf16,0.99
2026-09-17,a5f400484df38ca0ec04247446d4e85df7013528,AMD EPYC 9V74,IndelBenchmarks,Length=12,Distance_Utf16,1.0
2026-09-17,a5f400484df38ca0ec04247446d4e85df7013528,AMD EPYC 9V74,IndelBenchmarks,Length=12,Distance_CodePoint,1.15
2026-09-17,a5f400484df38ca0ec04247446d4e85df7013528,AMD EPYC 9V74,IndelBenchmarks,Length=12,NormalizedSimilarity_Utf16,0.96
2026-09-17,a5f400484df38ca0ec04247446d4e85df7013528,AMD EPYC 9V74,IndelBenchmarks,Length=12,SubsequenceLength_Utf16,0.96
2026-09-17,a5f400484df38ca0ec04247446d4e85df7013528,AMD EPYC 9V74,IndelBenchmarks,Length=16,Distance_Utf16,1.0
2026-09-17,a5f400484df38ca0ec04247446d4e85df7013528,AMD EPYC 9V74,IndelBenchmarks,Length=16,Distance_CodePoint,1.2
2026-09-17,a5f400484df38ca0ec04247446d4e85df7013528,AMD EPYC 9V74,IndelBenchmarks,Length=16,NormalizedSimilarity_Utf16,1.06
2026-09-17,a5f400484df38ca0ec04247446d4e85df7013528,AMD EPYC 9V74,IndelBenchmarks,Length=16,SubsequenceLength_Utf16,1.21
2026-09-17,a5f400484df38ca0ec04247446d4e85df7013528,AMD EPYC 9V74,IndelBenchmarks,Length=20,Distance_Utf16,1.0
2026-09-17,a5f400484df38ca0ec04247446d4e85df7013528,AMD EPYC 9V74,IndelBenchmarks,Length=20,Distance_CodePoint,1.12
2026-09-17,a5f400484df38ca0ec04247446d4e85df7013528,AMD EPYC 9V74,IndelBenchmarks,Length=20,NormalizedSimilarity_Utf16,0.98
2026-09-17,a5f400484df38ca0ec04247446d4e85df7013528,AMD EPYC 9V74,IndelBenchmarks,Length=20,SubsequenceLength_Utf16,0.89
2026-09-17,a5f400484df38ca0ec04247446d4e85df7013528,AMD EPYC 9V74,IndelBenchmarks,Length=24,Distance_Utf16,1.0
2026-09-17,a5f400484df38ca0ec04247446d4e85df7013528,AMD EPYC 9V74,IndelBenchmarks,Length=24,Distance_CodePoint,1.06
2026-09-17,a5f400484df38ca0ec04247446d4e85df7013528,AMD EPYC 9V74,IndelBenchmarks,Length=24,NormalizedSimilarity_Utf16,1.16
2026-09-17,a5f400484df38ca0ec04247446d4e85df7013528,AMD EPYC 9V74,IndelBenchmarks,Length=24,SubsequenceLength_Utf16,0.97
2026-09-17,a5f400484df38ca0ec04247446d4e85df7013528,AMD EPYC 9V74,IndelBenchmarks,Length=32,Distance_Utf16,1.0
2026-09-17,a5f400484df38ca0ec04247446d4e85df7013528,AMD EPYC 9V74,IndelBenchmarks,Length=32,Distance_CodePoint,1.06
2026-09-17,a5f400484df38ca0ec04247446d4e85df7013528,AMD EPYC 9V74,IndelBenchmarks,Length=32,NormalizedSimilarity_Utf16,1.06
2026-09-17,a5f400484df38ca0ec04247446d4e85df7013528,AMD EPYC 9V74,IndelBenchmarks,Length=32,SubsequenceLength_Utf16,0.95
2026-09-17,a5f400484df38ca0ec04247446d4e85df7013528,AMD EPYC 9V74,IndelBenchmarks,Length=128,Distance_Utf16,1.0
2026-09-17,a5f400484df38ca0ec04247446d4e85df7013528,AMD EPYC 9V74,IndelBenchmarks,Length=128,Distance_CodePoint,1.07
2026-09-17,a5f400484df38ca0ec04247446d4e85df7013528,AMD EPYC 9V74,IndelBenchmarks,Length=128,NormalizedSimilarity_Utf16,1.0
2026-09-17,a5f400484df38ca0ec04247446d4e85df7013528,AMD EPYC 9V74,IndelBenchmarks,Length=128,SubsequenceLength_Utf16,1.0
2026-09-17,a5f400484df38ca0ec04247446d4e85df7013528,AMD EPYC 9V74,IndelBenchmarks,Length=512,Distance_Utf16,1.0
2026-09-17,a5f400484df38ca0ec04247446d4e85df7013528,AMD EPYC 9V74,IndelBenchmarks,Length=512,Distance_CodePoint,1.05
2026-09-17,a5f400484df38ca0ec04247446d4e85df7013528,AMD EPYC 9V74,IndelBenchmarks,Length=512,NormalizedSimilarity_Utf16,1.02
2026-09-17,a5f400484df38ca0ec04247446d4e85df7013528,AMD EPYC 9V74,IndelBenchmarks,Length=512,SubsequenceLength_Utf16,0.99
2026-09-17,a5f400484df38ca0ec04247446d4e85df7013528,AMD EPYC 9V74,IndelCodePointBenchmarks,Length=20,Distance_CodePoint,1.0
2026-09-17,a5f400484df38ca0ec04247446d4e85df7013528,AMD EPYC 9V74,IndelCodePointBenchmarks,Length=20,Distance_Utf16,0.5
2026-09-17,a5f400484df38ca0ec04247446d4e85df7013528,AMD EPYC 9V74,IndelCodePointBenchmarks,Length=128,Distance_CodePoint,1.0
2026-09-17,a5f400484df38ca0ec04247446d4e85df7013528,AMD EPYC 9V74,IndelCodePointBenchmarks,Length=128,Distance_Utf16,2.09
2026-09-17,a5f400484df38ca0ec04247446d4e85df7013528,AMD EPYC 9V74,IndelCodePointBenchmarks,Length=512,Distance_CodePoint,1.0
2026-09-17,a5f400484df38ca0ec04247446d4e85df7013528,AMD EPYC 9V74,IndelCodePointBenchmarks,Length=512,Distance_Utf16,2.63
2026-09-17,a5f400484df38ca0ec04247446d4e85df7013528,AMD EPYC 9V74,KMeansFitIncumbentBenchmarks,Shape=10000x16x16,Lodestar_Fit,1.0
2026-09-17,a5f400484df38ca0ec04247446d4e85df7013528,AMD EPYC 9V74,KMeansFitIncumbentBenchmarks,Shape=10000x16x16,NumFlat_Fit,6.57
2026-09-17,a5f400484df38ca0ec04247446d4e85df7013528,AMD EPYC 9V74,KMeansFitIncumbentBenchmarks,Shape=10000x16x16,MetaNumerics_Fit,16.77
2026-09-17,a5f400484df38ca0ec04247446d4e85df7013528,AMD EPYC 9V74,KMeansFitIncumbentBenchmarks,Shape=10000x2x8,Lodestar_Fit,1.0
2026-09-17,a5f400484df38ca0ec04247446d4e85df7013528,AMD EPYC 9V74,KMeansFitIncumbentBenchmarks,Shape=10000x2x8,NumFlat_Fit,7.67
2026-09-17,a5f400484df38ca0ec04247446d4e85df7013528,AMD EPYC 9V74,KMeansFitIncumbentBenchmarks,Shape=10000x2x8,MetaNumerics_Fit,4.03
2026-09-17,a5f400484df38ca0ec04247446d4e85df7013528,AMD EPYC 9V74,KMeansFitIncumbentBenchmarks,Shape=50000x8x32,Lodestar_Fit,1.0
2026-09-17,a5f400484df38ca0ec04247446d4e85df7013528,AMD EPYC 9V74,KMeansFitIncumbentBenchmarks,Shape=50000x8x32,NumFlat_Fit,15.85
2026-09-17,a5f400484df38ca0ec04247446d4e85df7013528,AMD EPYC 9V74,KMeansFitIncumbentBenchmarks,Shape=50000x8x32,MetaNumerics_Fit,24.7
2026-09-17,a5f400484df38ca0ec04247446d4e85df7013528,AMD EPYC 9V74,KMeansLloydIncumbentBenchmarks,Shape=10000x16x16,Lodestar_Lloyd,1.0
2026-09-17,a5f400484df38ca0ec04247446d4e85df7013528,AMD EPYC 9V74,KMeansLloydIncumbentBenchmarks,Shape=10000x16x16,NumFlat_Lloyd,2.24
2026-09-17,a5f400484df38ca0ec04247446d4e85df7013528,AMD EPYC 9V74,KMeansLloydIncumbentBenchmarks,Shape=10000x2x8,Lodestar_Lloyd,1.0
2026-09-17,a5f400484df38ca0ec04247446d4e85df7013528,AMD EPYC 9V74,KMeansLloydIncumbentBenchmarks,Shape=10000x2x8,NumFlat_Lloyd,4.01
2026-09-17,a5f400484df38ca0ec04247446d4e85df7013528,AMD EPYC 9V74,KMeansLloydIncumbentBenchmarks,Shape=50000x8x32,Lodestar_Lloyd,1.0
2026-09-17,a5f400484df38ca0ec04247446d4e85df7013528,AMD EPYC 9V74,KMeansLloydIncumbentBenchmarks,Shape=50000x8x32,NumFlat_Lloyd,2.93
2026-09-17,a5f400484df38ca0ec04247446d4e85df7013528,AMD EPYC 9V74,LcsGateBenchmarks,Band=8,Dp,1.0
2026-09-17,a5f400484df38ca0ec04247446d4e85df7013528,AMD EPYC 9V74,LcsGateBenchmarks,Band=8,Kernel,0.48
2026-09-17,a5f400484df38ca0ec04247446d4e85df7013528,AMD EPYC 9V74,LcsGateBenchmarks,Band=8,Dp_Cjk,0.99
2026-09-17,a5f400484df38ca0ec04247446d4e85df7013528,AMD EPYC 9V74,LcsGateBenchmarks,Band=8,Kernel_Cjk,1.13
2026-09-17,a5f400484df38ca0ec04247446d4e85df7013528,AMD EPYC 9V74,LcsGateBenchmarks,Band=12,Dp,1.0
2026-09-17,a5f400484df38ca0ec04247446d4e85df7013528,AMD EPYC 9V74,LcsGateBenchmarks,Band=12,Kernel,0.3
2026-09-17,a5f400484df38ca0ec04247446d4e85df7013528,AMD EPYC 9V74,LcsGateBenchmarks,Band=12,Dp_Cjk,0.96
2026-09-17,a5f400484df38ca0ec04247446d4e85df7013528,AMD EPYC 9V74,LcsGateBenchmarks,Band=12,Kernel_Cjk,0.55
2026-09-17,a5f400484df38ca0ec04247446d4e85df7013528,AMD EPYC 9V74,LcsGateBenchmarks,Band=14,Dp,1.0
2026-09-17,a5f400484df38ca0ec04247446d4e85df7013528,AMD EPYC 9V74,LcsGateBenchmarks,Band=14,Kernel,0.24
2026-09-17,a5f400484df38ca0ec04247446d4e85df7013528,AMD EPYC 9V74,LcsGateBenchmarks,Band=14,Dp_Cjk,1.04
2026-09-17,a5f400484df38ca0ec04247446d4e85df7013528,AMD EPYC 9V74,LcsGateBenchmarks,Band=14,Kernel_Cjk,0.41
2026-09-17,a5f400484df38ca0ec04247446d4e85df7013528,AMD EPYC 9V74,LcsGateBenchmarks,Band=16,Dp,1.0
2026-09-17,a5f400484df38ca0ec04247446d4e85df7013528,AMD EPYC 9V74,LcsGateBenchmarks,Band=16,Kernel,0.23
2026-09-17,a5f400484df38ca0ec04247446d4e85df7013528,AMD EPYC 9V74,LcsGateBenchmarks,Band=16,Dp_Cjk,1.0
2026-09-17,a5f400484df38ca0ec04247446d4e85df7013528,AMD EPYC 9V74,LcsGateBenchmarks,Band=16,Kernel_Cjk,0.38
2026-09-17,a5f400484df38ca0ec04247446d4e85df7013528,AMD EPYC 9V74,LcsGateBenchmarks,Band=18,Dp,1.0
2026-09-17,a5f400484df38ca0ec04247446d4e85df7013528,AMD EPYC 9V74,LcsGateBenchmarks,Band=18,Kernel,0.13
2026-09-17,a5f400484df38ca0ec04247446d4e85df7013528,AMD EPYC 9V74,LcsGateBenchmarks,Band=18,Dp_Cjk,1.04
2026-09-17,a5f400484df38ca0ec04247446d4e85df7013528,AMD EPYC 9V74,LcsGateBenchmarks,Band=18,Kernel_Cjk,0.22
2026-09-17,a5f400484df38ca0ec04247446d4e85df7013528,AMD EPYC 9V74,LcsGateBenchmarks,Band=20,Dp,1.0
2026-09-17,a5f400484df38ca0ec04247446d4e85df7013528,AMD EPYC 9V74,LcsGateBenchmarks,Band=20,Kernel,0.11
2026-09-17,a5f400484df38ca0ec04247446d4e85df7013528,AMD EPYC 9V74,LcsGateBenchmarks,Band=20,Dp_Cjk,0.99
2026-09-17,a5f400484df38ca0ec04247446d4e85df7013528,AMD EPYC 9V74,LcsGateBenchmarks,Band=20,Kernel_Cjk,0.17
2026-09-17,a5f400484df38ca0ec04247446d4e85df7013528,AMD EPYC 9V74,LcsGateBenchmarks,Band=24,Dp,1.0
2026-09-17,a5f400484df38ca0ec04247446d4e85df7013528,AMD EPYC 9V74,LcsGateBenchmarks,Band=24,Kernel,0.1
2026-09-17,a5f400484df38ca0ec04247446d4e85df7013528,AMD EPYC 9V74,LcsGateBenchmarks,Band=24,Dp_Cjk,1.01
2026-09-17,a5f400484df38ca0ec04247446d4e85df7013528,AMD EPYC 9V74,LcsGateBenchmarks,Band=24,Kernel_Cjk,0.16
2026-09-17,a5f400484df38ca0ec04247446d4e85df7013528,AMD EPYC 9V74,LcsGateBenchmarks,Band=32,Dp,1.0
2026-09-17,a5f400484df38ca0ec04247446d4e85df7013528,AMD EPYC 9V74,LcsGateBenchmarks,Band=32,Kernel,0.07
2026-09-17,a5f400484df38ca0ec04247446d4e85df7013528,AMD EPYC 9V74,LcsGateBenchmarks,Band=32,Dp_Cjk,1.1
2026-09-17,a5f400484df38ca0ec04247446d4e85df7013528,AMD EPYC 9V74,LcsGateBenchmarks,Band=32,Kernel_Cjk,0.11
2026-09-17,a5f400484df38ca0ec04247446d4e85df7013528,AMD EPYC 9V74,LcsGateBenchmarks,Band=48,Dp,1.0
2026-09-17,a5f400484df38ca0ec04247446d4e85df7013528,AMD EPYC 9V74,LcsGateBenchmarks,Band=48,Kernel,0.05
2026-09-17,a5f400484df38ca0ec04247446d4e85df7013528,AMD EPYC 9V74,LcsGateBenchmarks,Band=48,Dp_Cjk,1.0
2026-09-17,a5f400484df38ca0ec04247446d4e85df7013528,AMD EPYC 9V74,LcsGateBenchmarks,Band=48,Kernel_Cjk,0.08
2026-09-17,a5f400484df38ca0ec04247446d4e85df7013528,AMD EPYC 9V74,LcsGateBenchmarks,Band=64,Dp,1.0
2026-09-17,a5f400484df38ca0ec04247446d4e85df7013528,AMD EPYC 9V74,LcsGateBenchmarks,Band=64,Kernel,0.03
2026-09-17,a5f400484df38ca0ec04247446d4e85df7013528,AMD EPYC 9V74,LcsGateBenchmarks,Band=64,Dp_Cjk,0.97
2026-09-17,a5f400484df38ca0ec04247446d4e85df7013528,AMD EPYC 9V74,LcsGateBenchmarks,Band=64,Kernel_Cjk,0.06
2026-09-17,a5f400484df38ca0ec04247446d4e85df7013528,AMD EPYC 9V74,LcsGateBenchmarks,Band=96,Dp,1.0
2026-09-17,a5f400484df38ca0ec04247446d4e85df7013528,AMD EPYC 9V74,LcsGateBenchmarks,Band=96,Kernel,0.04
2026-09-17,a5f400484df38ca0ec04247446d4e85df7013528,AMD EPYC 9V74,LcsGateBenchmarks,Band=96,Dp_Cjk,1.04
2026-09-17,a5f400484df38ca0ec04247446d4e85df7013528,AMD EPYC 9V74,LcsGateBenchmarks,Band=96,Kernel_Cjk,0.09
2026-09-17,a5f400484df38ca0ec04247446d4e85df7013528,AMD EPYC 9V74,LevenshteinBenchmarks,Length=8,Distance_Utf16,1.0
2026-09-17,a5f400484df38ca0ec04247446d4e85df7013528,AMD EPYC 9V74,LevenshteinBenchmarks,Length=8,Distance_Utf16_Cjk,0.97
2026-09-17,a5f400484df38ca0ec04247446d4e85df7013528,AMD EPYC 9V74,LevenshteinBenchmarks,Length=8,Distance_CodePoint,4.53
2026-09-17,a5f400484df38ca0ec04247446d4e85df7013528,AMD EPYC 9V74,LevenshteinBenchmarks,Length=8,NormalizedSimilarity_Utf16,1.01
2026-09-17,a5f400484df38ca0ec04247446d4e85df7013528,AMD EPYC 9V74,LevenshteinBenchmarks,Length=64,Distance_Utf16,1.0
2026-09-17,a5f400484df38ca0ec04247446d4e85df7013528,AMD EPYC 9V74,LevenshteinBenchmarks,Length=64,Distance_Utf16_Cjk,1.28
2026-09-17,a5f400484df38ca0ec04247446d4e85df7013528,AMD EPYC 9V74,LevenshteinBenchmarks,Length=64,Distance_CodePoint,2.25
2026-09-17,a5f400484df38ca0ec04247446d4e85df7013528,AMD EPYC 9V74,LevenshteinBenchmarks,Length=64,NormalizedSimilarity_Utf16,1.0
2026-09-17,a5f400484df38ca0ec04247446d4e85df7013528,AMD EPYC 9V74,LevenshteinBenchmarks,Length=128,Distance_Utf16,1.0
2026-09-17,a5f400484df38ca0ec04247446d4e85df7013528,AMD EPYC 9V74,LevenshteinBenchmarks,Length=128,Distance_Utf16_Cjk,1.93
2026-09-17,a5f400484df38ca0ec04247446d4e85df7013528,AMD EPYC 9V74,LevenshteinBenchmarks,Length=128,Distance_CodePoint,1.69
2026-09-17,a5f400484df38ca0ec04247446d4e85df7013528,AMD EPYC 9V74,LevenshteinBenchmarks,Length=128,NormalizedSimilarity_Utf16,0.99
2026-09-17,a5f400484df38ca0ec04247446d4e85df7013528,AMD EPYC 9V74,LevenshteinBenchmarks,Length=512,Distance_Utf16,1.0
2026-09-17,a5f400484df38ca0ec04247446d4e85df7013528,AMD EPYC 9V74,LevenshteinBenchmarks,Length=512,Distance_Utf16_Cjk,1.46
2026-09-17,a5f400484df38ca0ec04247446d4e85df7013528,AMD EPYC 9V74,LevenshteinBenchmarks,Length=512,Distance_CodePoint,1.2
2026-09-17,a5f400484df38ca0ec04247446d4e85df7013528,AMD EPYC 9V74,LevenshteinBenchmarks,Length=512,NormalizedSimilarity_Utf16,1.01
2026-09-17,a5f400484df38ca0ec04247446d4e85df7013528,AMD EPYC 9V74,LevenshteinCodePointBenchmarks,"Length=16, Distinct=32",Distance_CodePoint,1.0
2026-09-17,a5f400484df38ca0ec04247446d4e85df7013528,AMD EPYC 9V74,LevenshteinCodePointBenchmarks,"Length=16, Distinct=32",Distance_Utf16,0.72
2026-09-17,a5f400484df38ca0ec04247446d4e85df7013528,AMD EPYC 9V74,LevenshteinCodePointBenchmarks,"Length=16, Distinct=512",Distance_CodePoint,1.0
2026-09-17,a5f400484df38ca0ec04247446d4e85df7013528,AMD EPYC 9V74,LevenshteinCodePointBenchmarks,"Length=16, Distinct=512",Distance_Utf16,0.73
2026-09-17,a5f400484df38ca0ec04247446d4e85df7013528,AMD EPYC 9V74,LevenshteinCodePointBenchmarks,"Length=24, Distinct=32",Distance_CodePoint,1.0
2026-09-17,a5f400484df38ca0ec04247446d4e85df7013528,AMD EPYC 9V74,LevenshteinCodePointBenchmarks,"Length=24, Distinct=32",Distance_Utf16,0.76
2026-09-17,a5f400484df38ca0ec04247446d4e85df7013528,AMD EPYC 9V74,LevenshteinCodePointBenchmarks,"Length=24, Distinct=512",Distance_CodePoint,1.0
2026-09-17,a5f400484df38ca0ec04247446d4e85df7013528,AMD EPYC 9V74,LevenshteinCodePointBenchmarks,"Length=24, Distinct=512",Distance_Utf16,0.8
2026-09-17,a5f400484df38ca0ec04247446d4e85df7013528,AMD EPYC 9V74,LevenshteinCodePointBenchmarks,"Length=32, Distinct=32",Distance_CodePoint,1.0
2026-09-17,a5f400484df38ca0ec04247446d4e85df7013528,AMD EPYC 9V74,LevenshteinCodePointBenchmarks,"Length=32, Distinct=32",Distance_Utf16,0.83
2026-09-17,a5f400484df38ca0ec04247446d4e85df7013528,AMD EPYC 9V74,LevenshteinCodePointBenchmarks,"Length=32, Distinct=512",Distance_CodePoint,1.0
2026-09-17,a5f400484df38ca0ec04247446d4e85df7013528,AMD EPYC 9V74,LevenshteinCodePointBenchmarks,"Length=32, Distinct=512",Distance_Utf16,0.82
2026-09-17,a5f400484df38ca0ec04247446d4e85df7013528,AMD EPYC 9V74,LevenshteinCodePointBenchmarks,"Length=40, Distinct=32",Distance_CodePoint,1.0
2026-09-17,a5f400484df38ca0ec04247446d4e85df7013528,AMD EPYC 9V74,LevenshteinCodePointBenchmarks,"Length=40, Distinct=32",Distance_Utf16,2.06
2026-09-17,a5f400484df38ca0ec04247446d4e85df7013528,AMD EPYC 9V74,LevenshteinCodePointBenchmarks,"Length=40, Distinct=512",Distance_CodePoint,1.0
2026-09-17,a5f400484df38ca0ec04247446d4e85df7013528,AMD EPYC 9V74,LevenshteinCodePointBenchmarks,"Length=40, Distinct=512",Distance_Utf16,2.09
2026-09-17,a5f400484df38ca0ec04247446d4e85df7013528,AMD EPYC 9V74,LevenshteinCodePointBenchmarks,"Length=128, Distinct=32",Distance_CodePoint,1.0
2026-09-17,a5f400484df38ca0ec04247446d4e85df7013528,AMD EPYC 9V74,LevenshteinCodePointBenchmarks,"Length=128, Distinct=32",Distance_Utf16,2.87
2026-09-17,a5f400484df38ca0ec04247446d4e85df7013528,AMD EPYC 9V74,LevenshteinCodePointBenchmarks,"Length=128, Distinct=512",Distance_CodePoint,1.0
2026-09-17,a5f400484df38ca0ec04247446d4e85df7013528,AMD EPYC 9V74,LevenshteinCodePointBenchmarks,"Length=128, Distinct=512",Distance_Utf16,2.84
2026-09-17,a5f400484df38ca0ec04247446d4e85df7013528,AMD EPYC 9V74,LevenshteinCodePointBenchmarks,"Length=512, Distinct=32",Distance_CodePoint,1.0
2026-09-17,a5f400484df38ca0ec04247446d4e85df7013528,AMD EPYC 9V74,LevenshteinCodePointBenchmarks,"Length=512, Distinct=32",Distance_Utf16,4.05
2026-09-17,a5f400484df38ca0ec04247446d4e85df7013528,AMD EPYC 9V74,LevenshteinCodePointBenchmarks,"Length=512, Distinct=512",Distance_CodePoint,1.0
2026-09-17,a5f400484df38ca0ec04247446d4e85df7013528,AMD EPYC 9V74,LevenshteinCodePointBenchmarks,"Length=512, Distinct=512",Distance_Utf16,0.16
2026-09-17,a5f400484df38ca0ec04247446d4e85df7013528,AMD EPYC 9V74,LevenshteinIncumbentBenchmarks,Length=8,Lodestar,1.0
2026-09-17,a5f400484df38ca0ec04247446d4e85df7013528,AMD EPYC 9V74,LevenshteinIncumbentBenchmarks,Length=8,Fastenshtein,3.12
2026-09-17,a5f400484df38ca0ec04247446d4e85df7013528,AMD EPYC 9V74,LevenshteinIncumbentBenchmarks,Length=8,Quickenshtein,2.95
2026-09-17,a5f400484df38ca0ec04247446d4e85df7013528,AMD EPYC 9V74,LevenshteinIncumbentBenchmarks,Length=8,F23_StringSimilarity,6.36
2026-09-17,a5f400484df38ca0ec04247446d4e85df7013528,AMD EPYC 9V74,LevenshteinIncumbentBenchmarks,Length=64,Lodestar,1.0
2026-09-17,a5f400484df38ca0ec04247446d4e85df7013528,AMD EPYC 9V74,LevenshteinIncumbentBenchmarks,Length=64,Fastenshtein,15.04
2026-09-17,a5f400484df38ca0ec04247446d4e85df7013528,AMD EPYC 9V74,LevenshteinIncumbentBenchmarks,Length=64,Quickenshtein,4.03
2026-09-17,a5f400484df38ca0ec04247446d4e85df7013528,AMD EPYC 9V74,LevenshteinIncumbentBenchmarks,Length=64,F23_StringSimilarity,29.17
2026-09-17,a5f400484df38ca0ec04247446d4e85df7013528,AMD EPYC 9V74,LevenshteinIncumbentBenchmarks,Length=512,Lodestar,1.0
2026-09-17,a5f400484df38ca0ec04247446d4e85df7013528,AMD EPYC 9V74,LevenshteinIncumbentBenchmarks,Length=512,Fastenshtein,38.6
2026-09-17,a5f400484df38ca0ec04247446d4e85df7013528,AMD EPYC 9V74,LevenshteinIncumbentBenchmarks,Length=512,Quickenshtein,2.83
2026-09-17,a5f400484df38ca0ec04247446d4e85df7013528,AMD EPYC 9V74,LevenshteinIncumbentBenchmarks,Length=512,F23_StringSimilarity,59.36
2026-09-17,a5f400484df38ca0ec04247446d4e85df7013528,AMD EPYC 9V74,MetaNumericsPcaBenchmarks,Shape=2000x10,Lodestar_ExplainedVarianceRatio,1.0
2026-09-17,a5f400484df38ca0ec04247446d4e85df7013528,AMD EPYC 9V74,MetaNumericsPcaBenchmarks,Shape=2000x10,MetaNumerics_VarianceFraction,660.17
2026-09-17,a5f400484df38ca0ec04247446d4e85df7013528,AMD EPYC 9V74,MetaNumericsPcaBenchmarks,Shape=2000x50,Lodestar_ExplainedVarianceRatio,1.0
2026-09-17,a5f400484df38ca0ec04247446d4e85df7013528,AMD EPYC 9V74,MetaNumericsPcaBenchmarks,Shape=2000x50,MetaNumerics_VarianceFraction,142.13
2026-09-17,a5f400484df38ca0ec04247446d4e85df7013528,AMD EPYC 9V74,MetaNumericsPcaBenchmarks,Shape=200x10,Lodestar_ExplainedVarianceRatio,1.0
2026-09-17,a5f400484df38ca0ec04247446d4e85df7013528,AMD EPYC 9V74,MetaNumericsPcaBenchmarks,Shape=200x10,MetaNumerics_VarianceFraction,38.48
2026-09-17,a5f400484df38ca0ec04247446d4e85df7013528,AMD EPYC 9V74,MetricsIncumbentBenchmarks,"Samples=100000, Request=Bundle",Lodestar,1.0
2026-09-17,a5f400484df38ca0ec04247446d4e85df7013528,AMD EPYC 9V74,MetricsIncumbentBenchmarks,"Samples=100000, Request=Bundle",MlNet,5.51
2026-09-17,a5f400484df38ca0ec04247446d4e85df7013528,AMD EPYC 9V74,MetricsIncumbentBenchmarks,"Samples=100000, Request=AccuracyAlone",Lodestar,1.0
2026-09-17,a5f400484df38ca0ec04247446d4e85df7013528,AMD EPYC 9V74,MetricsIncumbentBenchmarks,"Samples=100000, Request=AccuracyAlone",MlNet,3066.29
2026-09-17,a5f400484df38ca0ec04247446d4e85df7013528,AMD EPYC 9V74,MetricsIncumbentBenchmarks,"Samples=1000000, Request=Bundle",Lodestar,1.0
2026-09-17,a5f400484df38ca0ec04247446d4e85df7013528,AMD EPYC 9V74,MetricsIncumbentBenchmarks,"Samples=1000000, Request=Bundle",MlNet,2.43
2026-09-17,a5f400484df38ca0ec04247446d4e85df7013528,AMD EPYC 9V74,MetricsIncumbentBenchmarks,"Samples=1000000, Request=AccuracyAlone",Lodestar,1.0
2026-09-17,a5f400484df38ca0ec04247446d4e85df7013528,AMD EPYC 9V74,MetricsIncumbentBenchmarks,"Samples=1000000, Request=AccuracyAlone",MlNet,2082.84
2026-09-17,a5f400484df38ca0ec04247446d4e85df7013528,AMD EPYC 9V74,MyersGateBenchmarks,Band=4,Dp,1.0
2026-09-17,a5f400484df38ca0ec04247446d4e85df7013528,AMD EPYC 9V74,MyersGateBenchmarks,Band=4,Kernel,1.0
2026-09-17,a5f400484df38ca0ec04247446d4e85df7013528,AMD EPYC 9V74,MyersGateBenchmarks,Band=4,Dp_Cjk,1.0
2026-09-17,a5f400484df38ca0ec04247446d4e85df7013528,AMD EPYC 9V74,MyersGateBenchmarks,Band=4,Kernel_Cjk,1.0
2026-09-17,a5f400484df38ca0ec04247446d4e85df7013528,AMD EPYC 9V74,MyersGateBenchmarks,Band=6,Dp,1.0
2026-09-17,a5f400484df38ca0ec04247446d4e85df7013528,AMD EPYC 9V74,MyersGateBenchmarks,Band=6,Kernel,0.72
2026-09-17,a5f400484df38ca0ec04247446d4e85df7013528,AMD EPYC 9V74,MyersGateBenchmarks,Band=6,Dp_Cjk,0.97
2026-09-17,a5f400484df38ca0ec04247446d4e85df7013528,AMD EPYC 9V74,MyersGateBenchmarks,Band=6,Kernel_Cjk,1.22
2026-09-17,a5f400484df38ca0ec04247446d4e85df7013528,AMD EPYC 9V74,MyersGateBenchmarks,Band=8,Dp,1.0
2026-09-17,a5f400484df38ca0ec04247446d4e85df7013528,AMD EPYC 9V74,MyersGateBenchmarks,Band=8,Kernel,0.64
2026-09-17,a5f400484df38ca0ec04247446d4e85df7013528,AMD EPYC 9V74,MyersGateBenchmarks,Band=8,Dp_Cjk,1.03
2026-09-17,a5f400484df38ca0ec04247446d4e85df7013528,AMD EPYC 9V74,MyersGateBenchmarks,Band=8,Kernel_Cjk,1.22
2026-09-17,a5f400484df38ca0ec04247446d4e85df7013528,AMD EPYC 9V74,MyersGateBenchmarks,Band=10,Dp,1.0
2026-09-17,a5f400484df38ca0ec04247446d4e85df7013528,AMD EPYC 9V74,MyersGateBenchmarks,Band=10,Kernel,0.53
2026-09-17,a5f400484df38ca0ec04247446d4e85df7013528,AMD EPYC 9V74,MyersGateBenchmarks,Band=10,Dp_Cjk,0.99
2026-09-17,a5f400484df38ca0ec04247446d4e85df7013528,AMD EPYC 9V74,MyersGateBenchmarks,Band=10,Kernel_Cjk,0.81
2026-09-17,a5f400484df38ca0ec04247446d4e85df7013528,AMD EPYC 9V74,MyersGateBenchmarks,Band=12,Dp,1.0
2026-09-17,a5f400484df38ca0ec04247446d4e85df7013528,AMD EPYC 9V74,MyersGateBenchmarks,Band=12,Kernel,0.45
2026-09-17,a5f400484df38ca0ec04247446d4e85df7013528,AMD EPYC 9V74,MyersGateBenchmarks,Band=12,Dp_Cjk,0.98
2026-09-17,a5f400484df38ca0ec04247446d4e85df7013528,AMD EPYC 9V74,MyersGateBenchmarks,Band=12,Kernel_Cjk,0.67
2026-09-17,a5f400484df38ca0ec04247446d4e85df7013528,AMD EPYC 9V74,MyersGateBenchmarks,Band=16,Dp,1.0
2026-09-17,a5f400484df38ca0ec04247446d4e85df7013528,AMD EPYC 9V74,MyersGateBenchmarks,Band=16,Kernel,0.32
2026-09-17,a5f400484df38ca0ec04247446d4e85df7013528,AMD EPYC 9V74,MyersGateBenchmarks,Band=16,Dp_Cjk,1.0
2026-09-17,a5f400484df38ca0ec04247446d4e85df7013528,AMD EPYC 9V74,MyersGateBenchmarks,Band=16,Kernel_Cjk,0.46
2026-09-17,a5f400484df38ca0ec04247446d4e85df7013528,AMD EPYC 9V74,MyersGateBenchmarks,Band=24,Dp,1.0
2026-09-17,a5f400484df38ca0ec04247446d4e85df7013528,AMD EPYC 9V74,MyersGateBenchmarks,Band=24,Kernel,0.21
2026-09-17,a5f400484df38ca0ec04247446d4e85df7013528,AMD EPYC 9V74,MyersGateBenchmarks,Band=24,Dp_Cjk,1.02
2026-09-17,a5f400484df38ca0ec04247446d4e85df7013528,AMD EPYC 9V74,MyersGateBenchmarks,Band=24,Kernel_Cjk,0.29
2026-09-17,a5f400484df38ca0ec04247446d4e85df7013528,AMD EPYC 9V74,MyersGateBenchmarks,Band=32,Dp,1.0
2026-09-17,a5f400484df38ca0ec04247446d4e85df7013528,AMD EPYC 9V74,MyersGateBenchmarks,Band=32,Kernel,0.15
2026-09-17,a5f400484df38ca0ec04247446d4e85df7013528,AMD EPYC 9V74,MyersGateBenchmarks,Band=32,Dp_Cjk,1.08
2026-09-17,a5f400484df38ca0ec04247446d4e85df7013528,AMD EPYC 9V74,MyersGateBenchmarks,Band=32,Kernel_Cjk,0.2
2026-09-17,a5f400484df38ca0ec04247446d4e85df7013528,AMD EPYC 9V74,MyersGateBenchmarks,Band=48,Dp,1.0
2026-09-17,a5f400484df38ca0ec04247446d4e85df7013528,AMD EPYC 9V74,MyersGateBenchmarks,Band=48,Kernel,0.09
2026-09-17,a5f400484df38ca0ec04247446d4e85df7013528,AMD EPYC 9V74,MyersGateBenchmarks,Band=48,Dp_Cjk,1.0
2026-09-17,a5f400484df38ca0ec04247446d4e85df7013528,AMD EPYC 9V74,MyersGateBenchmarks,Band=48,Kernel_Cjk,0.12
2026-09-17,a5f400484df38ca0ec04247446d4e85df7013528,AMD EPYC 9V74,MyersGateBenchmarks,Band=64,Dp,1.0
2026-09-17,a5f400484df38ca0ec04247446d4e85df7013528,AMD EPYC 9V74,MyersGateBenchmarks,Band=64,Kernel,0.07
2026-09-17,a5f400484df38ca0ec04247446d4e85df7013528,AMD EPYC 9V74,MyersGateBenchmarks,Band=64,Dp_Cjk,1.0
2026-09-17,a5f400484df38ca0ec04247446d4e85df7013528,AMD EPYC 9V74,MyersGateBenchmarks,Band=64,Kernel_Cjk,0.09
2026-09-17,a5f400484df38ca0ec04247446d4e85df7013528,AMD EPYC 9V74,MyersGateBenchmarks,Band=96,Dp,1.0
2026-09-17,a5f400484df38ca0ec04247446d4e85df7013528,AMD EPYC 9V74,MyersGateBenchmarks,Band=96,Kernel,0.07
2026-09-17,a5f400484df38ca0ec04247446d4e85df7013528,AMD EPYC 9V74,MyersGateBenchmarks,Band=96,Dp_Cjk,1.0
2026-09-17,a5f400484df38ca0ec04247446d4e85df7013528,AMD EPYC 9V74,MyersGateBenchmarks,Band=96,Kernel_Cjk,0.12
2026-09-17,a5f400484df38ca0ec04247446d4e85df7013528,AMD EPYC 9V74,OsaBenchmarks,Length=8,Distance_Utf16,1.0
2026-09-17,a5f400484df38ca0ec04247446d4e85df7013528,AMD EPYC 9V74,OsaBenchmarks,Length=8,Distance_CodePoint,3.06
2026-09-17,a5f400484df38ca0ec04247446d4e85df7013528,AMD EPYC 9V74,OsaBenchmarks,Length=32,Distance_Utf16,1.0
2026-09-17,a5f400484df38ca0ec04247446d4e85df7013528,AMD EPYC 9V74,OsaBenchmarks,Length=32,Distance_CodePoint,9.3
2026-09-17,a5f400484df38ca0ec04247446d4e85df7013528,AMD EPYC 9V74,OsaBenchmarks,Length=64,Distance_Utf16,1.0
2026-09-17,a5f400484df38ca0ec04247446d4e85df7013528,AMD EPYC 9V74,OsaBenchmarks,Length=64,Distance_CodePoint,21.39
2026-09-17,a5f400484df38ca0ec04247446d4e85df7013528,AMD EPYC 9V74,OsaBenchmarks,Length=128,Distance_Utf16,1.0
2026-09-17,a5f400484df38ca0ec04247446d4e85df7013528,AMD EPYC 9V74,OsaBenchmarks,Length=128,Distance_CodePoint,0.92
2026-09-17,a5f400484df38ca0ec04247446d4e85df7013528,AMD EPYC 9V74,PartialFitBenchmarks,"RowCount=10000, BatchCount=10",WholeFit,1.0
2026-09-17,a5f400484df38ca0ec04247446d4e85df7013528,AMD EPYC 9V74,PartialFitBenchmarks,"RowCount=10000, BatchCount=10",BatchedFit,0.81
2026-09-17,a5f400484df38ca0ec04247446d4e85df7013528,AMD EPYC 9V74,PartialFitBenchmarks,"RowCount=10000, BatchCount=10",SparseFit,0.06
2026-09-17,a5f400484df38ca0ec04247446d4e85df7013528,AMD EPYC 9V74,PartialFitBenchmarks,"RowCount=10000, BatchCount=10",DenseFitOfTheSameData,0.66
2026-09-17,a5f400484df38ca0ec04247446d4e85df7013528,AMD EPYC 9V74,PartialFitBenchmarks,"RowCount=10000, BatchCount=100",WholeFit,1.0
2026-09-17,a5f400484df38ca0ec04247446d4e85df7013528,AMD EPYC 9V74,PartialFitBenchmarks,"RowCount=10000, BatchCount=100",BatchedFit,1.35
2026-09-17,a5f400484df38ca0ec04247446d4e85df7013528,AMD EPYC 9V74,PartialFitBenchmarks,"RowCount=10000, BatchCount=100",SparseFit,0.06
2026-09-17,a5f400484df38ca0ec04247446d4e85df7013528,AMD EPYC 9V74,PartialFitBenchmarks,"RowCount=10000, BatchCount=100",DenseFitOfTheSameData,0.67
2026-09-17,a5f400484df38ca0ec04247446d4e85df7013528,AMD EPYC 9V74,PartialFitBenchmarks,"RowCount=100000, BatchCount=10",WholeFit,1.0
2026-09-17,a5f400484df38ca0ec04247446d4e85df7013528,AMD EPYC 9V74,PartialFitBenchmarks,"RowCount=100000, BatchCount=10",BatchedFit,0.85
2026-09-17,a5f400484df38ca0ec04247446d4e85df7013528,AMD EPYC 9V74,PartialFitBenchmarks,"RowCount=100000, BatchCount=10",SparseFit,0.06
2026-09-17,a5f400484df38ca0ec04247446d4e85df7013528,AMD EPYC 9V74,PartialFitBenchmarks,"RowCount=100000, BatchCount=10",DenseFitOfTheSameData,0.69
2026-09-17,a5f400484df38ca0ec04247446d4e85df7013528,AMD EPYC 9V74,PartialFitBenchmarks,"RowCount=100000, BatchCount=100",WholeFit,1.0
2026-09-17,a5f400484df38ca0ec04247446d4e85df7013528,AMD EPYC 9V74,PartialFitBenchmarks,"RowCount=100000, BatchCount=100",BatchedFit,1.07
2026-09-17,a5f400484df38ca0ec04247446d4e85df7013528,AMD EPYC 9V74,PartialFitBenchmarks,"RowCount=100000, BatchCount=100",SparseFit,0.06
2026-09-17,a5f400484df38ca0ec04247446d4e85df7013528,AMD EPYC 9V74,PartialFitBenchmarks,"RowCount=100000, BatchCount=100",DenseFitOfTheSameData,0.67
2026-09-17,a5f400484df38ca0ec04247446d4e85df7013528,AMD EPYC 9V74,PrincipalComponentVarianceBenchmarks,Shape=100x200,Lodestar_ExplainedVariance,1.0
2026-09-17,a5f400484df38ca0ec04247446d4e85df7013528,AMD EPYC 9V74,PrincipalComponentVarianceBenchmarks,Shape=100x200,NumFlat_Pca,1.66
2026-09-17,a5f400484df38ca0ec04247446d4e85df7013528,AMD EPYC 9V74,PrincipalComponentVarianceBenchmarks,Shape=2000x10,Lodestar_ExplainedVariance,1.0
2026-09-17,a5f400484df38ca0ec04247446d4e85df7013528,AMD EPYC 9V74,PrincipalComponentVarianceBenchmarks,Shape=2000x10,NumFlat_Pca,1.41
2026-09-17,a5f400484df38ca0ec04247446d4e85df7013528,AMD EPYC 9V74,PrincipalComponentVarianceBenchmarks,Shape=2000x50,Lodestar_ExplainedVariance,1.0
2026-09-17,a5f400484df38ca0ec04247446d4e85df7013528,AMD EPYC 9V74,PrincipalComponentVarianceBenchmarks,Shape=2000x50,NumFlat_Pca,0.88
2026-09-17,a5f400484df38ca0ec04247446d4e85df7013528,AMD EPYC 9V74,PrincipalComponentVarianceBenchmarks,Shape=200x10,Lodestar_ExplainedVariance,1.0
2026-09-17,a5f400484df38ca0ec04247446d4e85df7013528,AMD EPYC 9V74,PrincipalComponentVarianceBenchmarks,Shape=200x10,NumFlat_Pca,1.12
2026-09-17,a5f400484df38ca0ec04247446d4e85df7013528,AMD EPYC 9V74,ProcessExtractBenchmarks,Limit=1,Extract,1.0
2026-09-17,a5f400484df38ca0ec04247446d4e85df7013528,AMD EPYC 9V74,ProcessExtractBenchmarks,Limit=1,ExtractOne,1.03
2026-09-17,a5f400484df38ca0ec04247446d4e85df7013528,AMD EPYC 9V74,ProcessExtractBenchmarks,Limit=5,Extract,1.0
2026-09-17,a5f400484df38ca0ec04247446d4e85df7013528,AMD EPYC 9V74,ProcessExtractBenchmarks,Limit=5,ExtractOne,1.02
2026-09-17,a5f400484df38ca0ec04247446d4e85df7013528,AMD EPYC 9V74,RatcliffObershelpBenchmarks,Length=64,Similarity_Containment,1.0
2026-09-17,a5f400484df38ca0ec04247446d4e85df7013528,AMD EPYC 9V74,RatcliffObershelpBenchmarks,Length=64,Similarity_NearDuplicate,12.17
2026-09-17,a5f400484df38ca0ec04247446d4e85df7013528,AMD EPYC 9V74,RatcliffObershelpBenchmarks,Length=512,Similarity_Containment,1.0
2026-09-17,a5f400484df38ca0ec04247446d4e85df7013528,AMD EPYC 9V74,RatcliffObershelpBenchmarks,Length=512,Similarity_NearDuplicate,16.09
2026-09-17,a5f400484df38ca0ec04247446d4e85df7013528,AMD EPYC 9V74,ScalerIncumbentBenchmarks,"Job=Job-EKQVZA, InvocationCount=1, IterationCount=20, RunStrategy=Throughput, UnrollFactor=1, WarmupCount=5, RowCount=1000",Lodestar_MinMax,1.02
2026-09-17,a5f400484df38ca0ec04247446d4e85df7013528,AMD EPYC 9V74,ScalerIncumbentBenchmarks,"Job=Job-EKQVZA, InvocationCount=1, IterationCount=20, RunStrategy=Throughput, UnrollFactor=1, WarmupCount=5, RowCount=1000",Lodestar_MaxAbs,1.0
2026-09-17,a5f400484df38ca0ec04247446d4e85df7013528,AMD EPYC 9V74,ScalerIncumbentBenchmarks,"Job=Job-EKQVZA, InvocationCount=1, IterationCount=20, RunStrategy=Throughput, UnrollFactor=1, WarmupCount=5, RowCount=1000",Lodestar_Robust,23.39
2026-09-17,a5f400484df38ca0ec04247446d4e85df7013528,AMD EPYC 9V74,ScalerIncumbentBenchmarks,"Job=Job-EKQVZA, InvocationCount=1, IterationCount=20, RunStrategy=Throughput, UnrollFactor=1, WarmupCount=5, RowCount=1000",Lodestar_Standard,1.43
2026-09-17,a5f400484df38ca0ec04247446d4e85df7013528,AMD EPYC 9V74,ScalerIncumbentBenchmarks,"Job=Job-EKQVZA, InvocationCount=1, IterationCount=20, RunStrategy=Throughput, UnrollFactor=1, WarmupCount=5, RowCount=1000",MlNet_NormalizeMinMax_Fit,3.72
2026-09-17,a5f400484df38ca0ec04247446d4e85df7013528,AMD EPYC 9V74,ScalerIncumbentBenchmarks,"Job=Job-EKQVZA, InvocationCount=1, IterationCount=20, RunStrategy=Throughput, UnrollFactor=1, WarmupCount=5, RowCount=1000",MlNet_NormalizeMinMax_Read,19.01
2026-09-17,a5f400484df38ca0ec04247446d4e85df7013528,AMD EPYC 9V74,ScalerIncumbentBenchmarks,"Job=Job-EKQVZA, InvocationCount=1, IterationCount=20, RunStrategy=Throughput, UnrollFactor=1, WarmupCount=5, RowCount=1000",MlNet_NormalizeRobustScaling_Read,52.93
2026-09-17,a5f400484df38ca0ec04247446d4e85df7013528,AMD EPYC 9V74,ScalerIncumbentBenchmarks,"Job=ShortRun, InvocationCount=Default, IterationCount=3, RunStrategy=Default, UnrollFactor=16, WarmupCount=3, RowCount=1000",Lodestar_MinMax,1.0
2026-09-17,a5f400484df38ca0ec04247446d4e85df7013528,AMD EPYC 9V74,ScalerIncumbentBenchmarks,"Job=ShortRun, InvocationCount=Default, IterationCount=3, RunStrategy=Default, UnrollFactor=16, WarmupCount=3, RowCount=1000",Lodestar_MaxAbs,1.01
2026-09-17,a5f400484df38ca0ec04247446d4e85df7013528,AMD EPYC 9V74,ScalerIncumbentBenchmarks,"Job=ShortRun, InvocationCount=Default, IterationCount=3, RunStrategy=Default, UnrollFactor=16, WarmupCount=3, RowCount=1000",Lodestar_Robust,7.24
2026-09-17,a5f400484df38ca0ec04247446d4e85df7013528,AMD EPYC 9V74,ScalerIncumbentBenchmarks,"Job=ShortRun, InvocationCount=Default, IterationCount=3, RunStrategy=Default, UnrollFactor=16, WarmupCount=3, RowCount=1000",Lodestar_Standard,1.17
2026-09-17,a5f400484df38ca0ec04247446d4e85df7013528,AMD EPYC 9V74,ScalerIncumbentBenchmarks,"Job=ShortRun, InvocationCount=Default, IterationCount=3, RunStrategy=Default, UnrollFactor=16, WarmupCount=3, RowCount=1000",MlNet_NormalizeMinMax_Fit,34.87
2026-09-17,a5f400484df38ca0ec04247446d4e85df7013528,AMD EPYC 9V74,ScalerIncumbentBenchmarks,"Job=ShortRun, InvocationCount=Default, IterationCount=3, RunStrategy=Default, UnrollFactor=16, WarmupCount=3, RowCount=1000",MlNet_NormalizeMinMax_Read,23.84
2026-09-17,a5f400484df38ca0ec04247446d4e85df7013528,AMD EPYC 9V74,ScalerIncumbentBenchmarks,"Job=ShortRun, InvocationCount=Default, IterationCount=3, RunStrategy=Default, UnrollFactor=16, WarmupCount=3, RowCount=1000",MlNet_NormalizeRobustScaling_Read,38.35
2026-09-17,a5f400484df38ca0ec04247446d4e85df7013528,AMD EPYC 9V74,ScalerIncumbentBenchmarks,"Job=Job-EKQVZA, InvocationCount=1, IterationCount=20, RunStrategy=Throughput, UnrollFactor=1, WarmupCount=5, RowCount=20000",Lodestar_MinMax,1.0
2026-09-17,a5f400484df38ca0ec04247446d4e85df7013528,AMD EPYC 9V74,ScalerIncumbentBenchmarks,"Job=Job-EKQVZA, InvocationCount=1, IterationCount=20, RunStrategy=Throughput, UnrollFactor=1, WarmupCount=5, RowCount=20000",Lodestar_MaxAbs,0.99
2026-09-17,a5f400484df38ca0ec04247446d4e85df7013528,AMD EPYC 9V74,ScalerIncumbentBenchmarks,"Job=Job-EKQVZA, InvocationCount=1, IterationCount=20, RunStrategy=Throughput, UnrollFactor=1, WarmupCount=5, RowCount=20000",Lodestar_Robust,12.6
2026-09-17,a5f400484df38ca0ec04247446d4e85df7013528,AMD EPYC 9V74,ScalerIncumbentBenchmarks,"Job=Job-EKQVZA, InvocationCount=1, IterationCount=20, RunStrategy=Throughput, UnrollFactor=1, WarmupCount=5, RowCount=20000",Lodestar_Standard,1.2
2026-09-17,a5f400484df38ca0ec04247446d4e85df7013528,AMD EPYC 9V74,ScalerIncumbentBenchmarks,"Job=Job-EKQVZA, InvocationCount=1, IterationCount=20, RunStrategy=Throughput, UnrollFactor=1, WarmupCount=5, RowCount=20000",MlNet_NormalizeMinMax_Fit,4.46
2026-09-17,a5f400484df38ca0ec04247446d4e85df7013528,AMD EPYC 9V74,ScalerIncumbentBenchmarks,"Job=Job-EKQVZA, InvocationCount=1, IterationCount=20, RunStrategy=Throughput, UnrollFactor=1, WarmupCount=5, RowCount=20000",MlNet_NormalizeMinMax_Read,15.68
2026-09-17,a5f400484df38ca0ec04247446d4e85df7013528,AMD EPYC 9V74,ScalerIncumbentBenchmarks,"Job=Job-EKQVZA, InvocationCount=1, IterationCount=20, RunStrategy=Throughput, UnrollFactor=1, WarmupCount=5, RowCount=20000",MlNet_NormalizeRobustScaling_Read,16.27
2026-09-17,a5f400484df38ca0ec04247446d4e85df7013528,AMD EPYC 9V74,ScalerIncumbentBenchmarks,"Job=ShortRun, InvocationCount=Default, IterationCount=3, RunStrategy=Default, UnrollFactor=16, WarmupCount=3, RowCount=20000",Lodestar_MinMax,1.0
2026-09-17,a5f400484df38ca0ec04247446d4e85df7013528,AMD EPYC 9V74,ScalerIncumbentBenchmarks,"Job=ShortRun, InvocationCount=Default, IterationCount=3, RunStrategy=Default, UnrollFactor=16, WarmupCount=3, RowCount=20000",Lodestar_MaxAbs,0.96
2026-09-17,a5f400484df38ca0ec04247446d4e85df7013528,AMD EPYC 9V74,ScalerIncumbentBenchmarks,"Job=ShortRun, InvocationCount=Default, IterationCount=3, RunStrategy=Default, UnrollFactor=16, WarmupCount=3, RowCount=20000",Lodestar_Robust,13.36
2026-09-17,a5f400484df38ca0ec04247446d4e85df7013528,AMD EPYC 9V74,ScalerIncumbentBenchmarks,"Job=ShortRun, InvocationCount=Default, IterationCount=3, RunStrategy=Default, UnrollFactor=16, WarmupCount=3, RowCount=20000",Lodestar_Standard,1.15
2026-09-17,a5f400484df38ca0ec04247446d4e85df7013528,AMD EPYC 9V74,ScalerIncumbentBenchmarks,"Job=ShortRun, InvocationCount=Default, IterationCount=3, RunStrategy=Default, UnrollFactor=16, WarmupCount=3, RowCount=20000",MlNet_NormalizeMinMax_Fit,1.34
2026-09-17,a5f400484df38ca0ec04247446d4e85df7013528,AMD EPYC 9V74,ScalerIncumbentBenchmarks,"Job=ShortRun, InvocationCount=Default, IterationCount=3, RunStrategy=Default, UnrollFactor=16, WarmupCount=3, RowCount=20000",MlNet_NormalizeMinMax_Read,3.66
2026-09-17,a5f400484df38ca0ec04247446d4e85df7013528,AMD EPYC 9V74,ScalerIncumbentBenchmarks,"Job=ShortRun, InvocationCount=Default, IterationCount=3, RunStrategy=Default, UnrollFactor=16, WarmupCount=3, RowCount=20000",MlNet_NormalizeRobustScaling_Read,17.6
2026-09-17,a5f400484df38ca0ec04247446d4e85df7013528,AMD EPYC 9V74,SimilaritySketchBenchmarks,"Documents=500, Permutations=64",ExactPairwise,1.0
2026-09-17,a5f400484df38ca0ec04247446d4e85df7013528,AMD EPYC 9V74,SimilaritySketchBenchmarks,"Documents=500, Permutations=64",SketchThenVerify,0.23
2026-09-17,a5f400484df38ca0ec04247446d4e85df7013528,AMD EPYC 9V74,SimilaritySketchBenchmarks,"Documents=500, Permutations=64",SignaturesOnly,0.16
2026-09-17,a5f400484df38ca0ec04247446d4e85df7013528,AMD EPYC 9V74,SimilaritySketchBenchmarks,"Documents=500, Permutations=64",AffineSignaturesOnly,0.12
2026-09-17,a5f400484df38ca0ec04247446d4e85df7013528,AMD EPYC 9V74,SimilaritySketchBenchmarks,"Documents=500, Permutations=64",FingerprintsOnly,0.19
2026-09-17,a5f400484df38ca0ec04247446d4e85df7013528,AMD EPYC 9V74,SimilaritySketchBenchmarks,"Documents=500, Permutations=128",ExactPairwise,1.0
2026-09-17,a5f400484df38ca0ec04247446d4e85df7013528,AMD EPYC 9V74,SimilaritySketchBenchmarks,"Documents=500, Permutations=128",SketchThenVerify,0.26
2026-09-17,a5f400484df38ca0ec04247446d4e85df7013528,AMD EPYC 9V74,SimilaritySketchBenchmarks,"Documents=500, Permutations=128",SignaturesOnly,0.19
2026-09-17,a5f400484df38ca0ec04247446d4e85df7013528,AMD EPYC 9V74,SimilaritySketchBenchmarks,"Documents=500, Permutations=128",AffineSignaturesOnly,0.12
2026-09-17,a5f400484df38ca0ec04247446d4e85df7013528,AMD EPYC 9V74,SimilaritySketchBenchmarks,"Documents=500, Permutations=128",FingerprintsOnly,0.21
2026-09-17,a5f400484df38ca0ec04247446d4e85df7013528,AMD EPYC 9V74,SimilaritySketchBenchmarks,"Documents=2000, Permutations=64",ExactPairwise,1.0
2026-09-17,a5f400484df38ca0ec04247446d4e85df7013528,AMD EPYC 9V74,SimilaritySketchBenchmarks,"Documents=2000, Permutations=64",SketchThenVerify,0.06
2026-09-17,a5f400484df38ca0ec04247446d4e85df7013528,AMD EPYC 9V74,SimilaritySketchBenchmarks,"Documents=2000, Permutations=64",SignaturesOnly,0.04
2026-09-17,a5f400484df38ca0ec04247446d4e85df7013528,AMD EPYC 9V74,SimilaritySketchBenchmarks,"Documents=2000, Permutations=64",AffineSignaturesOnly,0.03
2026-09-17,a5f400484df38ca0ec04247446d4e85df7013528,AMD EPYC 9V74,SimilaritySketchBenchmarks,"Documents=2000, Permutations=64",FingerprintsOnly,0.04
2026-09-17,a5f400484df38ca0ec04247446d4e85df7013528,AMD EPYC 9V74,SimilaritySketchBenchmarks,"Documents=2000, Permutations=128",ExactPairwise,1.0
2026-09-17,a5f400484df38ca0ec04247446d4e85df7013528,AMD EPYC 9V74,SimilaritySketchBenchmarks,"Documents=2000, Permutations=128",SketchThenVerify,0.07
2026-09-17,a5f400484df38ca0ec04247446d4e85df7013528,AMD EPYC 9V74,SimilaritySketchBenchmarks,"Documents=2000, Permutations=128",SignaturesOnly,0.04
2026-09-17,a5f400484df38ca0ec04247446d4e85df7013528,AMD EPYC 9V74,SimilaritySketchBenchmarks,"Documents=2000, Permutations=128",AffineSignaturesOnly,0.03
2026-09-17,a5f400484df38ca0ec04247446d4e85df7013528,AMD EPYC 9V74,SimilaritySketchBenchmarks,"Documents=2000, Permutations=128",FingerprintsOnly,0.04
2026-09-17,a5f400484df38ca0ec04247446d4e85df7013528,AMD EPYC 9V74,SplitterIncumbentBenchmarks,SampleCount=10000,Lodestar_KFold,1.0
2026-09-17,a5f400484df38ca0ec04247446d4e85df7013528,AMD EPYC 9V74,SplitterIncumbentBenchmarks,SampleCount=10000,Lodestar_StratifiedKFold,1.79
2026-09-17,a5f400484df38ca0ec04247446d4e85df7013528,AMD EPYC 9V74,SplitterIncumbentBenchmarks,SampleCount=10000,Lodestar_TrainTest,0.06
2026-09-17,a5f400484df38ca0ec04247446d4e85df7013528,AMD EPYC 9V74,SplitterIncumbentBenchmarks,SampleCount=10000,MlNet_CrossValidationSplit,2.92
2026-09-17,a5f400484df38ca0ec04247446d4e85df7013528,AMD EPYC 9V74,SplitterIncumbentBenchmarks,SampleCount=10000,MlNet_CrossValidationSplit_Read,63.33
2026-09-17,a5f400484df38ca0ec04247446d4e85df7013528,AMD EPYC 9V74,SplitterIncumbentBenchmarks,SampleCount=10000,MlNet_TrainTestSplit,0.54
2026-09-17,a5f400484df38ca0ec04247446d4e85df7013528,AMD EPYC 9V74,SplitterIncumbentBenchmarks,SampleCount=10000,MlNet_TrainTestSplit_Read,11.42
2026-09-17,a5f400484df38ca0ec04247446d4e85df7013528,AMD EPYC 9V74,SplitterIncumbentBenchmarks,SampleCount=100000,Lodestar_KFold,1.0
2026-09-17,a5f400484df38ca0ec04247446d4e85df7013528,AMD EPYC 9V74,SplitterIncumbentBenchmarks,SampleCount=100000,Lodestar_StratifiedKFold,1.84
2026-09-17,a5f400484df38ca0ec04247446d4e85df7013528,AMD EPYC 9V74,SplitterIncumbentBenchmarks,SampleCount=100000,Lodestar_TrainTest,0.07
2026-09-17,a5f400484df38ca0ec04247446d4e85df7013528,AMD EPYC 9V74,SplitterIncumbentBenchmarks,SampleCount=100000,MlNet_CrossValidationSplit,0.22
2026-09-17,a5f400484df38ca0ec04247446d4e85df7013528,AMD EPYC 9V74,SplitterIncumbentBenchmarks,SampleCount=100000,MlNet_CrossValidationSplit_Read,38.24
2026-09-17,a5f400484df38ca0ec04247446d4e85df7013528,AMD EPYC 9V74,SplitterIncumbentBenchmarks,SampleCount=100000,MlNet_TrainTestSplit,0.04
2026-09-17,a5f400484df38ca0ec04247446d4e85df7013528,AMD EPYC 9V74,SplitterIncumbentBenchmarks,SampleCount=100000,MlNet_TrainTestSplit_Read,6.75
2026-09-17,a5f400484df38ca0ec04247446d4e85df7013528,AMD EPYC 9V74,StopWordBenchmarks,Documents=200,Count,1.0
2026-09-17,a5f400484df38ca0ec04247446d4e85df7013528,AMD EPYC 9V74,StopWordBenchmarks,Documents=200,CountWithStopWords,0.87
2026-09-17,a5f400484df38ca0ec04247446d4e85df7013528,AMD EPYC 9V74,StopWordBenchmarks,Documents=200,Hashing,1.01
2026-09-17,a5f400484df38ca0ec04247446d4e85df7013528,AMD EPYC 9V74,StopWordBenchmarks,Documents=200,HashingWithStopWords,0.91
2026-09-17,a5f400484df38ca0ec04247446d4e85df7013528,AMD EPYC 9V74,StopWordBenchmarks,Documents=1000,Count,1.0
2026-09-17,a5f400484df38ca0ec04247446d4e85df7013528,AMD EPYC 9V74,StopWordBenchmarks,Documents=1000,CountWithStopWords,0.86
2026-09-17,a5f400484df38ca0ec04247446d4e85df7013528,AMD EPYC 9V74,StopWordBenchmarks,Documents=1000,Hashing,1.03
2026-09-17,a5f400484df38ca0ec04247446d4e85df7013528,AMD EPYC 9V74,StopWordBenchmarks,Documents=1000,HashingWithStopWords,0.94
2026-09-17,a5f400484df38ca0ec04247446d4e85df7013528,AMD EPYC 9V74,TokenizerIncumbentBenchmarks,Model=WordPiece,Lodestar,1.0
2026-09-17,a5f400484df38ca0ec04247446d4e85df7013528,AMD EPYC 9V74,TokenizerIncumbentBenchmarks,Model=WordPiece,MlTokenizers,1.56
2026-09-17,a5f400484df38ca0ec04247446d4e85df7013528,AMD EPYC 9V74,TokenizerIncumbentBenchmarks,Model=SentencePiece,Lodestar,1.0
2026-09-17,a5f400484df38ca0ec04247446d4e85df7013528,AMD EPYC 9V74,TokenizerIncumbentBenchmarks,Model=SentencePiece,MlTokenizers,1.24
2026-09-17,a5f400484df38ca0ec04247446d4e85df7013528,AMD EPYC 9V74,TokenizerIncumbentBenchmarks,Model=ByteLevelBpe,Lodestar,1.0
2026-09-17,a5f400484df38ca0ec04247446d4e85df7013528,AMD EPYC 9V74,TokenizerIncumbentBenchmarks,Model=ByteLevelBpe,MlTokenizers,3.04
2026-09-17,a5f400484df38ca0ec04247446d4e85df7013528,AMD EPYC 9V74,VectorMathBenchmarks,Dim=384,Dot,1.0
2026-09-17,a5f400484df38ca0ec04247446d4e85df7013528,AMD EPYC 9V74,VectorMathBenchmarks,Dim=384,L2Norm,0.94
2026-09-17,a5f400484df38ca0ec04247446d4e85df7013528,AMD EPYC 9V74,VectorMathBenchmarks,Dim=768,Dot,1.0
2026-09-17,a5f400484df38ca0ec04247446d4e85df7013528,AMD EPYC 9V74,VectorMathBenchmarks,Dim=768,L2Norm,0.92
2026-09-17,a5f400484df38ca0ec04247446d4e85df7013528,AMD EPYC 9V74,VectorMathBenchmarks,Dim=1024,Dot,1.0
2026-09-17,a5f400484df38ca0ec04247446d4e85df7013528,AMD EPYC 9V74,VectorMathBenchmarks,Dim=1024,L2Norm,0.95
2026-09-17,a5f400484df38ca0ec04247446d4e85df7013528,AMD EPYC 9V74,VectorizerBenchmarks,Documents=200,Count,1.0
2026-09-17,a5f400484df38ca0ec04247446d4e85df7013528,AMD EPYC 9V74,VectorizerBenchmarks,Documents=200,Tfidf,1.01
2026-09-17,a5f400484df38ca0ec04247446d4e85df7013528,AMD EPYC 9V74,VectorizerBenchmarks,Documents=200,CountBigrams,1.19
2026-09-17,a5f400484df38ca0ec04247446d4e85df7013528,AMD EPYC 9V74,VectorizerBenchmarks,Documents=200,CountCharWordBoundary,0.9
2026-09-17,a5f400484df38ca0ec04247446d4e85df7013528,AMD EPYC 9V74,VectorizerBenchmarks,Documents=200,Hashing,1.0
2026-09-17,a5f400484df38ca0ec04247446d4e85df7013528,AMD EPYC 9V74,VectorizerBenchmarks,Documents=1000,Count,1.0
2026-09-17,a5f400484df38ca0ec04247446d4e85df7013528,AMD EPYC 9V74,VectorizerBenchmarks,Documents=1000,Tfidf,1.03
2026-09-17,a5f400484df38ca0ec04247446d4e85df7013528,AMD EPYC 9V74,VectorizerBenchmarks,Documents=1000,CountBigrams,1.46
2026-09-17,a5f400484df38ca0ec04247446d4e85df7013528,AMD EPYC 9V74,VectorizerBenchmarks,Documents=1000,CountCharWordBoundary,3.06
2026-09-17,a5f400484df38ca0ec04247446d4e85df7013528,AMD EPYC 9V74,VectorizerBenchmarks,Documents=1000,Hashing,1.0
2026-09-17,a5f400484df38ca0ec04247446d4e85df7013528,AMD EPYC 9V74,VectorizerIncumbentBenchmarks,Documents=200,Lodestar,1.0
2026-09-17,a5f400484df38ca0ec04247446d4e85df7013528,AMD EPYC 9V74,VectorizerIncumbentBenchmarks,Documents=200,MlNet,9.58
2026-09-17,a5f400484df38ca0ec04247446d4e85df7013528,AMD EPYC 9V74,VectorizerIncumbentBenchmarks,Documents=1000,Lodestar,1.0
2026-09-17,a5f400484df38ca0ec04247446d4e85df7013528,AMD EPYC 9V74,VectorizerIncumbentBenchmarks,Documents=1000,MlNet,19.84
